locality,region,query_used,score,latitude,longitude,resolved_name,admin1,admin2,country,geocode_status
"1-го отделения совхоза ""Масловский"" п",Воронежская обл,,,,,,,,,not_found
1-я Моква д,Курская обл,,,,,,,,,not_found
Абадзехская ст-ца,Адыгея Респ,,,,,,,,,not_found
Абаза г,Хакасия Респ,абаза,14.980339093599785,52.65303,90.09454,Абаза,Хакасия,,Россия,ok
Абакан г,Хакасия Респ,абакан,15.212360909330894,53.7154,91.42593,Абакан,Хакасия,,Россия,ok
Абатское с,Тюменская обл,абатское,8.901140150935879,56.28765,70.45378,Абатское,Тюмень,,Россия,ok
Абдрахманово с,Татарстан Респ,абдрахманово,14.0,54.77546,52.4907,Абдрахманово,Татарстан,,Россия,ok
Абдулино г,Оренбургская обл,абдулино,14.996156776361266,53.68581,53.65547,Абдулино,Оренбургская Область,,Россия,ok
Абинск г,Краснодарский край,абинск,15.045360119488263,44.87058,38.15759,Абинск,Краснодарский край,,Россия,ok
Аввакумово д,Тверская обл,аввакумово,14.0,56.8804,36.0069,Аввакумово,Тверская Область,,Россия,ok
Августовка с,Самарская обл,августовка,14.0,52.2504,50.7367,Августовка,Самарская Область,,Россия,ok
Авдотьино д,Московская обл,авдотьино,14.461512051684126,55.24742,38.18667,Авдотьино,Московская область,,Россия,ok
Авсюнино п,Московская обл,авсюнино,14.854655780004617,55.56516,39.12324,Авсюнино,Московская область,,Россия,ok
Агалатово д,Ленинградская обл,агалатово,14.852297643617195,60.2195,30.27388,Агалатово,Ленинградская область,,Россия,ok
Агаповка с,Челябинская обл,агаповка,14.87582552432328,53.29712,59.13401,Агаповка,Челябинская,,Россия,ok
Агидель г,Башкортостан Респ,агидель,14.98636026188372,55.90867,53.93437,Агидель,Башкортостан,,Россия,ok
Агинское с,Красноярский край,агинское,14.871243097347676,55.25931,94.91237,Агинское,Красноярский Край,,Россия,ok
Агиртамак с,Башкортостан Респ,агиртамак,14.0,54.62614,53.76725,Агиртамак,Башкортостан,,Россия,ok
Агой с,Краснодарский край,агой,14.749609734517596,44.1466,39.0373,Агой,Краснодарский край,,Россия,ok
Агроном п,Краснодарский край,агроном,14.82482674474469,45.14021,39.19484,Агроном,Краснодарский край,,Россия,ok
Агрыз г,Татарстан Респ,агрыз,14.98310243808024,56.5234,52.99431,Агрыз,Татарстан,,Россия,ok
Адамовка п,Оренбургская обл,адамовка,14.898657162526806,51.51992,59.93738,Адамовка,Оренбургская Область,,Россия,ok
Адуево д,Московская обл,адуево,14.0,55.96417,36.97556,Адуево,Московская область,,Россия,ok
Адыгейск г,Адыгея Респ,адыгейск,14.940992866366884,44.88524,39.19059,Адыгейск,Адыгея,Городской округ Адыгейск,Россия,ok
Азнакаево г,Татарстан Респ,азнакаево,15.045596362755733,54.85821,53.08006,Азнакаево,Татарстан,Азнакаевский Район,Россия,ok
Азов г,Ростовская обл,азов,15.131610733882356,47.1069,39.41486,Азов,Ростовская Область,,Россия,ok
Азово с,Омская обл,азово,14.857772369115628,54.70462,73.02377,Азово,Омская Область,,Россия,ok
Азовская ст-ца,Краснодарский край,,,,,,,,,not_found
Айкино с,Коми Респ,айкино,14.81193985896123,62.22457,49.99392,Айкино,Коми,,Россия,ok
Айша с,Татарстан Респ,айша,14.803495502450216,55.87035,48.63187,Айша,Татарстан,,Россия,ok
Акатьево с,Московская обл,акатьево,14.0,56.30719,36.842,Акатьево,Московская область,,Россия,ok
Акбашева д,Челябинская обл,акбашева,14.0,55.2999,60.9094,Акбашева,Челябинская,,Россия,ok
Акбердино с,Башкортостан Респ,акбердино,14.0,54.5931,56.1841,Акбердино,Башкортостан,,Россия,ok
Акбулак п,Оренбургская обл,акбулак,14.0,51.00132,55.61967,Акбулак,Оренбургская Область,,Россия,ok
Аксай г,Ростовская обл,аксай,15.056802947608574,47.26331,39.869,Аксай,Ростовская Область,,Россия,ok
Аксубаево пгт,Татарстан Респ,аксубаево,14.911371933337175,54.84716,50.79631,Аксубаево,Татарстан,Аксубаевский Район,Россия,ok
Актаныш с,Татарстан Респ,актаныш,14.900748952392972,55.71714,54.07116,Актаныш,Татарстан,Актанышский Район,Россия,ok
Актюбинский пгт,Татарстан Респ,актюбинский,14.92068342326469,54.81372,52.80559,Актюбинский,Татарстан,Азнакаевский Район,Россия,ok
Акъяр с,Башкортостан Респ,акъяр,14.862155320674049,51.85905,58.22136,Акъяр,Башкортостан,,Россия,ok
Алабино д,Московская обл,алабино,14.64183649359362,55.52679,37.01028,Алабино,Московская область,,Россия,ok
Алакуртти с,Мурманская обл,алакуртти,14.874735207762436,66.9672,30.34905,Алакуртти,Мурманская Область,,Россия,ok
Алапаевск г,Свердловская обл,алапаевск,15.069196763991489,57.84998,61.69414,Алапаевск,Свердловская Область,,Россия,ok
Алатырь г,Чувашская Республика - Чувашия,алатырь,9.064915602318818,54.8421,46.5813,Алатырь,Чувашия,,Россия,ok
Алгасово с,Тамбовская обл,алгасово,14.0,53.67872,41.65682,Алгасово,Тамбовская Область,,Россия,ok
Алейск г,Алтайский край,алейск,15.0240673819891,52.49631,82.77466,Алейск,Алтайский Край,,Россия,ok
Алеканово с,Рязанская обл,алеканово,14.0,54.6244,39.9717,Алеканово,Рязанская Область,,Россия,ok
Александрийская ст-ца,Ставропольский край,,,,,,,,,not_found
Александро-Невский рп,Рязанская обл,,,,,,,,,not_found
Александров Гай с,Саратовская обл,александров гай,14.920230820027893,50.14197,48.56904,Александров Гай,Саратовская Область,,Россия,ok
Александров г,Владимирская обл,александров,15.106802802131837,56.39733,38.71404,Александров,Владимирская область,,Россия,ok
Александровка с,Оренбургская обл,александровка,14.0,52.68291,54.41339,Александровка,Оренбургская Область,,Россия,ok
Александровка с,Ростовская обл,александровка,8.0,52.68291,54.41339,Александровка,Оренбургская Область,,Россия,ok
Александровск г,Пермский край,александровск,14.964775624131615,59.15838,57.5705,Александровск,Пермский край,,Россия,ok
Александровское с,Ставропольский край,александровское,9.024020975791254,44.71417,43.00083,Александровское,Ставрополье,,Россия,ok
Алексеевка г,Белгородская обл,алексеевка,9.126447692610236,55.63,37.8,Алексеевка,Московская область,,Россия,ok
Алексеевка д,Башкортостан Респ,алексеевка,14.828576542051431,54.85,55.23333,Алексеевка,Башкортостан,,Россия,ok
Алексеевка с,Самарская обл,алексеевка,14.928154413098252,53.24842,50.49116,Алексеевка,Самарская Область,,Россия,ok
Алексеевка с,Саратовская обл,алексеевка,14.766293785046154,52.30583,48.02611,Алексеевка,Саратовская Область,,Россия,ok
Алексеево д,Московская обл,алексеево,14.0,56.2312,38.2853,Алексеево,Московская область,,Россия,ok
Алексеево-Лозовское с,Ростовская обл,,,,,,,,,not_found
Алексеевская ст-ца,Волгоградская обл,,,,,,,,,not_found
Алексеевское пгт,Татарстан Респ,алексеевское,14.91838937219612,55.30708,50.11888,Алексеевское,Татарстан,Алексеевский Район,Россия,ok
Алексин г,Тульская обл,алексин,15.111074495665328,54.50484,37.06697,Алексин,Тульская Область,,Россия,ok
Алехново д,Московская обл,алехново,14.0,56.03333,36.81667,Алехново,Московская область,,Россия,ok
Алеховщина с,Ленинградская обл,алеховщина,14.0,60.40529,33.85819,Алеховщина,Ленинградская область,,Россия,ok
Алешино с,Рязанская обл,алешино,14.0,55.00542,41.39458,Алёшино,Рязанская Область,,Россия,ok
Аликово с,Чувашская Республика - Чувашия,аликово,8.796797317966293,55.73827,46.75493,Аликово,Чувашия,,Россия,ok
Алнаши с,Удмуртская Респ,алнаши,8.873327184500832,56.18738,52.47919,Алнаши,Удмуртия,,Россия,ok
Алтайское с,Алтайский край,алтайское,14.0,52.7869,78.7547,Алтайское,Алтайский Край,,Россия,ok
Алферово д,Московская обл,алферово,14.0,55.20062,37.22742,Алферово,Московская область,,Россия,ok
Алькино с,Самарская обл,алькино,14.0,53.7312,52.2469,Алькино,Самарская Область,,Россия,ok
Альметьевск г,Татарстан Респ,альметьевск,15.185252138922396,54.90395,52.31793,Альметьевск,Татарстан,,Россия,ok
Анапа г,Краснодарский край,анапа,15.088932300360128,44.89497,37.31623,Анапа,Краснодарский край,,Россия,ok
Анапская ст-ца,Краснодарский край,,,,,,,,,not_found
Анастасиевская ст-ца,Краснодарский край,,,,,,,,,not_found
Ангарск г,Иркутская обл,ангарск,15.24014708293357,52.55968,103.91413,Ангарск,Иркутская Область,,Россия,ok
Андреаполь г,Тверская обл,андреаполь,14.912804512924936,56.65087,32.264,Андреаполь,Тверская Область,,Россия,ok
Андреево п,Владимирская обл,андреево,14.855737498104906,55.9465,41.1505,Андреево,Владимирская область,,Россия,ok
Андреевское д,Московская обл,андреевское,14.990353755128616,55.55487,37.92566,Андреевское,Московская область,,Россия,ok
Андрейково с,Смоленская обл,андрейково,8.0,59.07089,40.2487,Андрейково,Вологодская Область,,Россия,ok
Анжеро-Судженск г,Кемеровская область - Кузбасс обл,,,,,,,,,not_found
Анкудиновка д,Нижегородская обл,анкудиновка,14.0,56.24398,44.04586,Анкудиновка,Нижегородская Область,,Россия,ok
Анна пгт,Воронежская обл,анна,14.986000577392415,51.49007,40.42236,Анна,Воронежская Область,,Россия,ok
Аннино п,Ленинградская обл,аннино,14.81065145162552,59.77056,30.05611,Аннино,Ленинградская область,,Россия,ok
Аннолово д,Ленинградская обл,аннолово,14.0,59.63389,30.54,Аннолово,Ленинградская область,,Россия,ok
Анопино п,Владимирская обл,анопино,14.75873105060226,55.69809,40.66707,Анопино,Владимирская область,,Россия,ok
Анциферово д,Московская обл,анциферово,14.58636311755981,55.55611,38.81448,Анциферово,Московская область,,Россия,ok
Апастово пгт,Татарстан Респ,апастово,14.842858053305964,55.20123,48.51127,Апастово,Татарстан,Apastovsky District,Россия,ok
Апатиты г,Мурманская обл,апатиты,15.10216900276358,67.58267,33.41339,Апатиты,Мурманская Область,,Россия,ok
Апрелевка г,Московская обл,апрелевка,14.978588575045595,55.55194,37.0801,Апрелевка,Московская область,Наро-Фоминский Район,Россия,ok
Апшеронск г,Краснодарский край,апшеронск,15.060787136502206,44.4599,39.73005,Апшеронск,Краснодарский край,,Россия,ok
Арамашево с,Свердловская обл,арамашево,14.657088296233958,57.6079,61.72941,Арамашево,Свердловская Область,,Россия,ok
Арамиль г,Свердловская обл,арамиль,14.963154758703295,56.6977,60.8369,Арамиль,Свердловская Область,,Россия,ok
Аргаяш с,Челябинская обл,аргаяш,14.921999362900433,55.48847,60.87364,Аргаяш,Челябинская,,Россия,ok
Ардатов г,Мордовия Респ,ардатов,14.905777177333157,54.84474,46.24399,Ардатов,Мордовия,Ардатовский Район,Россия,ok
Ардатов рп,Нижегородская обл,ардатов,14.907234187381889,55.23923,43.09557,Ардатов,Нижегородская Область,Ардатовский Район,Россия,ok
Ардон г,Северная Осетия - Алания Респ,ардон,8.981542107366767,43.17888,44.29464,Ардон,Северная Осетия,,Россия,ok
Арефино с,Ярославская обл,арефино,14.0,58.23608,39.24204,Арефино,Ярославская Область,,Россия,ok
Арзамас г,Нижегородская обл,арзамас,15.160349716315462,55.39563,43.8381,Арзамас,Нижегородская Область,,Россия,ok
Арзгир с,Ставропольский край,арзгир,8.967023053206242,45.37411,44.2198,Арзгир,Ставрополье,,Россия,ok
Аркадак г,Саратовская обл,аркадак,14.957449725626269,51.93752,43.50404,Аркадак,Саратовская Область,,Россия,ok
Армавир г,Краснодарский край,армавир,15.220381509918896,44.99849,41.11472,Армавир,Краснодарский край,,Россия,ok
Арнеево д,Московская обл,арнеево,14.0,54.96939,37.57386,Арнеево,Московская область,,Россия,ok
Арсеньево рп,Тульская обл,арсеньево,14.850025047068591,53.73794,36.66749,Арсеньево,Тульская Область,,Россия,ok
Арск г,Татарстан Респ,арск,14.975521953586703,56.09254,49.87819,Арск,Татарстан,Арский Район,Россия,ok
Артемовский г,Свердловская обл,артемовский,15.04252827894907,57.35422,61.87121,Артёмовский,Свердловская Область,,Россия,ok
Арти пгт,Свердловская обл,арти,14.951524822509302,56.41962,58.53911,Арти,Свердловская Область,,Россия,ok
Арти рп,Свердловская обл,арти,14.951524822509302,56.41962,58.53911,Арти,Свердловская Область,,Россия,ok
Архангельск г,Архангельская обл,архангельск,15.276495387803152,64.5461,40.55183,Архангельск,Архангельская Область,Приморский Район,Россия,ok
Архангельская ст-ца,Краснодарский край,,,,,,,,,not_found
Архангельское с,Башкортостан Респ,архангельское,14.0,54.40575,56.78064,Архангельское,Башкортостан,,Россия,ok
Архангельское с,Нижегородская обл,архангельское,8.818896686364887,55.85486,35.32873,Архангельское,Московская область,,Россия,ok
Архангельское с,Тульская обл,архангельское,14.0,53.25977,37.6963,Архангельское,Тульская Область,,Россия,ok
Арья рп,Нижегородская обл,арья,14.846821300919451,57.49146,45.96691,Арья,Нижегородская Область,,Россия,ok
Асбест г,Свердловская обл,асбест,15.121968128597652,57.00816,61.46344,Асбест,Свердловская Область,,Россия,ok
Асекеево с,Оренбургская обл,асекеево,14.856940606286315,53.57806,52.82172,Асекеево,Оренбургская Область,,Россия,ok
Асино г,Томская обл,асино,15.020621832318945,56.99918,86.15518,Асино,Томская Область,,Россия,ok
Аскарово с,Башкортостан Респ,аскарово,14.912793654572138,53.33332,58.51708,Аскарово,Башкортостан,,Россия,ok
Аскиз рп,Хакасия Респ,аскиз,14.884347078162738,53.13129,90.52821,Аскиз,Хакасия,,Россия,ok
Аскино с,Башкортостан Респ,аскино,14.883448260862068,56.08781,56.57818,Аскино,Башкортостан,,Россия,ok
Астрахань г,Астраханская обл,астрахань,15.318801253156066,46.34968,48.04076,Астрахань,Астраханская Область,Астрахань,Россия,ok
Атаманская ст-ца,Краснодарский край,,,,,,,,,not_found
Атемар с,Мордовия Респ,атемар,14.83072126266283,54.18097,45.40909,Атемар,Мордовия,,Россия,ok
Атепцево с,Московская обл,атепцево,14.813885675069631,55.32364,36.75002,Атепцево,Московская область,,Россия,ok
Атиг рп,Свердловская обл,атиг,14.825400859056485,56.69307,59.42271,Атиг,Свердловская Область,,Россия,ok
Аткарск г,Саратовская обл,аткарск,15.022393928631734,51.88056,45.00609,Аткарск,Саратовская Область,,Россия,ok
Атюрьево с,Мордовия Респ,атюрьево,14.0,54.32056,43.33688,Атюрьево,Мордовия,,Россия,ok
Атяшево рп,Мордовия Респ,атяшево,14.86887907848472,54.56443,46.06905,Атяшево,Мордовия,,Россия,ok
Афанасьево с,Липецкая обл,афанасьево,8.700397413672269,54.63958,100.61755,Афанасьево,Иркутская Область,,Россия,ok
Афипский пгт,Краснодарский край,афипский,14.980972617272164,44.90005,38.84265,Афипский,Краснодарский край,,Россия,ok
Афонино д,Нижегородская обл,афонино,14.80655794272821,56.26201,44.09503,Афонино,Нижегородская Область,Кстовский Район,Россия,ok
Ахтанизовская ст-ца,Краснодарский край,,,,,,,,,not_found
Ахтарский п,Краснодарский край,ахтарский,14.0,46.00837,38.34729,Ахтарский,Краснодарский край,,Россия,ok
Ахтубинск г,Астраханская обл,ахтубинск,15.070441232526951,48.28339,46.16519,Ахтубинск,Астраханская Область,Ахтубинский Район,Россия,ok
Ахтырский пгт,Краснодарский край,ахтырский,14.987657873597891,44.8546,38.3031,Ахтырский,Краснодарский край,,Россия,ok
Ачикулак с,Ставропольский край,ачикулак,8.885950548451913,44.55167,44.83778,Ачикулак,Ставрополье,,Россия,ok
Ачинск г,Красноярский край,ачинск,15.167534188921453,56.26792,90.50145,Ачинск,Красноярский Край,,Россия,ok
Ачит пгт,Свердловская обл,ачит,14.852456594574566,56.80049,57.90152,Ачит,Свердловская Область,,Россия,ok
Аша г,Челябинская обл,аша,15.040447493916622,54.99982,57.25491,Аша,Челябинская,,Россия,ok
Ашитково с,Московская обл,ашитково,14.809742629859722,55.45173,38.59518,Ашитково,Московская область,,Россия,ok
Ашукино дп,Московская обл,,,,,,,,,not_found
Бабаево г,Вологодская обл,бабаево,14.94174358388688,59.3936,35.9371,Бабаево,Вологодская Область,,Россия,ok
Бабынино п,Калужская обл,бабынино,14.829654652030062,54.38898,35.74037,Бабынино,Калужская Область,,Россия,ok
Бабяково с,Воронежская обл,бабяково,14.0,51.6844,39.3703,Бабяково,Воронежская Область,,Россия,ok
Бавлены п,Владимирская обл,бавлены,14.807402621612406,56.39448,39.56504,Бавлены,Владимирская область,,Россия,ok
Бавлы г,Татарстан Респ,бавлы,15.004251009118493,54.39759,53.25116,Бавлы,Татарстан,Бавлинский райо́н,Россия,ok
Багаевская ст-ца,Ростовская обл,,,,,,,,,not_found
Баган с,Новосибирская обл,баган,14.866630261400408,54.09949,77.66691,Баган,Новосибирская Область,,Россия,ok
Баграмово д,Рязанская обл,баграмово,14.76847839435228,54.72337,39.45186,Баграмово,Рязанская Область,,Россия,ok
Базарные Матаки с,Татарстан Респ,базарные матаки,14.858298093195424,54.90693,49.9342,Базарные Матаки,Татарстан,,Россия,ok
Базарный Карабулак рп,Саратовская обл,базарный карабулак,14.924859908409328,52.27235,46.41711,Базарный Карабулак,Саратовская Область,,Россия,ok
Базарный Сызган рп,Ульяновская обл,базарный сызган,14.870615929092883,53.7497,46.75863,Базарный Сызган,Ульяновская Область,,Россия,ok
Базковская ст-ца,Ростовская обл,,,,,,,,,not_found
Байкалово с,Свердловская обл,байкалово,14.870682132339264,57.39595,63.76812,Байкалово,Свердловская Область,,Россия,ok
Баймак г,Башкортостан Респ,баймак,14.97696132439798,52.59172,58.31132,Баймак,Башкортостан,,Россия,ok
Бакал г,Челябинская обл,бакал,14.998796655911407,54.9417,58.8083,Бакал,Челябинская,,Россия,ok
Бакалы с,Башкортостан Респ,бакалы,14.916251474249355,55.17884,53.79617,Бакалы,Башкортостан,,Россия,ok
Баксан г,Кабардино-Балкарская Респ,баксан,9.053262940312017,43.68374,43.53507,Баксан,Кабардино-Балкария,,Россия,ok
Бакчар с,Томская обл,бакчар,14.888128059507045,57.02114,82.07201,Бакчар,Томская Область,,Россия,ok
Балабаново г,Калужская обл,балабаново,15.0315431626742,55.18161,36.6606,Балабаново,Калужская Область,,Россия,ok
Балакирево п,Владимирская обл,балакирево,14.909750756370183,56.50588,38.84324,Балакирево,Владимирская область,,Россия,ok
Балаково г,Саратовская обл,балаково,15.220393536316854,52.02639,47.79671,Балаково,Саратовская Область,,Россия,ok
Балахна г,Нижегородская обл,балахна,15.105222245060745,56.48989,43.60114,Балахна,Нижегородская Область,Балахнинский Район,Россия,ok
Балашейка пгт,Самарская обл,балашейка,14.803300949859668,53.2841,48.0851,Балашейка,Самарская Область,,Россия,ok
Балашиха г,Московская обл,балашиха,15.19190836661672,55.79479,37.94794,Балашиха,Московская область,,Россия,ok
Балашов г,Саратовская обл,балашов,15.149382419166782,51.55103,43.17069,Балашов,Саратовская Область,,Россия,ok
Балезино п,Удмуртская Респ,балезино,8.971830189812753,57.9787,53.0138,Балезино,Удмуртия,,Россия,ok
Балки п,Курганская обл,балки,14.0,55.27889,65.33028,Балки,Курганская Область,,Россия,ok
Балобаново с,Московская обл,балобаново,14.0,55.84465,38.23706,Балобаново,Московская область,,Россия,ok
Балтай с,Саратовская обл,балтай,14.828399930424853,52.46577,46.62998,Балтай,Саратовская Область,,Россия,ok
Балтаси пгт,Татарстан Респ,балтаси,14.885509298002864,56.34646,50.20749,Балтаси,Татарстан,Балтаси́нский райо́н,Россия,ok
Балтийск г,Калининградская обл,балтийск,15.044990230322137,54.65455,19.90929,Балтийск,Калининградская Область,Город Калининград,Россия,ok
Бараба с,Свердловская обл,бараба,14.705098944706805,56.75,61.76667,Бараба,Свердловская Область,,Россия,ok
Барабинск г,Новосибирская обл,барабинск,15.03580284982909,55.35072,78.35873,Барабинск,Новосибирская Область,,Россия,ok
Барда с,Пермский край,барда,14.90215982473793,56.92724,55.59163,Барда,Пермский край,,Россия,ok
Барнаул г,Алтайский край,барнаул,15.335723468890889,53.36199,83.72786,Барнаул,Алтайский Край,Городской округ Барнаул,Россия,ok
Барсуки п,Тульская обл,барсуки,14.816080392095468,54.26548,37.48746,Барсуки,Тульская Область,,Россия,ok
Барсуковская ст-ца,Ставропольский край,,,,,,,,,not_found
Барыш г,Ульяновская обл,барыш,14.982811724551135,53.64976,47.12715,Барыш,Ульяновская Область,,Россия,ok
Барятино с,Калужская обл,барятино,14.78808043446749,54.31106,34.52131,Барятино,Калужская Область,,Россия,ok
Батайск г,Ростовская обл,батайск,15.160789922455525,47.13746,39.75713,Батайск,Ростовская Область,,Россия,ok
Батецкий п,Новгородская обл,батецкий,14.770706265537047,58.6462,30.30292,Батецкий,Новгородская Область,,Россия,ok
Батрак с,Пензенская обл,батрак,14.0,53.17483,43.9516,Батрак,Пензенская Область,,Россия,ok
Батуринская ст-ца,Краснодарский край,,,,,,,,,not_found
Батырево с,Чувашская Республика - Чувашия,батырево,8.863923381732526,55.0675,47.61111,Батырево,Чувашия,,Россия,ok
Башмаково рп,Пензенская обл,башмаково,14.917523119486262,53.21329,43.0342,Башмаково,Пензенская Область,,Россия,ok
Бегичевский п,Тульская обл,бегичевский,14.786978390253015,53.79605,38.25498,Бегичевский,Тульская Область,,Россия,ok
Бегуницы д,Ленинградская обл,бегуницы,14.81772348855102,59.58552,29.31757,Бегуницы,Ленинградская область,Волосовский Район,Россия,ok
Бежаницы рп,Псковская обл,бежаницы,14.845786772533142,56.97534,29.88492,Бежаницы,Псковская Область,,Россия,ok
Бежецк г,Тверская обл,бежецк,15.024405852072633,57.78422,36.70082,Бежецк,Тверская Область,,Россия,ok
Бежка д,Тульская обл,бежка,14.0,54.19287,37.73823,Бежка,Тульская Область,,Россия,ok
Безводное с,Нижегородская обл,безводное,14.0,56.83115,44.70394,Безводное,Нижегородская Область,,Россия,ok
Безенчук пгт,Самарская обл,безенчук,15.007479029118096,52.98058,49.43196,Безенчук,Самарская Область,,Россия,ok
Безопасное с,Ставропольский край,безопасное,8.887863674743008,45.64833,41.93603,Безопасное,Ставрополье,,Россия,ok
Бейсуг п,Краснодарский край,бейсуг,14.0,45.70411,39.85406,Бейсуг,Краснодарский край,,Россия,ok
Беково рп,Пензенская обл,беково,14.882482493917564,52.46632,43.71199,Беково,Пензенская Область,,Россия,ok
Белая Березка пгт,Брянская обл,белая березка,8.0,55.95,90.65,Белая Берёзка,Красноярский Край,,Россия,ok
Белая Глина с,Краснодарский край,белая глина,14.97980159195939,46.08115,40.87351,Белая Глина,Краснодарский край,,Россия,ok
Белая Калитва г,Ростовская обл,белая калитва,15.076894804069296,48.17927,40.7792,Белая Калитва,Ростовская Область,,Россия,ok
Белая Холуница г,Кировская обл,белая холуница,14.93638336929333,58.84031,50.83887,Белая Холуница,Кировская Область,,Россия,ok
Белая д,Московская обл,белая,8.794129557090653,51.05878,35.71088,Белая,Курская Область,,Россия,ok
Белая сл,Курская обл,белая сл,5.0,53.13333,32.41667,Белая Слобода,Брянская Область,,Россия,ok
Белгород г,Белгородская обл,белгород,15.275213992263437,50.60343,36.58091,Белгород,Белгородская Область,Белгородский район,Россия,ok
Белебей г,Башкортостан Респ,белебей,15.10442489547124,54.10774,54.11741,Белебей,Башкортостан,,Россия,ok
Белев г,Тульская обл,белев,14.963567346472182,53.81217,36.13339,Белёв,Тульская Область,,Россия,ok
Белинский г,Пензенская обл,белинский,14.90826206303738,52.96474,43.41647,Белинский,Пензенская Область,,Россия,ok
Белово г,Кемеровская область - Кузбасс обл,белово,9.123539172357026,54.42119,86.29907,Белово,Кузба́сс,,Россия,ok
Белогорка д,Ленинградская обл,белогорка,14.0,59.3472,30.12829,Белогорка,Ленинградская область,,Россия,ok
Белогостицы с,Ярославская обл,белогостицы,14.0,57.23255,39.5001,Белогостицы,Ярославская Область,,Россия,ok
Белое с,Адыгея Респ,белое,14.802878116248715,45.04832,39.65143,Белое,Адыгея,,Россия,ok
Белозерск г,Вологодская обл,белозерск,14.93101857069459,60.0288,37.8084,Белозёрск,Вологодская Область,,Россия,ok
Белокуриха г,Алтайский край,белокуриха,14.959791302724277,51.99749,84.99714,Белокуриха,Алтайский Край,,Россия,ok
Беломестное сл,Орловская обл,,,,,,,,,not_found
Беломорск г,Карелия Респ,беломорск,14.940640045488063,64.53,34.76292,Беломорск,Карелия,,Россия,ok
Белоозёрский г.,Московская обл,белоозерский,14.981454704323948,55.45978,38.44358,Белоозёрский,Московская область,Городской Округ Воскресенск,Россия,ok
Белорецк г,Башкортостан Респ,белорецк,15.116292817578474,53.96206,58.39996,Белорецк,Башкортостан,,Россия,ok
Белореченск г,Краснодарский край,белореченск,15.090645127081894,44.77002,39.87246,Белореченск,Краснодарский край,,Россия,ok
Белоусово г,Калужская обл,белоусово,14.903860260872188,55.09499,36.6732,Белоусово,Калужская Область,,Россия,ok
Белоярский г,Ханты-Мансийский Автономный округ - Югра АО,белоярский,8.990787790083742,63.71194,66.67222,Белоярский,Ханты-Мансийский АО,,Россия,ok
Белоярский пгт,Свердловская обл,белоярский,14.942859197720995,56.75713,61.41629,Белоярский,Свердловская Область,,Россия,ok
Белый Яр пгт,Ханты-Мансийский Автономный округ - Югра АО,белый яр,8.972752572969476,61.26491,73.24104,Белый Яр,Ханты-Мансийский АО,,Россия,ok
Белый Яр рп,Томская обл,белый яр,14.0,58.93806,80.40472,Белый Яр,Томская Область,,Россия,ok
Бельтирское с,Хакасия Респ,,,,,,,,,not_found
Беляевка с,Оренбургская обл,беляевка,14.853915035876827,51.39672,56.40698,Беляевка,Оренбургская Область,,Россия,ok
Бердск г,Новосибирская обл,бердск,15.141034995646615,54.75352,83.09624,Бердск,Новосибирская Область,,Россия,ok
Бердяуш рп,Челябинская обл,бердяуш,14.863621989783788,55.1619,59.1464,Бердяуш,Челябинская,,Россия,ok
Березанская ст-ца,Краснодарский край,,,,,,,,,not_found
Березник рп,Архангельская обл,березник,14.654534966033442,61.23589,43.62261,Березник,Архангельская Область,,Россия,ok
Березники г,Пермский край,березники,15.20302240935643,59.4091,56.8204,Березники,Пермский край,,Россия,ok
Березняки д,Московская обл,березняки,14.0,56.33963,38.24604,Березняки,Московская область,,Россия,ok
Березовка д,Нижегородская обл,березовка,14.0,56.52954,44.02563,Берёзовка,Нижегородская Область,городской округ город Бор,Россия,ok
Березовка с,Пермский край,березовка,14.0,57.60364,57.31641,Березовка,Пермский край,,Россия,ok
Березово с,Воронежская обл,березово,8.0,61.2592,41.3918,Берёзово,Архангельская Область,,Россия,ok
Березово с,Кемеровская область - Кузбасс обл,березово,8.0,61.2592,41.3918,Берёзово,Архангельская Область,,Россия,ok
Березовский г,Свердловская обл,березовский,15.07579241570616,56.9083,60.8019,Берёзовский,Свердловская Область,,Россия,ok
Березовский г.,Кемеровская область - Кузбасс обл,березовский,9.09151066458675,55.66951,86.27485,Берёзовский,Кузба́сс,,Россия,ok
Береславка п,Волгоградская обл,береславка,14.848011418317482,48.62541,44.04491,Береславка,Волгоградская Область,,Россия,ok
Берсеневка с,Мордовия Респ,берсеневка,14.0,54.20689,45.08854,Берсеневка,Мордовия,,Россия,ok
Бершеть с,Пермский край,бершеть,14.815765701519648,57.7309,56.3783,Бершеть,Пермский край,,Россия,ok
Беседино с,Курская обл,беседино,14.0,51.71036,36.47554,Беседино,Курская Область,,Россия,ok
Бессоновка с,Пензенская обл,бессоновка,14.919836900019495,53.30968,45.04069,Бессоновка,Пензенская Область,,Россия,ok
Бетлица п,Калужская обл,бетлица,14.82495751500002,54.01322,33.94763,Бетлица,Калужская Область,,Россия,ok
Бехтеевка с,Белгородская обл,бехтеевка,14.811162807830774,50.80706,37.21789,Бехтеевка,Белгородская Область,,Россия,ok
Бея с,Хакасия Респ,бея,14.858279364850018,53.05005,90.92158,Бея,Хакасия,,Россия,ok
Бжид с,Краснодарский край,бжид,14.0,44.35056,38.66861,Бжид,Краснодарский край,,Россия,ok
Бижбуляк с,Башкортостан Респ,бижбуляк,14.876186337327471,53.69534,54.26427,Бижбуляк,Башкортостан,,Россия,ok
Бийск г,Алтайский край,бийск,15.228039595164072,52.53423,85.19661,Бийск,Алтайский Край,,Россия,ok
Бирск г,Башкортостан Респ,бирск,15.062169313243684,55.42018,55.54212,Бирск,Башкортостан,,Россия,ok
Бирюлинского Зверосовхоза п,Татарстан Респ,,,,,,,,,not_found
Бирюч г,Белгородская обл,бирюч,14.0,50.25633,37.7223,Бирюч,Белгородская Область,,Россия,ok
Бисерть пгт,Свердловская обл,бисерть,14.931271643859304,56.85884,59.05297,Бисерть,Свердловская Область,,Россия,ok
Благовещенка рп,Алтайский край,благовещенка,14.941897923708751,52.834,79.87514,Благовещенка,Алтайский Край,,Россия,ok
Благовещенск г,Башкортостан Респ,благовещенск,15.04411206242217,55.0352,55.97703,Благовещенск,Башкортостан,,Россия,ok
Благодарный г,Ставропольский край,благодарный,9.049116310015384,45.09778,43.43639,Благодарный,Ставрополье,,Россия,ok
Благодатное с,Ставропольский край,благодатное,8.856235774337062,45.39972,42.58667,Благодатное,Ставрополье,,Россия,ok
Ближнее Борисово с,Нижегородская обл,,,,,,,,,not_found
Бобров г,Воронежская обл,бобров,14.993246366077264,51.09843,40.03008,Бобров,Воронежская Область,Бобровский Район,Россия,ok
Бобровский п,Свердловская обл,бобровский,14.855622157838372,56.6732,60.9807,Бобровский,Свердловская Область,,Россия,ok
Бобровы Дворы с,Белгородская обл,бобровы дворы,14.0,51.18865,37.39152,Бобровы Дворы,Белгородская Область,,Россия,ok
Богандинский рп,Тюменская обл,богандинский,8.9168163293077,56.89375,65.89378,Богандинский,Тюмень,,Россия,ok
Богатое с,Самарская обл,богатое,14.87628024874461,53.06111,51.32898,Богатое,Самарская Область,,Россия,ok
Богатые Сабы пгт,Татарстан Респ,богатые сабы,14.8883224230279,56.00942,50.44714,Богатые Сабы,Татарстан,,Россия,ok
Богашево с,Томская обл,богашево,14.82358907259285,56.36798,85.14414,Богашево,Томская Область,,Россия,ok
Богданович г,Свердловская обл,богданович,15.038192427310012,56.77675,62.05072,Богданович,Свердловская Область,,Россия,ok
Боголюбово п,Владимирская обл,боголюбово,14.83240937614504,56.19052,40.52313,Боголюбово,Владимирская область,,Россия,ok
Богородицк г,Тульская обл,богородицк,15.031615995889364,53.77174,38.12305,Богородицк,Тульская Область,,Россия,ok
Богородск г,Нижегородская обл,богородск,15.050925055935364,56.10149,43.5101,Богородск,Нижегородская Область,Богородский Район,Россия,ok
Богородск с,Пермский край,богородск,14.0,57.5273,56.3086,Богородск,Пермский край,,Россия,ok
Богородское рп,Московская обл,богородское,14.913518569837542,56.55,37.88333,Богородское,Московская область,,Россия,ok
Богородское с,Ивановская обл,богородское,14.800603417874902,57.04695,41.01354,Богородское,Ивановская Область,,Россия,ok
Богословка с,Пензенская обл,богословка,14.844182288439146,53.20837,44.80133,Богословка,Пензенская Область,,Россия,ok
Богословское с,Тульская обл,богословское,14.0,54.76815,37.99714,Богословское,Тульская Область,,Россия,ok
Боград с,Хакасия Респ,боград,14.84390154103522,54.22539,90.84938,Боград,Хакасия,,Россия,ok
Богучар г,Воронежская обл,богучар,14.961906682278672,49.9346,40.55447,Богучар,Воронежская Область,,Россия,ok
Бокино с,Тамбовская обл,бокино,14.829829063435929,52.63744,41.45968,Бокино,Тамбовская Область,,Россия,ok
Боковская ст-ца,Ростовская обл,,,,,,,,,not_found
Бокситогорск г,Ленинградская обл,бокситогорск,14.976232713274712,59.4778,33.85008,Бокситогорск,Ленинградская область,Бокситогорский Район,Россия,ok
Болгар г,Татарстан Респ,болгар,14.90642735958414,54.97417,49.03083,Болгар,Татарстан,Спасский Район,Россия,ok
Бологое г,Тверская обл,бологое,15.013233480676702,57.88587,34.05324,Бологое,Тверская Область,,Россия,ok
Болотное г,Новосибирская обл,болотное,14.9781602364546,55.67344,84.39463,Болотное,Новосибирская Область,,Россия,ok
Болохово г,Тульская обл,болохово,14.92188044503883,54.08378,37.82895,Болохово,Тульская Область,,Россия,ok
Болхов г,Орловская обл,болхов,14.938471375892096,53.44295,36.00546,Болхов,Орловская Область,,Россия,ok
Большая Атня с,Татарстан Респ,большая атня,14.0,56.25059,49.45161,Большая Атня,Татарстан,Атнинский Район,Россия,ok
Большая Глушица с,Самарская обл,большая глушица,14.0,52.39286,50.47131,Большая Глушица,Самарская Область,,Россия,ok
Большая Еловая д,Тульская обл,большая еловая,14.0,54.13336,37.67836,Большая Еловая,Тульская Область,,Россия,ok
Большая Ижора пгт,Ленинградская обл,большая ижора,14.821959545417709,59.93819,29.56859,Большая Ижора,Ленинградская область,,Россия,ok
Большая Мартыновка сл,Ростовская обл,,,,,,,,,not_found
Большая Мурта пгт,Красноярский край,большая мурта,14.8859647499715,56.90444,93.15172,Большая Мурта,Красноярский Край,,Россия,ok
Большая Орловка сл,Ростовская обл,,,,,,,,,not_found
Большая Пустомержа д,Ленинградская обл,большая пустомержа,14.0,59.38428,28.87905,Большая Пустомержа,Ленинградская область,,Россия,ok
Большая Соснова с,Пермский край,большая соснова,14.0,57.6698,54.59998,Большая Соснова,Пермский край,,Россия,ok
Большая Уса с,Пермский край,большая уса,14.0,56.7364,55.1035,Большая Уса,Пермский край,,Россия,ok
Большая Уча с,Удмуртская Респ,большая уча,8.0,56.61086,52.07765,Большая Уча,Удмуртия,,Россия,ok
Большая Черниговка с,Самарская обл,большая черниговка,14.0,52.09287,50.86829,Большая Черниговка,Самарская Область,,Россия,ok
Большебрусянское с,Свердловская обл,большебрусянское,14.0,56.6353,61.2426,Большебрусянское,Свердловская Область,,Россия,ok
Большевик п,Московская обл,большевик,8.0,56.3,39.36667,Большевик,Владимирская область,,Россия,ok
Большеречье рп,Омская обл,большеречье,14.939872683333238,56.09727,74.63057,Большеречье,Омская Область,,Россия,ok
Большетроицкое с,Белгородская обл,большетроицкое,14.0,50.5432,37.2884,Большетроицкое,Белгородская Область,,Россия,ok
Большеустьикинское с,Башкортостан Респ,большеустьикинское,14.876374072050949,55.94491,58.26304,Большеустьикинское,Башкортостан,,Россия,ok
Большие Базы п,Воронежская обл,большие базы,14.0,50.26897,39.28281,Большие Базы,Воронежская Область,,Россия,ok
Большие Березники с,Мордовия Респ,большие березники,14.0,54.17478,45.96703,Большие Березники,Мордовия,,Россия,ok
Большие Вяземы рп,Московская обл,большие вяземы,14.849228555571006,55.62058,36.9762,Большие Вязёмы,Московская область,,Россия,ok
Большие Вязёмы рп,Московская обл,большие вяземы,14.849228555571006,55.62058,36.9762,Большие Вязёмы,Московская область,,Россия,ok
Большие Дворы рп,Московская обл,большие дворы,14.86640602672258,55.82005,38.64515,Большие Дворы,Московская область,,Россия,ok
Большие Кайбицы с,Татарстан Респ,,,,,,,,,not_found
Большие Ключи с,Татарстан Респ,большие ключи,8.0,57.0087,48.9961,Большие Ключи,Марий Эл,,Россия,ok
Большие Ключищи с,Ульяновская обл,большие ключищи,14.0,54.14115,48.23575,Большие Ключищи,Ульяновская Область,,Россия,ok
Большие Колпаны д,Ленинградская обл,большие колпаны,14.0,59.52333,30.06944,Большие Колпаны,Ленинградская область,,Россия,ok
Большие Мосты д,Нижегородская обл,большие мосты,14.0,57.14975,43.83403,Большие Мосты,Нижегородская Область,,Россия,ok
Большие Салы с,Ростовская обл,большие салы,14.0,47.39016,39.68623,Большие Салы,Ростовская Область,,Россия,ok
Большое Афанасово с,Татарстан Респ,большое афанасово,14.0,55.60541,51.77685,Большое Афанасово,Татарстан,,Россия,ok
Большое Болдино с,Нижегородская обл,большое болдино,14.853719187792294,55.00562,45.31292,Большое Болдино,Нижегородская Область,,Россия,ok
Большое Буньково д,Московская обл,большое буньково,14.0,55.84987,38.59825,Большое Буньково,Московская область,,Россия,ok
Большое Грызлово д,Московская обл,большое грызлово,14.719218205871323,54.80033,37.63939,Большое Грызлово,Московская область,,Россия,ok
Большое Жирово с,Курская обл,большое жирово,14.0,51.96122,35.97006,Большое Жирово,Курская Область,,Россия,ok
Большое Игнатово с,Мордовия Респ,,,,,,,,,not_found
Большое Исаково п,Калининградская обл,большое исаково,14.806714903991011,54.71774,20.60284,Большое Исаково,Калининградская Область,,Россия,ok
Большое Козино рп,Нижегородская обл,большое козино,14.88134384945285,56.40397,43.71424,Большое Козино,Нижегородская Область,Балахнинский Район,Россия,ok
Большое Куземкино д,Ленинградская обл,большое куземкино,8.0,58.34044,35.54506,Большое Кузёмкино,Тверская Область,,Россия,ok
Большое Мокрое с,Нижегородская обл,большое мокрое,14.0,56.12929,44.08163,Большое Мокрое,Нижегородская Область,,Россия,ok
Большое Мурашкино рп,Нижегородская обл,большое мурашкино,14.88538082749772,55.78261,44.77541,Большое Мурашкино,Нижегородская Область,,Россия,ok
Большое Нагаткино с,Ульяновская обл,большое нагаткино,14.0,54.51888,47.97123,Большое Нагаткино,Ульяновская Область,,Россия,ok
Большое Рыбушкино с,Нижегородская обл,большое рыбушкино,14.0,55.415,45.76958,Большое Рыбушкино,Нижегородская Область,,Россия,ok
Большое Седельниково д,Свердловская обл,большое седельниково,14.0,56.65498,60.70728,Большое Седельниково,Свердловская Область,,Россия,ok
Большое Село с,Ярославская обл,большое село,14.82651356299374,57.71774,38.93341,Большое Село,Ярославская Область,,Россия,ok
Большой Куганак с,Башкортостан Респ,большой куганак,14.0,53.80859,56.10079,Большой Куганак,Башкортостан,,Россия,ok
Большой Кукмор с,Татарстан Респ,большой кукмор,14.0,56.1994,50.8506,Большой Кукмор,Татарстан,,Россия,ok
Большой Лог х,Ростовская обл,большой лог,14.0,47.29868,39.91832,Большой Лог,Ростовская Область,,Россия,ok
Бондари с,Тамбовская обл,бондари,14.0,52.94972,42.06011,Бондари,Тамбовская Область,,Россия,ok
Бор г,Нижегородская обл,бор,15.101284193773614,56.35944,44.07304,Бор,Нижегородская Область,городской округ город Бор,Россия,ok
Бор д,Ленинградская обл,бор,9.101284193773614,56.35944,44.07304,Бор,Нижегородская Область,городской округ город Бор,Россия,ok
Боринское с,Липецкая обл,боринское,14.86993480676531,52.4569,39.3713,Боринское,Липецкая Область,,Россия,ok
Борисовичи д,Псковская обл,,,,,,,,,not_found
Борисовка п,Белгородская обл,борисовка,14.955739922919594,50.59945,36.01709,Борисовка,Белгородская Область,,Россия,ok
Борисово-Судское с,Вологодская обл,,,,,,,,,not_found
Борисовское с,Владимирская обл,борисовское,14.0,56.27526,40.4806,Борисовское,Владимирская область,,Россия,ok
Борисоглебск г,Воронежская обл,борисоглебск,15.113601865877005,51.36892,42.09804,Борисоглебск,Воронежская Область,,Россия,ok
Борисоглебский п,Ярославская обл,борисоглебский,14.867128672675364,57.26204,39.15404,Борисоглебский,Ярославская Область,,Россия,ok
Боровиха с,Алтайский край,боровиха,14.881180122393877,53.5072,83.8379,Боровиха,Алтайский Край,,Россия,ok
Боровичи г,Новгородская обл,боровичи,15.09432694421404,58.39418,33.91864,Боровичи,Новгородская Область,,Россия,ok
Боровково д,Московская обл,боровково,14.0,55.98944,38.54417,Боровково,Московская область,,Россия,ok
Боровск г,Калужская обл,боровск,14.935694839161227,55.20343,36.49088,Боровск,Калужская Область,,Россия,ok
Боровский рп,Тюменская обл,боровский,8.964257723058177,57.04096,65.72018,Боровский,Тюмень,,Россия,ok
Бородино г,Красноярский край,бородино,14.988343789473042,55.9076,94.9118,Бородино,Красноярский Край,,Россия,ok
Бородинский п,Тульская обл,бородинский,14.877152528418646,53.99859,37.81792,Бородинский,Тульская Область,,Россия,ok
Борское с,Самарская обл,борское,14.911822508306836,53.02549,51.69909,Борское,Самарская Область,,Россия,ok
Ботово д,Вологодская обл,ботово,14.0,59.25799,37.9629,Ботово,Вологодская Область,,Россия,ok
Бояркино с,Московская обл,бояркино,14.0,55.45421,38.30177,Бояркино,Московская область,,Россия,ok
Бреды п,Челябинская обл,бреды,14.92544529465945,52.41986,60.33684,Бреды,Челябинская,,Россия,ok
Брейтово с,Ярославская обл,брейтово,14.81978140322212,58.29925,37.86172,Брейтово,Ярославская Область,,Россия,ok
Бриньковская ст-ца,Краснодарский край,,,,,,,,,not_found
Бродокалмак с,Челябинская обл,бродокалмак,14.815104494568502,55.5748,62.082,Бродокалмак,Челябинская,,Россия,ok
Бронницы г,Московская обл,бронницы,14.983338692485663,55.42112,38.26188,Бронницы,Московская область,,Россия,ok
Брусилово д,Тверская обл,,,,,,,,,not_found
Брусянский п,Тульская обл,брусянский,14.809498875930377,53.98492,38.03593,Брусянский,Тульская Область,,Россия,ok
Брюховецкая ст-ца,Краснодарский край,,,,,,,,,not_found
Брянск г,Брянская обл,брянск,15.296509417336454,53.27096,34.32143,Брянск,Брянская Область,Брянский Район,Россия,ok
Бугры г.,Ленинградская обл,бугры,14.872502003861856,60.07121,30.39225,Бугры,Ленинградская область,,Россия,ok
Бугульма г,Татарстан Респ,бугульма,15.14284671896774,54.5378,52.7985,Бугульма,Татарстан,,Россия,ok
Бугуруслан г,Оренбургская обл,бугуруслан,15.088766120679823,53.6554,52.442,Бугуруслан,Оренбургская Область,,Россия,ok
Буденновск г,Ставропольский край,буденновск,9.112671871842544,44.78389,44.16583,Будённовск,Ставрополье,,Россия,ok
Будогощь гп,Ленинградская обл,,,,,,,,,not_found
Будогощь пгт,Ленинградская обл,будогощь,14.825997565976827,59.28158,32.47074,Будогощь,Ленинградская область,,Россия,ok
Бужаниново с,Московская обл,бужаниново,14.0,56.39228,38.29815,Бужаниново,Московская область,,Россия,ok
Бужарово д,Московская обл,бужарово,14.0,55.98306,36.79889,Бужарово,Московская область,,Россия,ok
Буздяк с,Башкортостан Респ,буздяк,14.918533020897202,54.56924,54.53083,Буздяк,Башкортостан,,Россия,ok
Бузулук г,Оренбургская обл,бузулук,15.138184820136328,52.77825,52.25854,Бузулук,Оренбургская Область,,Россия,ok
Буинск г,Татарстан Респ,буинск,14.991674922651931,54.97422,48.29088,Буинск,Татарстан,,Россия,ok
Буй г,Костромская обл,буй,15.018440932556969,58.47959,41.53587,Буй,Костромская Область,,Россия,ok
Буланаш п,Свердловская обл,буланаш,14.947707966740804,57.27825,61.9965,Буланаш,Свердловская Область,,Россия,ok
Булгаково с,Башкортостан Респ,булгаково,14.818646442942208,54.4968,55.8843,Булгаково,Башкортостан,,Россия,ok
Бунырево с,Тульская обл,бунырево,14.0,54.56975,37.15025,Бунырево,Тульская Область,,Россия,ok
Бураево с,Башкортостан Респ,бураево,14.910097183492082,55.84088,55.40831,Бураево,Башкортостан,,Россия,ok
Бурашево с,Тверская обл,бурашево,14.0,56.72936,35.88666,Бурашево,Тверская Область,,Россия,ok
Бурибай с,Башкортостан Респ,бурибай,14.840335237499248,51.96167,58.15917,Бурибай,Башкортостан,,Россия,ok
Бурковский х,Волгоградская обл,бурковский,14.0,48.7046,44.66076,Бурковский,Волгоградская Область,,Россия,ok
Бурнак с,Тамбовская обл,бурнак,14.0,51.89167,41.50006,Бурнак,Тамбовская Область,,Россия,ok
Бутка с,Свердловская обл,бутка,14.816365617616842,56.71788,63.78661,Бутка,Свердловская Область,,Россия,ok
Бутурлино рп,Нижегородская обл,бутурлино,14.876233304060234,55.56694,44.895,Бутурлино,Нижегородская Область,Бутурлинский Район,Россия,ok
Бутурлиновка г,Воронежская обл,бутурлиновка,15.026053242804174,50.82618,40.598,Бутурлиновка,Воронежская Область,,Россия,ok
Быково рп,Волгоградская обл,быково,14.902026886172216,49.76544,45.38742,Быково,Волгоградская Область,,Россия,ok
Быньги с,Свердловская обл,быньги,14.0,57.54025,60.29581,Быньги,Свердловская Область,,Россия,ok
Бытошь рп,Брянская обл,бытошь,14.8395251520611,53.81861,34.09116,Бытошь,Брянская Область,,Россия,ok
ВНИИКОП п,Тульская обл,,,,,,,,,not_found
ВНИИСС п,Воронежская обл,вниисс,5.8971702399703325,55.65639,37.21194,ВНИИССОК,Московская область,Одинцовский Район,Россия,ok
ВНИИССОК п,Московская обл,внииссок,14.897170239970333,55.65639,37.21194,ВНИИССОК,Московская область,Одинцовский Район,Россия,ok
Вавож с,Удмуртская Респ,вавож,8.862515033292134,56.77513,51.93098,Вавож,Удмуртия,,Россия,ok
Вагай с,Тюменская обл,вагай,8.850754681436444,57.93407,69.01373,Вагай,Тюмень,,Россия,ok
Вад с,Нижегородская обл,вад,14.880971354050828,55.53022,44.20671,Вад,Нижегородская Область,Вадский Район,Россия,ok
Вадинск с,Пензенская обл,вадинск,14.845723085024355,53.69157,43.05744,Вадинск,Пензенская Область,,Россия,ok
Важины гп,Ленинградская обл,,,,,,,,,not_found
Валдай г,Новгородская обл,валдай,14.982822506803558,57.97729,33.25153,Валдай,Новгородская Область,,Россия,ok
Валуйки г,Белгородская обл,валуйки,15.048815825675998,50.19661,38.11674,Валуйки,Белгородская Область,,Россия,ok
Валы с,Самарская обл,валы,14.668710860786652,53.3252,49.405,Валы,Самарская Область,,Россия,ok
Вараксино с,Удмуртская Респ,вараксино,8.0,54.86129,36.10264,Вараксино,Калужская Область,Малоярославетский Район,Россия,ok
Варваровка д,Тульская обл,варваровка,8.0,55.0165,35.8744,Варваровка,Калужская Область,Медынский Район,Россия,ok
Варваровка с,Белгородская обл,варваровка,8.0,55.0165,35.8744,Варваровка,Калужская Область,Медынский Район,Россия,ok
Варгаши рп,Курганская обл,варгаши,14.918286639497545,55.35556,65.84667,Варгаши,Курганская Область,,Россия,ok
Варениковская ст-ца,Краснодарский край,,,,,,,,,not_found
Варламово п,Самарская обл,варламово,14.809101504171052,53.1897,48.4226,Варламово,Самарская Область,,Россия,ok
Варна с,Челябинская обл,варна,14.920099685697302,53.37976,60.97306,Варна,Челябинская,,Россия,ok
Варнавино рп,Нижегородская обл,варнавино,14.809529377684465,57.40169,45.08937,Варнавино,Нижегородская Область,Варнавинский Район,Россия,ok
Варские п,Рязанская обл,,,,,,,,,not_found
Вартемяги д,Ленинградская обл,вартемяги,14.0,60.17738,30.33214,Вартемяги,Ленинградская область,,Россия,ok
Васильево пгт,Татарстан Респ,васильево,14.97291936874294,55.83007,48.71729,Васильево,Татарстан,,Россия,ok
Васильевский Мох пгт,Тверская обл,васильевский мох,14.7768110378526,57.01316,35.91897,Васильевский Мох,Тверская Область,,Россия,ok
Васильевское д,Московская обл,васильевское,8.0,54.94995,35.94903,Васильевское,Калужская Область,Медынский Район,Россия,ok
Васильевское п,Вологодская обл,васильевское,14.0,59.5407,35.6873,Васильевское,Вологодская Область,,Россия,ok
Васильевское с,Московская обл,Васильевское с,11.0,56.1128,36.3778,Васильевское Соймоново,Московская область,,Россия,ok
Васкелово д,Ленинградская обл,васкелово,14.942456426111574,60.39571,30.35419,Васкелово,Ленинградская область,,Россия,ok
Васюринская ст-ца,Краснодарский край,,,,,,,,,not_found
Вахруши пгт,Кировская обл,вахруши,14.924290436284943,58.68472,50.02611,Вахруши,Кировская Область,,Россия,ok
Вача рп,Нижегородская обл,вача,14.879769958011892,55.80029,42.77455,Вача,Нижегородская Область,,Россия,ok
Вашутино д,Владимирская обл,вашутино,8.0,56.50751,55.74164,Вашутино,Пермский край,,Россия,ok
Введенское с,Курганская обл,введенское,14.0,55.32454,64.08232,Введенское,Курганская Область,,Россия,ok
Вейделевка п,Белгородская обл,вейделевка,14.889302349439472,50.15106,38.44898,Вейделевка,Белгородская Область,,Россия,ok
Велиж г,Смоленская обл,велиж,14.900540504031063,55.60448,31.1986,Велиж,Смоленская Область,,Россия,ok
Велижаны с,Тюменская обл,велижаны,8.0,57.5543,65.75678,Велижаны,Тюмень,,Россия,ok
Великие Луки г,Псковская обл,великие луки,15.15439395184994,56.34063,30.54377,Великие Луки,Псковская Область,,Россия,ok
Великий Новгород г,Новгородская обл,великий новгород,15.231433943388328,58.52131,31.27104,Великий Новгород,Новгородская Область,,Россия,ok
Великий Устюг г,Вологодская обл,великий устюг,15.039338571661911,60.76186,46.31352,Великий Устюг,Вологодская Область,,Россия,ok
Великовечное с,Краснодарский край,великовечное,14.865921345143668,44.93402,39.75499,Великовечное,Краснодарский край,,Россия,ok
Великодворский п,Владимирская обл,великодворский,14.77048119229326,55.24996,40.6678,Великодворский,Владимирская область,,Россия,ok
Вельск г,Архангельская обл,вельск,15.004875604512735,61.06919,42.0992,Вельск,Архангельская Область,,Россия,ok
Вельяминово д,Московская обл,вельяминово,8.0,53.04188,35.07817,Вельяминово,Брянская Область,,Россия,ok
Венев г,Тульская обл,венев,14.966147968357552,54.35074,38.26304,Венёв,Тульская Область,,Россия,ok
Венцы п,Краснодарский край,венцы,14.834141021146186,45.37639,40.83583,Венцы,Краснодарский край,,Россия,ok
Веретёнки д,Московская обл,,,,,,,,,not_found
Верещагино г,Пермский край,верещагино,15.001913497606209,58.07815,54.65648,Верещагино,Пермский край,,Россия,ok
Верея г,Московская обл,верея,14.850045386741192,55.34472,36.17194,Верея,Московская область,Наро-Фоминский Район,Россия,ok
Верея п,Московская обл,верея,14.850045386741192,55.34472,36.17194,Верея,Московская область,Наро-Фоминский Район,Россия,ok
Верх-Нейвинский пгт,Свердловская обл,,,,,,,,,not_found
Верх-Тула с,Новосибирская обл,,,,,,,,,not_found
Верх-Чебула пгт,Кемеровская область - Кузбасс обл,,,,,,,,,not_found
Верхнеднепровский пгт,Смоленская обл,верхнеднепровский,14.953993184750518,54.98131,33.34573,Верхнеднепровский,Смоленская Область,,Россия,ok
Верхнерусское с,Ставропольский край,верхнерусское,8.0,45.1312,41.9464,Верхнерусское,Ставрополье,,Россия,ok
Верхнетемерницкий п,Ростовская обл,верхнетемерницкий,14.644571981938558,47.31111,39.73667,Верхнетемерницкий,Ростовская Область,,Россия,ok
Верхнетуломский пгт,Мурманская обл,верхнетуломский,14.754433210805368,68.60727,31.79621,Верхнетуломский,Мурманская Область,,Россия,ok
Верхнеуральск г,Челябинская обл,верхнеуральск,14.923678754199104,53.87897,59.21651,Верхнеуральск,Челябинская,,Россия,ok
Верхнеяркеево с,Башкортостан Респ,верхнеяркеево,14.914398687142617,55.45109,54.30638,Верхнеяркеево,Башкортостан,,Россия,ok
Верхние Киги с,Башкортостан Респ,верхние киги,14.883724564389848,55.40772,58.60131,Верхние Киги,Башкортостан,,Россия,ok
Верхние Серги пгт,Свердловская обл,верхние серги,14.87827830173932,56.64694,59.55556,Верхние Серги,Свердловская Область,,Россия,ok
Верхние Татышлы с,Башкортостан Респ,верхние татышлы,14.875494945509828,56.28879,55.86031,Верхние Татышлы,Башкортостан,,Россия,ok
Верхний Баскунчак п,Астраханская обл,верхний баскунчак,6.907635173197287,48.22564,46.72169,Верх.Баскунчак,Астраханская Область,,Россия,ok
Верхний Карачан с,Воронежская обл,верхний карачан,14.0,51.40635,41.77171,Верхний Карачан,Воронежская Область,,Россия,ok
Верхний Ландех п,Ивановская обл,верхний ландех,14.760589000105313,56.83955,42.59731,Верхний Ландех,Ивановская Область,,Россия,ok
Верхний Любаж с,Курская обл,,,,,,,,,not_found
Верхний Мамон с,Воронежская обл,верхний мамон,14.90214774671388,50.16421,40.38936,Верхний Мамон,Воронежская Область,,Россия,ok
Верхний Тагил г,Свердловская обл,верхний тагил,14.942213982158972,57.37416,59.95422,Верхний Тагил,Свердловская Область,,Россия,ok
Верхний Услон с,Татарстан Респ,верхний услон,14.83584318990313,55.768,48.9776,Верхний Услон,Татарстан,,Россия,ok
Верхний Уфалей г,Челябинская обл,верхний уфалей,15.04116897380954,56.0549,60.22566,Верхний Уфалей,Челябинская,,Россия,ok
Верхняя Подстепновка п,Самарская обл,верхняя подстепновка,14.0,53.08308,50.08552,Верхняя Подстепновка,Самарская Область,,Россия,ok
Верхняя Пышма г,Свердловская обл,верхняя пышма,15.09863430185918,56.97047,60.58219,Верхняя Пышма,Свердловская Область,,Россия,ok
Верхняя Салда г,Свердловская обл,верхняя салда,15.079943270974486,58.045,60.551,Верхняя Салда,Свердловская Область,,Россия,ok
Верхняя Синячиха пгт,Свердловская обл,верхняя синячиха,14.930246366085198,57.97604,61.66733,Верхняя Синячиха,Свердловская Область,,Россия,ok
Верхняя Сысерть п,Свердловская обл,верхняя сысерть,14.701750614294124,56.44012,60.75563,Верхняя Сысерть,Свердловская Область,,Россия,ok
Верхняя Тишанка с,Воронежская обл,верхняя тишанка,14.818952211074809,51.3249,40.5299,Верхняя Тишанка,Воронежская Область,,Россия,ok
Верхняя Тура г,Свердловская обл,верхняя тура,14.926945797645928,58.36083,59.80667,Верхняя Тура,Свердловская Область,,Россия,ok
Верхняя Хава с,Воронежская обл,верхняя хава,14.897094039814244,51.84242,39.93845,Верхняя Хава,Воронежская Область,,Россия,ok
Верховажье с,Вологодская обл,верховажье,14.855660619377309,60.74717,42.04652,Верховажье,Вологодская Область,,Россия,ok
Верховье пгт,Орловская обл,верховье,14.899974278983048,52.81025,37.24187,Верховье,Орловская Область,,Россия,ok
Верхопенье с,Белгородская обл,верхопенье,14.0,50.94537,36.2925,Верхопенье,Белгородская Область,,Россия,ok
Верхотурье г,Свердловская обл,верхотурье,14.904793908261736,58.86332,60.80564,Верхотурье,Свердловская Область,,Россия,ok
Верхошижемье пгт,Кировская обл,верхошижемье,14.847657950853094,58.00814,49.1066,Верхошижемье,Кировская Область,,Россия,ok
Веселая Лопань с,Белгородская обл,,,,,,,,,not_found
Веселево д,Московская обл,,,,,,,,,not_found
Веселое с,Белгородская обл,веселое,8.0,44.4954,41.7999,Весёлое,Ставрополье,,Россия,ok
Веселый п,Ростовская обл,веселый,14.908489052125876,47.09245,40.74209,Веселый,Ростовская Область,,Россия,ok
Весенний п,Оренбургская обл,весенний,8.0,53.96694,38.48559,Весенний,Тульская Область,,Россия,ok
Весьегонск г,Тверская обл,весьегонск,14.90120113770364,58.66769,37.26365,Весьегонск,Тверская Область,,Россия,ok
Ветлуга г,Нижегородская обл,ветлуга,14.904263152755007,57.85516,45.77773,Ветлуга,Нижегородская Область,,Россия,ok
Ветлужский рп,Нижегородская обл,ветлужский,14.858316818033977,57.17355,45.12272,Ветлужский,Нижегородская Область,,Россия,ok
Вешенская ст-ца,Ростовская обл,,,,,,,,,not_found
Вешкайма рп,Ульяновская обл,вешкайма,14.886615849228493,54.05021,47.12197,Вешкайма,Ульяновская Область,,Россия,ok
Видное г,Московская обл,видное,15.08536385018984,55.5523,37.70885,Видное,Московская область,Ленинский Район,Россия,ok
Видяево п,Мурманская обл,видяево,14.886262516940892,69.31914,32.80488,Видяево,Мурманская Область,Vidyayevo,Россия,ok
Визинга с,Коми Респ,визинга,14.882305893430164,61.07321,50.07756,Визинга,Коми,,Россия,ok
Вилга д,Карелия Респ,вилга,14.0,61.81872,34.08302,Вилга,Карелия,,Россия,ok
Виллози гп,Ленинградская обл,,,,,,,,,not_found
Виловатово с,Марий Эл Респ,виловатово,14.71616220029392,56.1724,46.60134,Виловатово,Марий Эл,,Россия,ok
Винзили рп,Тюменская обл,винзили,8.93254531790767,56.95938,65.7708,Винзили,Тюмень,,Россия,ok
Винницы с,Ленинградская обл,винницы,14.769666708152648,60.62867,34.77302,Винницы,Ленинградская область,,Россия,ok
Виноградный п,Краснодарский край,виноградный,14.80867179203039,45.0561,37.32125,Виноградный,Краснодарский край,,Россия,ok
Виноградово п,Московская обл,виноградово,14.916962253869762,56.93333,37.55,Виноградово,Московская область,,Россия,ok
Винсады с,Ставропольский край,винсады,8.90994088112689,44.08083,42.96528,Винсады,Ставрополье,,Россия,ok
Вистино д,Ленинградская обл,вистино,14.778364059622126,59.77558,28.47708,Вистино,Ленинградская область,,Россия,ok
Вичуга г,Ивановская обл,вичуга,15.057316137691044,57.2145,41.92555,Вичуга,Ивановская Область,,Россия,ok
Вишневогорск рп,Челябинская обл,вишневогорск,14.866578559546609,55.9913,60.6579,Вишневогорск,Челябинская,,Россия,ok
Владикавказ г,Северная Осетия - Алания Респ,владикавказ,9.263218642816437,43.04101,44.66986,Владикавказ,Северная Осетия,,Россия,ok
Владимир г,Владимирская обл,владимир,15.278556108632111,56.13854,40.39976,Владимир,Владимирская область,,Россия,ok
Владимирская ст-ца,Краснодарский край,,,,,,,,,not_found
Владимирский Лагерь м,Псковская обл,,,,,,,,,not_found
Власиха п,Московская обл,власиха,14.0,55.68423,37.19661,Власиха,Московская область,,Россия,ok
Вожгалы с,Кировская обл,вожгалы,14.0,58.15649,50.19893,Вожгалы,Кировская Область,,Россия,ok
Вожега рп,Вологодская обл,вожега,14.881045964216192,60.47246,40.22134,Вожега,Вологодская Область,,Россия,ok
Вознесенка с,Челябинская обл,вознесенка,14.0,55.53694,59.62556,Вознесенка,Челябинская,,Россия,ok
Вознесенская ст-ца,Краснодарский край,,,,,,,,,not_found
Вознесенское рп,Нижегородская обл,вознесенское,14.87408166275673,54.88979,42.75703,Вознесенское,Нижегородская Область,Вознесенский Район,Россия,ok
Вознесенское с,Пермский край,вознесенское,14.0,58.15525,54.62891,Вознесенское,Пермский край,,Россия,ok
Войсковицы д,Ленинградская обл,войсковицы,14.826796230533873,59.53266,29.9362,Войсковицы,Ленинградская область,,Россия,ok
Войсковицы п,Ленинградская обл,войсковицы,14.826796230533873,59.53266,29.9362,Войсковицы,Ленинградская область,,Россия,ok
Волга п,Ярославская обл,волга,14.815190987294091,57.95157,38.38785,Волга,Ярославская Область,,Россия,ok
Волгоград г,Волгоградская обл,волгоград,15.382895379142546,48.71378,44.4976,Волгоград,Волгоградская Область,,Россия,ok
Волгодонск г,Ростовская обл,волгодонск,15.203012274654307,47.51141,42.15269,Волгодонск,Ростовская Область,,Россия,ok
Волгореченск г,Костромская обл,волгореченск,14.978137641414117,57.44441,41.16335,Волгореченск,Костромская Область,,Россия,ok
Волжск г,Марий Эл Респ,волжск,15.096821553075925,55.86661,48.35931,Волжск,Марий Эл,,Россия,ok
Волжский Утес п,Самарская обл,,,,,,,,,not_found
Волжский г,Волгоградская обл,волжский,15.268631740492705,48.78583,44.77973,Волжский,Волгоградская Область,,Россия,ok
Волжский пгт,Самарская обл,волжский,14.885950548451913,53.43058,50.119,Волжский,Самарская Область,,Россия,ok
Волово п,Тульская обл,волово,14.831630024903683,53.55818,38.0041,Волово,Тульская Область,,Россия,ok
Волово с,Липецкая обл,волово,14.830325712085294,52.02684,37.88204,Волово,Липецкая Область,,Россия,ok
Вологда г,Вологодская обл,вологда,15.265210691619927,59.2239,39.88398,Вологда,Вологодская Область,,Россия,ok
Володарск г,Нижегородская обл,володарск,14.929311779843376,56.22547,43.17585,Володарск,Нижегородская Область,Володарский Район,Россия,ok
Володарский п,Астраханская обл,володарский,14.916009915553945,46.40431,48.53899,Володарский,Астраханская Область,,Россия,ok
Волоколамск г,Московская обл,волоколамск,15.012667110305037,56.03361,35.96944,Волоколамск,Московская область,Волоколамский Городской Округ,Россия,ok
Волоконовка п,Белгородская обл,волоконовка,14.94265801469736,50.48504,37.86093,Волоконовка,Белгородская Область,,Россия,ok
Волосово г,Ленинградская обл,волосово,14.940071276695983,59.44525,29.48911,Волосово,Ленинградская область,,Россия,ok
Волошино сл,Ростовская обл,,,,,,,,,not_found
Волхов г,Ленинградская обл,волхов,15.072928448719152,59.92335,32.33966,Волхов,Ленинградская область,Волховский район,Россия,ok
Волчанск г,Свердловская обл,волчанск,14.924994562656854,59.9378,60.081,Волчанск,Свердловская Область,,Россия,ok
Вольгинский п,Владимирская обл,вольгинский,14.86154082389132,55.942,39.247,Вольгинский,Владимирская область,,Россия,ok
Вольное с,Адыгея Респ,вольное,14.0,44.6232,40.7034,Вольное,Адыгея,,Россия,ok
Вольск г,Саратовская обл,вольск,15.116338217309693,52.04172,47.38267,Вольск,Саратовская Область,,Россия,ok
Воля п,Воронежская обл,воля,14.897081334141143,51.7696,39.5359,Воля,Воронежская Область,,Россия,ok
Воробьевка с,Воронежская обл,воробьевка,14.0,50.6481,40.95028,Воробьевка,Воронежская Область,,Россия,ok
Воронеж г,Воронежская обл,воронеж,15.386196466233615,51.66833,39.19204,Воронеж,Воронежская Область,,Россия,ok
Воронеж-45 г,Воронежская обл,,,,,,,,,not_found
Воронежская ст-ца,Краснодарский край,,,,,,,,,not_found
Воронцовка с,Воронежская обл,воронцовка,14.853070154144104,50.6132,40.3549,Воронцовка,Воронежская Область,,Россия,ok
Воротынец рп,Нижегородская обл,воротынец,14.872453251118548,56.061,45.86522,Воротынец,Нижегородская Область,Воротынский Район,Россия,ok
Воротынск п,Калужская обл,воротынск,14.0,54.47107,36.05333,Воротынск,Калужская Область,,Россия,ok
Ворсино с,Калужская обл,ворсино,8.0,57.06661,42.23256,Ворсино,Ивановская Область,,Россия,ok
Ворсма г,Нижегородская обл,ворсма,14.942246342000692,55.99062,43.27249,Ворсма,Нижегородская Область,,Россия,ok
Воскресеновка с,Липецкая обл,воскресеновка,14.0,52.69638,39.68214,Воскресеновка,Липецкая Область,,Россия,ok
Воскресенск г,Московская обл,воскресенск,15.125268993314284,55.313,38.691,Воскресенск,Московская область,,Россия,ok
Воскресенское рп,Нижегородская обл,воскресенское,14.87043364384894,56.83816,45.4322,Воскресенское,Нижегородская Область,Воскресенский Район,Россия,ok
Воскресенское с,Калужская обл,воскресенское,8.87043364384894,56.83816,45.4322,Воскресенское,Нижегородская Область,Воскресенский Район,Россия,ok
Воскресенское с,Саратовская обл,воскресенское,14.807464907506665,51.82194,46.93614,Воскресенское,Саратовская Область,,Россия,ok
Воскресенское с,Тульская обл,воскресенское,8.87043364384894,56.83816,45.4322,Воскресенское,Нижегородская Область,Воскресенский Район,Россия,ok
Восточный п,Свердловская обл,восточный,14.863692987301857,58.79991,61.81391,Восточный,Свердловская Область,,Россия,ok
Восход п,Свердловская обл,восход,8.0,55.97497,36.4556,Восход,Московская область,,Россия,ok
Воткинск г,Удмуртская Респ,воткинск,9.149917130873757,57.04867,53.9872,Воткинск,Удмуртия,,Россия,ok
Вохма п,Костромская обл,вохма,14.844762872803033,58.93091,46.75927,Вохма,Костромская Область,,Россия,ok
Вохтога пгт,Вологодская обл,вохтога,14.886897618927454,58.80949,41.06245,Вохтога,Вологодская Область,,Россия,ok
Всеволожск г,Ленинградская обл,всеволожск,15.078363283777392,60.01512,30.67314,Всеволожск,Ленинградская область,,Россия,ok
Вуктыл г,Коми Респ,вуктыл,14.952471305968102,63.8478,57.30987,Вуктыл,Коми,,Россия,ok
Вурнары пгт,Чувашская Республика - Чувашия,вурнары,8.928970592735693,55.49044,46.96479,Вурнары,Чувашия,,Россия,ok
Выборг г,Ленинградская обл,выборг,15.127255945486043,60.70763,28.75283,Выборг,Ленинградская область,,Россия,ok
Выборгский р-н,Ленинградская обл,,,,,,,,,not_found
Выгоничи п,Брянская обл,выгоничи,14.853444354482276,53.09978,34.06741,Выгоничи,Брянская Область,,Россия,ok
Выгорное 1-е с,Курская обл,,,,,,,,,not_found
Выкса г,Нижегородская обл,выкса,15.102947178800008,55.32058,42.17402,Выкса,Нижегородская Область,,Россия,ok
Выльгорт с,Коми Респ,выльгорт,14.0,64.06048,46.99777,Выльгорт,Коми,,Россия,ok
Выра д,Ленинградская обл,выра,14.568697535633982,59.3458,29.95852,Выра,Ленинградская область,,Россия,ok
Вырица гп,Ленинградская обл,,,,,,,,,not_found
Вырица пгт,Ленинградская обл,вырица,14.931542084842668,59.40778,30.34806,Вырица,Ленинградская область,,Россия,ok
Выселки с,Самарская обл,выселки,14.0,53.6426,49.2947,Выселки,Самарская Область,,Россия,ok
Выселки ст-ца,Краснодарский край,,,,,,,,,not_found
Выскатка д,Ленинградская обл,выскатка,14.0,59.01901,28.18322,Выскатка,Ленинградская область,,Россия,ok
Высокая Гора с,Татарстан Респ,высокая гора,14.898894529119609,55.90988,49.31343,Высокая Гора,Татарстан,,Россия,ok
Высоковск г,Московская обл,высоковск,14.92847982828942,56.31667,36.55,Высоковск,Московская область,,Россия,ok
Высоконские Дворы х,Курская обл,высоконские дворы,14.0,51.48518,36.06865,Высоконские Дворы,Курская Область,,Россия,ok
Высоцк г,Ленинградская обл,высоцк,14.753583046279836,60.62534,28.56808,Высоцк,Ленинградская область,,Россия,ok
Вытегра г,Вологодская обл,вытегра,14.931470038730042,61.00636,36.44811,Вытегра,Вологодская Область,,Россия,ok
Вышков рп,Брянская обл,вышков,14.796623977655948,52.4764,31.6873,Вышков,Брянская Область,,Россия,ok
Вышний Волочек г,Тверская обл,вышний волочек,15.089304733333773,57.5888,34.56854,Вышний Волочёк,Тверская Область,,Россия,ok
Вязники г,Владимирская обл,вязники,15.057755384528328,56.24227,42.14911,Вязники,Владимирская область,,Россия,ok
Вязовка с,Нижегородская обл,вязовка,14.0,57.42291,46.65532,Вязовка,Нижегородская Область,,Россия,ok
Вязьма г,Смоленская обл,вязьма,15.092415631759025,55.20997,34.29695,Вязьма,Смоленская Область,,Россия,ok
Вязьма-Брянская с,Смоленская обл,,,,,,,,,not_found
Вятские Поляны г,Кировская обл,вятские поляны,15.058494163450504,56.22912,51.06098,Вятские Поляны,Кировская Область,,Россия,ok
Вяхтелево д,Ленинградская обл,,,,,,,,,not_found
Гаврилов Посад г,Ивановская обл,гаврилов посад,14.884635304331432,56.55894,40.12039,Гаврилов Посад,Ивановская Область,,Россия,ok
Гаврилов-Ям г.,Ярославская обл,,,,,,,,,not_found
Гагарин г,Смоленская обл,гагарин,15.027090459300677,55.55329,34.99684,Гагарин,Смоленская Область,,Россия,ok
Гагино с,Нижегородская обл,гагино,14.8277411998949,55.23103,45.02448,Гагино,Нижегородская Область,Гагинский Район,Россия,ok
Гаджиево г,Мурманская обл,гаджиево,14.956282655529346,69.25506,33.33616,Гаджиево,Мурманская Область,,Россия,ok
Газопровод п,Липецкая обл,газопровод,14.0,52.6009,38.4391,Газопровод,Липецкая Область,,Россия,ok
Гай г,Оренбургская обл,гай,15.063633609994763,51.47274,58.45155,Гай,Оренбургская Область,,Россия,ok
Гай-Кодзор с,Краснодарский край,,,,,,,,,not_found
Гайны п,Пермский край,гайны,14.837378460812088,60.30443,54.32413,Гайны,Пермский край,,Россия,ok
Галич г,Костромская обл,галич,14.983064800635916,58.37884,42.34633,Галич,Костромская Область,,Россия,ok
Гамово с,Пермский край,гамово,14.83809151731236,57.8652,56.1056,Гамово,Пермский край,,Россия,ok
Гарь-Покровское п,Московская обл,,,,,,,,,not_found
Гатчина г,Ленинградская обл,гатчина,15.140491700214822,59.57639,30.12833,Гатчина,Ленинградская область,Гатчинский Район,Россия,ok
Гать д,Орловская обл,гать,14.0,52.88876,36.01471,Гать,Орловская Область,,Россия,ok
Гафурово с,Башкортостан Респ,гафурово,14.0,54.52367,53.69615,Гафурово,Башкортостан,,Россия,ok
Гвардейск г,Калининградская обл,гвардейск,14.947952746179173,54.64772,21.06513,Гвардейск,Калининградская Область,,Россия,ok
Гдов г,Псковская обл,гдов,14.86164953924901,58.74439,27.81959,Гдов,Псковская Область,,Россия,ok
Геленджик г,Краснодарский край,геленджик,15.083399672164784,44.58014,38.06646,Геленджик,Краснодарский край,,Россия,ok
Генеральское с,Саратовская обл,генеральское,14.0,51.59361,46.34056,Генеральское,Саратовская Область,,Россия,ok
Георгиевка с,Самарская обл,георгиевка,14.819946419761216,53.27438,50.99848,Георгиевка,Самарская Область,,Россия,ok
Георгиевск г,Ставропольский край,георгиевск,9.119340866899844,44.1494,43.47019,Георгиевск,Ставрополье,,Россия,ok
Георгиевское с,Краснодарский край,георгиевское,8.793773177526012,58.73187,45.02554,Георгиевское,Костромская Область,,Россия,ok
Гиагинская ст-ца,Адыгея Респ,,,,,,,,,not_found
Гигант п,Ростовская обл,гигант,14.921383426123043,46.50665,41.34185,Гигант,Ростовская Область,,Россия,ok
Гидроторф рп,Нижегородская обл,гидроторф,14.89126079636709,56.47562,43.53813,Гидроторф,Нижегородская Область,Балахнинский Район,Россия,ok
Гирей пгт,Краснодарский край,гирей,14.881180122393877,45.4012,40.6587,Гирей,Краснодарский край,,Россия,ok
Глажево п,Ленинградская обл,глажево,14.0,59.7,32.13333,Глажево,Ленинградская область,,Россия,ok
Глазов г.,Удмуртская Респ,глазов,9.151967265142748,58.14,52.65619,Глазов,Удмуртия,,Россия,ok
Глазуновка пгт,Орловская обл,глазуновка,14.880492526261806,52.50057,36.31997,Глазуновка,Орловская Область,,Россия,ok
Глебово с,Ярославская обл,глебово,14.604973345523195,58.00519,38.44731,Глебово,Ярославская Область,,Россия,ok
Глебовский п,Московская обл,глебовский,8.0,52.49849,36.22191,Глебовский,Орловская Область,,Россия,ok
Глебычево п,Ленинградская обл,глебычево,14.80845624152353,60.43868,28.71826,Глебычево,Ленинградская область,Выборгский Район,Россия,ok
Глинищево с,Брянская обл,глинищево,11.833254893925265,53.30332,34.07158,Глинище,Брянская Область,Брянский Район,Россия,ok
Глинка с,Смоленская обл,глинка,14.758324752430337,54.6435,32.87299,Глинка,Смоленская Область,,Россия,ok
Глинково с,Московская обл,глинково,14.0,56.6,37.26667,Глинково,Московская область,,Россия,ok
Глинское с,Свердловская обл,глинское,14.0,57.48077,61.42004,Глинское,Свердловская Область,,Россия,ok
Глубокий рп,Ростовская обл,глубокий,14.932598779550217,48.52716,40.33144,Глубокий,Ростовская Область,,Россия,ok
Голицыно г,Московская обл,голицыно,14.968390017054968,55.60928,36.98212,Голицыно,Московская область,,Россия,ok
Головеньки д,Московская обл,головеньки,8.0,57.415,37.81278,Головеньки,Тверская Область,,Россия,ok
Головино п,Владимирская обл,головино,14.800336305862997,55.96128,40.42511,Головино,Владимирская область,,Россия,ok
Головково д,Нижегородская обл,головково,8.0,57.8352,33.56962,Головково,Тверская Область,,Россия,ok
Головчино с,Белгородская обл,головчино,14.858615939588097,50.5341,35.797,Головчино,Белгородская Область,,Россия,ok
Голубицкая ст-ца,Краснодарский край,,,,,,,,,not_found
Голынки п,Смоленская обл,голынки,14.823827262463302,54.86964,31.38609,Голынки,Смоленская Область,,Россия,ok
Голышманово рп,Тюменская обл,голышманово,8.950487391937706,56.39865,68.37555,Голышманово,Тюмень,,Россия,ok
Горбатов г,Нижегородская обл,горбатов,14.756786260546388,56.1311,43.06363,Горбатов,Нижегородская Область,Павловский Район,Россия,ok
Горбунки д,Ленинградская обл,горбунки,14.893155196669452,59.81307,29.98478,Горбунки,Ленинградская область,,Россия,ok
Горбуша п,Московская обл,горбуша,8.0,60.061,36.9314,Горбуша,Вологодская Область,,Россия,ok
Гордеевка с,Брянская обл,гордеевка,14.800836557031293,52.9569,31.9703,Гордеевка,Брянская Область,,Россия,ok
Горелое с,Тамбовская обл,горелое,14.8277411998949,52.93697,41.50435,Горелое,Тамбовская Область,,Россия,ok
Горка-Муравьевская д,Архангельская обл,,,,,,,,,not_found
Горки-10 п,Московская обл,,,,,,,,,not_found
Горно-Алтайск г,Алтай Респ,,,,,,,,,not_found
Горнозаводск г,Пермский край,горнозаводск,14.94569660474376,58.37314,58.32607,Горнозаводск,Пермский край,,Россия,ok
Горнозаводское с,Ставропольский край,горнозаводское,8.0,44.02639,43.94722,Горнозаводское,Ставрополье,,Россия,ok
Горный (Двуреченское с/п) п,Пермский край,,,,,,,,,not_found
Горный рп,Новосибирская обл,горный,14.919105561056432,55.1153,83.9059,Горный,Новосибирская Область,,Россия,ok
Горный рп,Саратовская обл,горный,14.886021535890118,51.75748,48.53688,Горный,Саратовская Область,,Россия,ok
Горняк г,Алтайский край,горняк,14.96594395171044,50.99529,81.46693,Горняк,Алтайский Край,,Россия,ok
Горняцкий п,Ростовская обл,горняцкий,14.913701670755731,48.29649,40.92404,Горняцкий,Ростовская Область,,Россия,ok
Городец г,Нижегородская обл,городец,15.036687559697723,56.65497,43.47269,Городец,Нижегородская Область,,Россия,ok
Городище г,Пензенская обл,городище,14.90282187951849,53.2775,45.7017,Городище,Пензенская Область,,Россия,ok
Городище рп,Волгоградская обл,городище,14.987868243361715,48.80263,44.47491,Городище,Волгоградская Область,,Россия,ok
Городище с,Белгородская обл,городище,8.987868243361715,48.80263,44.47491,Городище,Волгоградская Область,,Россия,ok
Городищи п,Владимирская обл,городищи,14.0,55.86765,39.08457,Городищи,Владимирская область,,Россия,ok
Гороховец г,Владимирская обл,гороховец,14.95643718249695,56.19958,42.68866,Гороховец,Владимирская область,,Россия,ok
Горшечное рп,Курская обл,горшечное,14.881863022910036,51.52356,38.03799,Горшечное,Курская Область,,Россия,ok
Горы с,Московская обл,горы,8.0,56.86973,34.65442,Горы,Тверская Область,,Россия,ok
Горьковское рп,Омская обл,горьковское,14.0,55.36852,74.36689,Горьковское,Омская Область,,Россия,ok
Горячий Ключ г,Краснодарский край,горячий ключ,15.024277724497,44.63394,39.13582,Горячий Ключ,Краснодарский край,,Россия,ok
Горячий Ключ п,Омская обл,горячий ключ,14.0,55.0299,73.1471,Горячий Ключ,Омская Область,,Россия,ok
Гостагаевская ст-ца,Краснодарский край,,,,,,,,,not_found
Гостилицы д,Ленинградская обл,гостилицы,14.81786387885907,59.74832,29.62205,Гостилицы,Ленинградская область,,Россия,ok
Гофицкое с,Ставропольский край,гофицкое,8.861141186665522,45.07917,43.04639,Гофицкое,Ставрополье,,Россия,ok
Грабово с,Пензенская обл,грабово,14.88961774222748,53.38751,45.06395,Грабово,Пензенская Область,,Россия,ok
Грайворон г,Белгородская обл,грайворон,14.873439915006369,50.47893,35.68087,Грайворон,Белгородская Область,,Россия,ok
Грахово с,Удмуртская Респ,грахово,8.81318247850072,56.05017,51.96758,Грахово,Удмуртия,,Россия,ok
Грачевка с,Оренбургская обл,грачевка,14.0,52.91996,52.87026,Грачевка,Оренбургская Область,,Россия,ok
Грачевка с,Ставропольский край,грачевка,8.0,52.91996,52.87026,Грачевка,Оренбургская Область,,Россия,ok
Гремячее с,Тульская обл,гремячее,14.0,54.13149,38.6607,Гремячее,Тульская Область,,Россия,ok
Гремячинск г,Пермский край,гремячинск,14.940054742304412,58.5603,57.851,Гремячинск,Пермский край,,Россия,ok
Гремячье с,Воронежская обл,гремячье,14.0,51.97551,38.799,Гремячье,Воронежская Область,,Россия,ok
Грибановский пгт,Воронежская обл,грибановский,14.97538848483049,51.45015,41.96206,Грибановский,Воронежская Область,,Россия,ok
Гривенская ст-ца,Краснодарский край,,,,,,,,,not_found
Григорово д,Новгородская обл,григорово,14.0,58.5508,31.20739,Григорово,Новгородская Область,,Россия,ok
Григорополисская ст-ца,Ставропольский край,,,,,,,,,not_found
Грицовский п,Тульская обл,грицовский,14.879011689289246,54.13761,38.16043,Грицовский,Тульская Область,,Россия,ok
Грязи г,Липецкая обл,грязи,15.076667282272318,52.49535,39.94031,Грязи,Липецкая Область,,Россия,ok
Грязновское с,Свердловская обл,грязновское,14.730451594646016,56.7825,61.7053,Грязновское,Свердловская Область,,Россия,ok
Грязовец г,Вологодская обл,грязовец,14.968868412549693,58.88,40.2525,Грязовец,Вологодская Область,,Россия,ok
Губаха г,Пермский край,губаха,15.018889203324385,58.83862,57.55325,Губаха,Пермский край,,Россия,ok
Губино (Белавинское с/п) д,Московская обл,,,,,,,,,not_found
Губкин г,Белгородская обл,губкин,15.137367489182353,51.28375,37.5351,Губкин,Белгородская Область,,Россия,ok
Губкинский г,Ямало-Ненецкий АО,губкинский,14.992642252381865,64.434,76.50261,Губкинский,Ямало-Ненецкий АО,,Россия,ok
Гуково г,Ростовская обл,гуково,15.109862140819486,48.06212,39.9355,Гуково,Ростовская Область,,Россия,ok
Гулькевичи г,Краснодарский край,гулькевичи,15.046178819032631,45.35383,40.69465,Гулькевичи,Краснодарский край,,Россия,ok
Гурьевск г,Кемеровская область - Кузбасс обл,гурьевск,9.012667110305037,54.28409,85.94806,Гурьевск,Кузба́сс,,Россия,ok
Гурьевск г.,Калининградская обл,гурьевск,14.934792603492877,54.77323,20.60521,Гурьевск,Калининградская Область,,Россия,ok
Гусев г,Калининградская обл,гусев,15.026433876371827,54.59222,22.19972,Гусев,Калининградская Область,,Россия,ok
Гусино д,Смоленская обл,гусино,14.0,54.725,31.36778,Гусино,Смоленская Область,,Россия,ok
Гусь-Железный рп,Рязанская обл,,,,,,,,,not_found
Гусь-Хрустальный г,Владимирская обл,,,,,,,,,not_found
Давлеканово г,Башкортостан Респ,давлеканово,15.00838488559549,54.21761,55.03064,Давлеканово,Башкортостан,,Россия,ok
Давыдовка рп,Воронежская обл,давыдовка,14.867282848294767,51.15781,39.42915,Давыдовка,Воронежская Область,,Россия,ok
Давыдово (Давыдовское с/п) д,Московская обл,,,,,,,,,not_found
Давыдово д,Московская обл,давыдово,14.926926943950548,55.60859,38.86109,Давыдово,Московская область,,Россия,ok
Далматово г,Курганская обл,далматово,14.958376426587288,56.25958,62.93467,Далматово,Курганская Область,,Россия,ok
Дальнее Константиново рп,Нижегородская обл,дальнее константиново,14.84084937744929,55.80844,44.0889,Дальнее Константиново,Нижегородская Область,,Россия,ok
Данилов г,Ярославская обл,данилов,14.97296697362334,58.19077,40.17081,Данилов,Ярославская Область,,Россия,ok
Данки м,Московская обл,,,,,,,,,not_found
Данков г,Липецкая обл,данков,15.003950335645357,53.24976,39.14409,Данков,Липецкая Область,,Россия,ok
Дарна с,Московская обл,дарна,14.0,55.92888,36.93208,Дарна,Московская область,,Россия,ok
Даховская ст-ца,Адыгея Респ,,,,,,,,,not_found
Дворики д,Владимирская обл,дворики,8.0,54.96785,35.97295,Дворики,Калужская Область,Медынский Район,Россия,ok
Дворцы с,Калужская обл,дворцы,14.73085427975392,54.61677,35.9974,Дворцы,Калужская Область,,Россия,ok
Двубратский п,Краснодарский край,двубратский,14.923727437321627,45.23888,39.80499,Двубратский,Краснодарский край,,Россия,ok
Двуреченск п,Свердловская обл,двуреченск,14.854130026675946,56.5982,61.0953,Двуреченск,Свердловская Область,,Россия,ok
Дебесы с,Удмуртская Респ,,,,,,,,,not_found
Девица с,Воронежская обл,девица,14.83870845060692,51.63505,38.95607,Девица,Воронежская Область,,Россия,ok
Девица с,Липецкая обл,девица,14.0,51.9885,39.7855,Девица,Липецкая Область,,Россия,ok
Девятины с,Вологодская обл,девятины,14.0,60.92123,36.7849,Девятины,Вологодская Область,,Россия,ok
Дегтярск г,Свердловская обл,дегтярск,14.9635281256585,56.704,60.0879,Дегтярск,Свердловская Область,,Россия,ok
Деденево рп,Московская обл,деденево,14.87727652099498,56.24283,37.51769,Деденёво,Московская область,,Россия,ok
Дедовичи рп,Псковская обл,дедовичи,14.917024727840976,57.5516,29.94684,Дедовичи,Псковская Область,,Россия,ok
Дедовск г,Московская обл,дедовск,15.02036662163172,55.86861,37.12222,Дедовск,Московская область,,Россия,ok
Демихово д,Московская обл,демихово,14.86079475546847,55.79685,38.88404,Демихово,Московская область,,Россия,ok
Демянск рп,Новгородская обл,демянск,14.864716826783798,57.64456,32.46568,Демянск,Новгородская Область,,Россия,ok
Депо п,Вологодская обл,депо,5.0,61.11583,44.80222,Деповский Поселок,Архангельская Область,,Россия,ok
Дербыши д,Тюменская обл,дербыши,8.0,55.83074,40.06842,Дербыши,Владимирская область,,Россия,ok
Дергачи рп,Саратовская обл,дергачи,14.91664929721959,51.23497,48.76598,Дергачи,Саратовская Область,,Россия,ok
Деревянное с,Карелия Респ,,,,,,,,,not_found
Десногорск г,Смоленская обл,десногорск,15.038751735351497,54.15077,33.28151,Десногорск,Смоленская Область,,Россия,ok
Детчино с,Калужская обл,детчино,14.848446336679332,54.80923,36.3075,Детчино,Калужская Область,,Россия,ok
Дефановка с,Краснодарский край,дефановка,14.0,44.4265,38.7789,Дефановка,Краснодарский край,,Россия,ok
Джалиль пгт,Татарстан Респ,джалиль,14.96022473154855,55.0239,52.7358,Джалиль,Татарстан,,Россия,ok
Джигинка с,Краснодарский край,джигинка,14.83138522673982,45.133,37.33825,Джигинка,Краснодарский край,,Россия,ok
Джубга пгт,Краснодарский край,джубга,14.857828829077604,44.3211,38.7073,Джубга,Краснодарский край,,Россия,ok
Дзержинск г,Нижегородская обл,дзержинск,15.235933864843188,56.24422,43.45543,Дзержинск,Нижегородская Область,,Россия,ok
Дзержинский г.,Московская обл,дзержинский,15.076138616869656,55.62737,37.85803,Дзержинский,Московская область,,Россия,ok
Дзержинское с,Красноярский край,дзержинское,14.895879734614027,56.83004,95.22656,Дзержинское,Красноярский Край,,Россия,ok
Дивеево с,Нижегородская обл,дивеево,14.876264602965028,55.04071,43.24759,Дивеево,Нижегородская Область,,Россия,ok
Дивногорск г,Красноярский край,дивногорск,15.03095857935067,55.93924,92.37513,Дивногорск,Красноярский Край,,Россия,ok
Дивное с,Ставропольский край,дивное,8.966147968357552,45.90973,43.34943,Дивное,Ставрополье,,Россия,ok
Диево-Городище с,Ярославская обл,,,,,,,,,not_found
Димитровград г,Ульяновская обл,димитровград,15.179227542155244,54.21386,49.61838,Димитровград,Ульяновская Область,,Россия,ok
Динская ст-ца,Краснодарский край,,,,,,,,,not_found
Дичня с,Курская обл,дичня,14.0,51.65928,35.72824,Дичня,Курская Область,,Россия,ok
Дмитриев г,Курская обл,дмитриев,14.872777821348304,52.1257,35.0755,Дмитриев,Курская Область,,Россия,ok
Дмитриевка рп,Тамбовская обл,дмитриевка,14.880926561216931,52.88117,40.79009,Дмитриевка,Тамбовская Область,,Россия,ok
Дмитриевка с,Башкортостан Респ,дмитриевка,14.82419665602318,54.75,55.33333,Дмитриевка,Башкортостан,,Россия,ok
Дмитриевская ст-ца,Краснодарский край,,,,,,,,,not_found
Дмитров г,Московская обл,дмитров,15.102854701121908,56.34485,37.52041,Дмитров,Московская область,,Россия,ok
Дмитровск г,Орловская обл,дмитровск,11.855217416031149,52.505,35.1464,Дмитровск-Орловский,Орловская Область,,Россия,ok
Дмитровский Погост с,Московская обл,дмитровский погост,14.7650168700845,55.31333,39.83358,Дмитровский Погост,Московская область,,Россия,ok
Днепровская ст-ца,Краснодарский край,,,,,,,,,not_found
Дно г,Псковская обл,дно,14.917035136375985,57.82882,29.96917,Дно,Псковская Область,,Россия,ok
Добринка п,Липецкая обл,добринка,14.921671997894022,52.16528,40.47306,Добринка,Липецкая Область,,Россия,ok
Доброе с,Липецкая обл,доброе,14.862173337069017,52.8626,39.80506,Доброе,Липецкая Область,,Россия,ok
Добрунь д,Брянская обл,добрунь,14.832457884513683,53.18749,34.23958,Добрунь,Брянская Область,,Россия,ok
Добрянка г,Пермский край,добрянка,15.0413072406866,58.46484,56.41299,Добрянка,Пермский край,Добрянский Городской Округ,Россия,ok
Довольное с,Новосибирская обл,довольное,14.88209946457479,54.49457,79.66766,Довольное,Новосибирская Область,,Россия,ok
Долгодеревенское с,Челябинская обл,долгодеревенское,14.885037430393924,55.35013,61.34155,Долгодеревенское,Челябинская,,Россия,ok
Долгое пгт,Орловская обл,долгое,14.0,52.05814,37.52491,Долгое,Орловская Область,,Россия,ok
Долгопрудный г,Московская обл,долгопрудный,15.11310792224607,55.94958,37.50183,Долгопрудный,Московская область,,Россия,ok
Долгоруково с,Липецкая обл,долгоруково,14.863052187672324,52.32319,38.35412,Долгоруково,Липецкая Область,,Россия,ok
Должанская ст-ца,Краснодарский край,,,,,,,,,not_found
Домбаровский п,Оренбургская обл,домбаровский,14.916502914926618,50.75779,59.53864,Домбаровский,Оренбургская Область,,Россия,ok
Домодедово г,Московская обл,домодедово,15.0894663097602,55.44223,37.75372,Домодедово,Московская область,Городской Округ Домодедово,Россия,ok
Дондуковская ст-ца,Адыгея Респ,,,,,,,,,not_found
Донецк г,Ростовская обл,донецк,15.083665506696672,48.33751,39.95416,Донецк,Ростовская Область,,Россия,ok
Донское с,Липецкая обл,донское,14.825868149626425,52.6174,38.9738,Донское,Липецкая Область,,Россия,ok
Донское с,Ставропольский край,донское,8.964665794356712,45.45346,41.97244,Донское,Ставрополье,,Россия,ok
Донское с,Тамбовская обл,донское,14.836776467792433,52.77495,41.47759,Донское,Тамбовская Область,,Россия,ok
Донской г,Тульская обл,донской,15.037252196224031,53.96796,38.33151,Донской,Тульская Область,,Россия,ok
Дорогобуж г,Смоленская обл,дорогобуж,14.941686661746695,54.91511,33.29877,Дорогобуж,Смоленская Область,,Россия,ok
Дракино с,Воронежская обл,дракино,14.803008409426756,51.13898,39.40215,Дракино,Воронежская Область,,Россия,ok
Дрезна г,Московская обл,дрезна,14.93402276328106,55.74208,38.84753,Дрезна,Московская область,,Россия,ok
Дросково с,Орловская обл,дросково,14.0,52.49043,37.07516,Дросково,Орловская Область,,Россия,ok
Дружинино пгт,Свердловская обл,дружинино,14.797177612288063,56.78945,59.51428,Дружинино,Свердловская Область,,Россия,ok
Дружино с,Омская обл,дружино,14.0,55.02345,73.13116,Дружино,Омская Область,,Россия,ok
Дружная Горка гп,Ленинградская обл,,,,,,,,,not_found
Дубенки с,Мордовия Респ,дубенки,14.0,54.44717,46.30561,Дубенки,Мордовия,,Россия,ok
Дубки п,Саратовская обл,дубки,8.862640627638955,43.02116,46.83746,Дубки,Дагестан,,Россия,ok
Дубна г,Московская обл,дубна,15.10121326769046,56.74049,37.18648,Дубна,Московская область,,Россия,ok
Дубна п,Тульская обл,дубна,14.870284253830286,54.15446,36.96138,Дубна,Тульская Область,,Россия,ok
Дубовицы д,Новгородская обл,дубовицы,14.0,58.85,31.66667,Дубовицы,Новгородская Область,,Россия,ok
Дубовка (квартал 5/15) п,Тульская обл,,,,,,,,,not_found
Дубовка г,Волгоградская обл,дубовка,14.963023421673649,49.05616,44.82913,Дубовка,Волгоградская Область,,Россия,ok
Дубовка п,Тульская обл,дубовка,14.90990735595476,53.95223,38.06276,Дубовка,Тульская Область,,Россия,ok
Дубовое п,Белгородская обл,дубовое,8.0,48.1848,43.93809,Дубовое,Волгоградская Область,,Россия,ok
Дубовское с,Ростовская обл,дубовское,14.898969370086055,47.41042,42.7655,Дубовское,Ростовская Область,,Россия,ok
Дубровичи с,Рязанская обл,дубровичи,14.0,54.6556,39.9285,Дубровичи,Рязанская Область,,Россия,ok
Дубровка гп,Ленинградская обл,,,,,,,,,not_found
Дубровка пгт,Ленинградская обл,дубровка,14.895828281049733,59.84472,30.93417,Дубровка,Ленинградская область,,Россия,ok
Дубровка рп,Брянская обл,дубровка,14.903931477492408,53.69245,33.50532,Дубровка,Брянская Область,,Россия,ok
Дубровское п,Вологодская обл,дубровское,14.0,59.34346,39.80829,Дубровское,Вологодская Область,,Россия,ok
Дубъязы с,Татарстан Респ,дубъязы,14.0,56.12083,49.19778,Дубъязы,Татарстан,,Россия,ok
Дударева д,Тюменская обл,дударева,8.0,57.1124,65.4608,Дударева,Тюмень,,Россия,ok
Думиничи п,Калужская обл,думиничи,14.895931161717243,53.93375,35.11042,Думиничи,Калужская Область,,Россия,ok
Духовец д,Курская обл,духовец,14.0,51.69297,36.03418,Духовец,Курская Область,,Россия,ok
Духовницкое рп,Саратовская обл,духовницкое,14.86901375863976,52.47929,48.20891,Духовницкое,Саратовская Область,,Россия,ok
Духовщина г,Смоленская обл,духовщина,14.841072094690572,55.19168,32.41073,Духовщина,Смоленская Область,,Россия,ok
Дьяконово с,Курская обл,дьяконово,14.0,51.6232,35.90486,Дьяконово,Курская Область,,Россия,ok
Дюртюли г,Башкортостан Респ,дюртюли,15.034457717161722,55.4873,54.86176,Дюртюли,Башкортостан,,Россия,ok
Дядьково с,Рязанская обл,дядьково,14.0,54.6131,39.8332,Дядьково,Рязанская Область,,Россия,ok
Дядьковская ст-ца,Краснодарский край,,,,,,,,,not_found
Дятьково г,Брянская обл,дятьково,15.012667110305037,53.59782,34.33825,Дятьково,Брянская Область,Дятьковский Район,Россия,ok
Евлашево рп,Пензенская обл,евлашево,14.0,53.11162,46.83066,Евлашево,Пензенская Область,,Россия,ok
Евсеево д,Московская обл,евсеево,8.0,58.1051,28.3312,Евсеево,Псковская Область,,Россия,ok
Егорлыкская ст-ца,Ростовская обл,,,,,,,,,not_found
Егорьевск г,Московская обл,егорьевск,15.135276844983771,55.37952,39.04122,Егорьевск,Московская область,,Россия,ok
Ейск г,Краснодарский край,ейск,15.138298760785585,46.69263,38.27907,Ейск,Краснодарский край,,Россия,ok
Екатеринбург г,Свердловская обл,екатеринбург,15.421768157985625,56.85733,60.61529,Екатеринбург,Свердловская Область,,Россия,ok
Екатериновка рп,Саратовская обл,екатериновка,14.876966250811227,52.04915,44.34624,Екатериновка,Саратовская Область,,Россия,ok
Екимовичи с,Смоленская обл,екимовичи,14.73362856600213,54.11285,33.29648,Екимовичи,Смоленская Область,,Россия,ok
Елабуга г,Татарстан Респ,елабуга,15.11933260778384,55.76232,52.04425,Елабуга,Татарстан,,Россия,ok
Елань рп,Волгоградская обл,елань,14.96278657945767,50.9488,43.73709,Елань,Волгоградская Область,,Россия,ok
Елань-Колено с,Воронежская обл,,,,,,,,,not_found
Елань-Коленовский рп,Воронежская обл,,,,,,,,,not_found
Елатьма рп,Рязанская обл,елатьма,14.821635833238616,54.9675,41.75083,Елатьма,Рязанская Область,,Россия,ok
Елец г,Липецкая обл,елец,15.165866083519614,52.61435,38.50935,Елец,Липецкая Область,,Россия,ok
Елецкая Лозовка с,Липецкая обл,елецкая лозовка,14.0,52.25624,39.17245,Елецкая Лозовка,Липецкая Область,,Россия,ok
Елово с,Пермский край,елово,14.862532985002082,57.05226,54.92049,Елово,Пермский край,,Россия,ok
Елховка с,Самарская обл,елховка,14.805293303679758,53.8669,50.28437,Елховка,Самарская Область,,Россия,ok
Елшанка с,Саратовская обл,елшанка,14.777191025643576,51.81389,46.39972,Елшанка,Саратовская Область,,Россия,ok
Ельники с,Мордовия Респ,ельники,14.0,54.62069,43.88242,Ельники,Мордовия,,Россия,ok
Ельня г,Смоленская обл,ельня,14.921542741102474,54.57735,33.18474,Ельня,Смоленская Область,,Россия,ok
Ельня д,Московская обл,ельня,8.921542741102474,54.57735,33.18474,Ельня,Смоленская Область,,Россия,ok
Еманжелинка с,Челябинская обл,,,,,,,,,not_found
Еманжелинск г,Челябинская обл,еманжелинск,15.030394011882075,54.75472,61.32083,Еманжелинск,Челябинская,Еманжелинский район,Россия,ok
Ембаево с,Тюменская обл,ембаево,8.828020423327997,57.15139,65.77291,Ембаево,Тюмень,,Россия,ok
Емва г,Коми Респ,емва,14.97053414453952,62.5879,50.8634,Емва,Коми,,Россия,ok
Емельяновка с,Московская обл,емельяновка,8.0,63.92477,30.90059,Емельяновка,Карелия,,Россия,ok
Емецк с,Архангельская обл,емецк,14.939274525863144,63.47191,41.78023,Емецк,Архангельская Область,,Россия,ok
Енганаево с,Ульяновская обл,енганаево,14.0,54.43189,48.89667,Енганаево,Ульяновская Область,,Россия,ok
Енисейск г,Красноярский край,енисейск,14.989952973068178,58.45073,92.17243,Енисейск,Красноярский Край,,Россия,ok
Енотаевка с,Астраханская обл,енотаевка,14.898544528762317,47.24332,47.02898,Енотаевка,Астраханская Область,,Россия,ok
Епифань рп,Тульская обл,епифань,14.774543561027436,53.82526,38.55181,Епифань,Тульская Область,,Россия,ok
Ерзовка рп,Волгоградская обл,ерзовка,14.872615667915662,48.93655,44.64554,Ерзовка,Волгоградская Область,,Россия,ok
Ермаково п,Ярославская обл,ермаково,14.0,58.61555,38.69069,Ермаково,Ярославская Область,,Россия,ok
Ермекеево с,Башкортостан Респ,ермекеево,14.834640487043597,54.07262,53.6749,Ермекеево,Башкортостан,,Россия,ok
Ермилово п,Ленинградская обл,ермилово,14.0,60.35804,28.77045,Ермилово,Ленинградская область,Выборгский Район,Россия,ok
Ермишь рп,Рязанская обл,ермишь,14.843359416753993,54.76847,42.26738,Ермишь,Рязанская Область,,Россия,ok
Ермолаево с,Башкортостан Респ,ермолаево,14.875699718362355,52.70438,55.8206,Ермолаево,Башкортостан,,Россия,ok
Ермолино г,Калужская обл,ермолино,14.922038970782918,55.19489,36.59513,Ермолино,Калужская Область,,Россия,ok
Ерцево п,Архангельская обл,ерцево,14.825868149626425,60.7966,40.086,Ерцево,Архангельская Область,,Россия,ok
Ершичи с,Смоленская обл,ершичи,14.808332860878638,53.6727,32.75484,Ершичи,Смоленская Область,,Россия,ok
Ершов г,Саратовская обл,ершов,15.00724705448909,51.35595,48.27269,Ершов,Саратовская Область,,Россия,ok
Ессентуки г,Ставропольский край,ессентуки,9.130240194501212,44.04826,42.85638,Ессентуки,Ставрополье,,Россия,ok
Ессентукская ст-ца,Ставропольский край,,,,,,,,,not_found
Еткуль с,Челябинская обл,еткуль,14.872648119644,54.8231,61.5838,Еткуль,Челябинская,,Россия,ok
Ефимовский гп,Ленинградская обл,,,,,,,,,not_found
Ефимовский пгт,Ленинградская обл,ефимовский,14.819505769089508,59.49639,34.67222,Ефимовский,Ленинградская область,Бокситогорский Район,Россия,ok
Ефремов г,Тульская обл,ефремов,15.072542364792898,53.13762,38.11856,Ефремов,Тульская Область,,Россия,ok
Жаворонки с,Московская обл,жаворонки,14.797246601597456,55.64943,37.10101,Жаворонки,Московская область,,Россия,ok
Жарковский пгт,Тверская обл,жарковский,14.848342956126343,55.84907,32.267,Жарковский,Тверская Область,,Россия,ok
Ждановский п,Нижегородская обл,ждановский,14.0,56.21123,44.10511,Ждановский,Нижегородская Область,,Россия,ok
Жебреи д,Пермский край,,,,,,,,,not_found
Железноводск г,Ставропольский край,железноводск,9.01118422863769,44.14318,43.00475,Железноводск,Ставрополье,,Россия,ok
Железноводский п,Ставропольский край,,,,,,,,,not_found
Железногорск г,Красноярский край,железногорск,15.144929319972537,56.25109,93.53142,Железногорск,Красноярский Край,,Россия,ok
Железногорск г,Курская обл,железногорск,15.149171204297105,52.34198,35.35917,Железногорск,Курская Область,,Россия,ok
Жердевка г,Тамбовская обл,жердевка,14.968159322062236,51.85429,41.45488,Жердевка,Тамбовская Область,,Россия,ok
Жерновец д,Курская обл,жерновец,14.0,51.90597,36.30558,Жерновец,Курская Область,,Россия,ok
Жешарт пгт,Коми Респ,жешарт,14.916272451803453,62.07314,49.57335,Жешарт,Коми,,Россия,ok
Жигулевск г,Самарская обл,жигулевск,15.095247182613576,53.40332,49.51055,Жигулёвск,Самарская Область,,Россия,ok
Жиздра г.,Калужская обл,жиздра,14.865486599654131,53.74596,34.73951,Жиздра,Калужская Область,,Россия,ok
Жилетово д,Калужская обл,жилетово,14.800603417874902,54.69216,36.02225,Жилетово,Калужская Область,,Россия,ok
Жилина д,Орловская обл,жилина,14.0,52.99985,36.07453,Жилина,Орловская Область,,Россия,ok
Жилино д,Московская обл,жилино,8.0,58.9662,36.0048,Жилино,Вологодская Область,,Россия,ok
Жирнов п,Ростовская обл,жирнов,14.871111388405357,48.17089,41.12608,Жирнов,Ростовская Область,,Россия,ok
Жирновск г,Волгоградская обл,жирновск,14.979188537595483,50.97879,44.77894,Жирновск,Волгоградская Область,,Россия,ok
Жуков г,Калужская обл,жуков,14.94174358388688,55.02381,36.7422,Жуков,Калужская Область,,Россия,ok
Жуковка г,Брянская обл,жуковка,14.988791695754518,53.53381,33.73075,Жуковка,Брянская Область,,Россия,ok
Жуковский г,Московская обл,жуковский,15.148453627846145,55.59528,38.12028,Жуковский,Московская область,,Россия,ok
Жучки д,Московская обл,,,,,,,,,not_found
ЗАТО Сибирский п,Алтайский край,,,,,,,,,not_found
Заболотовка п,Воронежская обл,заболотовка,14.81044013079216,50.27798,39.31439,Заболотовка,Воронежская Область,,Россия,ok
Заборье с,Рязанская обл,заборье,8.0,62.7446,42.8547,Заборье,Архангельская Область,,Россия,ok
Заброды с,Воронежская обл,заброды,14.0,50.4004,41.0314,Заброды,Воронежская Область,,Россия,ok
Заветное с,Ростовская обл,заветное,14.881165224814705,47.11894,43.88945,Заветное,Ростовская Область,,Россия,ok
Заводоуковск г,Тюменская обл,заводоуковск,9.01535845734106,56.50328,66.54672,Заводоуковск,Тюмень,,Россия,ok
Заволжск г,Ивановская обл,заволжск,14.946094343618654,57.48198,42.13821,Заволжск,Ивановская Область,,Россия,ok
Заволжский п,Саратовская обл,заволжский,14.0,51.9186,48.5063,Заволжский,Саратовская Область,,Россия,ok
Заволжский п,Тверская обл,заволжский,8.0,56.389,46.516,Заволжский,Марий Эл,,Россия,ok
Заволжье г,Нижегородская обл,заволжье,15.066665041466774,56.64051,43.39446,Заволжье,Нижегородская Область,,Россия,ok
Заволжье п,Ярославская обл,заволжье,9.066665041466774,56.64051,43.39446,Заволжье,Нижегородская Область,,Россия,ok
Заворонежское с,Тамбовская обл,заворонежское,14.863870260881344,52.8801,40.5526,Заворонежское,Тамбовская Область,,Россия,ok
Завьялово с,Алтайский край,завьялово,14.915915233520677,52.83817,80.91921,Завьялово,Алтайский Край,,Россия,ok
Завьялово с,Удмуртская Респ,завьялово,8.915915233520675,52.83817,80.91921,Завьялово,Алтайский Край,,Россия,ok
Задонск г,Липецкая обл,задонск,14.92425171036714,52.3904,38.9261,Задонск,Липецкая Область,,Россия,ok
Заинск г,Татарстан Респ,заинск,15.0646495752267,55.3195,52.06942,Заинск,Татарстан,,Россия,ok
Зайково п,Свердловская обл,зайково,14.846210322509828,57.5613,62.75681,Зайково,Свердловская Область,,Россия,ok
Займо-Обрыв с,Ростовская обл,,,,,,,,,not_found
Залегощь пгт,Орловская обл,залегощь,14.868710472813351,52.89907,36.88961,Залегощь,Орловская Область,,Россия,ok
Залесово с,Алтайский край,залесово,14.897929064909087,53.99295,84.74432,Залесово,Алтайский Край,,Россия,ok
Залиман с,Воронежская обл,,,,,,,,,not_found
Залукокоаже п,Кабардино-Балкарская Респ,залукокоаже,8.921014035197352,43.90063,43.2143,Залукокоаже,Кабардино-Балкария,Зольский Район,Россия,ok
Заозерный г,Красноярский край,заозерный,14.92434849705685,55.9618,94.707,Заозёрный,Красноярский Край,,Россия,ok
Заозерск г,Мурманская обл,заозерск,14.950524628951728,69.40135,32.44837,Заозерск,Мурманская Область,,Россия,ok
Заокский рп,Тульская обл,заокский,14.877663009842772,54.73028,37.39729,Заокский,Тульская Область,,Россия,ok
Западная Двина г,Тверская обл,западная двина,14.920663351004483,56.25901,32.07454,Западная Двина,Тверская Область,,Россия,ok
Заплавская ст-ца,Ростовская обл,,,,,,,,,not_found
Заплюсье рп,Псковская обл,заплюсье,14.0,58.4378,29.73356,Заплюсье,Псковская Область,,Россия,ok
Заполярный г,Мурманская обл,заполярный,14.978639178065988,69.426,30.811,Заполярный,Мурманская Область,,Россия,ok
Запорожская ст-ца,Краснодарский край,,,,,,,,,not_found
Запорожское п,Ленинградская обл,запорожское,14.0,60.56369,30.51976,Запорожское,Ленинградская область,,Россия,ok
Запрудное с,Нижегородская обл,запрудное,14.0,56.03959,44.44959,Запрудное,Нижегородская Область,,Россия,ok
Зарайск г,Московская обл,зарайск,15.011204524552191,54.76327,38.88076,Зарайск,Московская область,,Россия,ok
Зареченский п,Орловская обл,зареченский,14.0,52.955,36.0408,Зареченский,Орловская Область,,Россия,ok
Заречный г,Пензенская обл,заречный,15.10600542344648,53.20356,45.19227,Заречный,Пензенская Область,,Россия,ok
Заречный г,Свердловская обл,заречный,15.023131539091716,56.811,61.3254,Заречный,Свердловская Область,,Россия,ok
Заречье рп,Московская обл,заречье,14.872339402200014,55.68667,37.3924,Заречье,Московская область,,Россия,ok
Заринск г,Алтайский край,заринск,15.08630293264046,53.70821,84.94307,Заринск,Алтайский Край,,Россия,ok
Засечное с,Пензенская обл,засечное,14.846252579007391,53.1092,45.07936,Засечное,Пензенская Область,,Россия,ok
Засосна с,Белгородская обл,засосна,14.836357570275064,50.63072,38.3965,Засосна,Белгородская Область,,Россия,ok
Зассовская ст-ца,Краснодарский край,,,,,,,,,not_found
Зауральский рп,Челябинская обл,зауральский,14.883622857152602,54.7855,61.2421,Зауральский,Челябинская,,Россия,ok
Захарово д,Московская обл,захарово,14.55254529391318,55.64901,36.96319,Захарово,Московская область,,Россия,ok
Захарово с,Рязанская обл,захарово,14.79665866976384,54.36821,39.27678,Захарово,Рязанская Область,,Россия,ok
Званка д,Татарстан Респ,званка,14.0,55.81126,49.37864,Званка,Татарстан,,Россия,ok
Звездный городок п,Московская обл,,,,,,,,,not_found
Звездный пгт,Пермский край,звездный,14.919023970026918,57.7325,56.31472,Звездный,Пермский край,,Россия,ok
Звенигово г,Марий Эл Респ,звенигово,14.943228320271388,55.97484,48.0178,Звенигово,Марий Эл,,Россия,ok
Звенигород г,Московская обл,звенигород,14.970479268162425,55.73401,36.85918,Звенигород,Московская область,,Россия,ok
Зверево г,Ростовская обл,зверево,15.012579075085265,48.02708,40.12305,Зверево,Ростовская Область,,Россия,ok
Здвинск с,Новосибирская обл,здвинск,14.861974977974134,54.70473,78.67026,Здвинск,Новосибирская Область,,Россия,ok
Зеленая Поляна д,Башкортостан Респ,зеленая поляна,14.0,53.60743,58.62906,Зеленая поляна,Башкортостан,,Россия,ok
Зеленец с,Коми Респ,зеленец,14.801994168767736,61.88485,50.74892,Зеленец,Коми,,Россия,ok
Зеленоборский пгт,Мурманская обл,зеленоборский,14.888294679928816,66.845,32.36222,Зеленоборский,Мурманская Область,,Россия,ok
Зеленогорск г,Красноярский край,зеленогорск,15.11754226975345,56.10921,94.58698,Зеленогорск,Красноярский Край,,Россия,ok
Зеленогорский пгт,Кемеровская область - Кузбасс обл,зеленогорский,8.856598335558568,55.03333,87.0,Зеленогорский,Кузба́сс,,Россия,ok
Зеленоградск г,Калининградская обл,зеленоградск,14.965790665610298,54.95893,20.47668,Зеленоградск,Калининградская Область,Зеленоградский административный район,Россия,ok
Зеленоградский дп,Московская обл,,,,,,,,,not_found
Зеленодольск г,Татарстан Респ,зеленодольск,15.150892748368292,55.84376,48.51784,Зеленодольск,Татарстан,,Россия,ok
Зеленокумск г,Ставропольский край,зеленокумск,9.062878725611249,44.41044,43.88007,Зеленокумск,Ставрополье,,Россия,ok
Зеленчукская ст-ца,Карачаево-Черкесская Респ,,,,,,,,,not_found
Зеленый п,Московская обл,зеленый,8.0,54.08333,51.5,Зелёный,Самарская Область,,Россия,ok
Земетчино рп,Пензенская обл,земетчино,14.938672768928194,53.4973,42.61632,Земетчино,Пензенская Область,,Россия,ok
Землянск с,Воронежская обл,землянск,14.804302088529829,51.9041,38.7334,Землянск,Воронежская Область,,Россия,ok
Зенькино д,Московская обл,,,,,,,,,not_found
Зерноград г,Ростовская обл,зерноград,15.028428421442856,46.84862,40.31164,Зерноград,Ростовская Область,,Россия,ok
Зилаир с,Башкортостан Респ,зилаир,14.867812085552252,52.23287,57.44175,Зилаир,Башкортостан,,Россия,ok
Зимитицы п,Ленинградская обл,зимитицы,14.0,59.55023,29.11754,Зимитицы,Ленинградская область,Волосовский Район,Россия,ok
Зимовники п,Ростовская обл,зимовники,14.978013277350602,47.14623,42.47044,Зимовники,Ростовская Область,,Россия,ok
Зиняки (Зиняковский с/с) с,Нижегородская обл,,,,,,,,,not_found
Зирган с,Башкортостан Респ,зирган,14.831483217928456,53.2222,55.9185,Зирган,Башкортостан,,Россия,ok
Златоуст г,Челябинская обл,златоуст,15.216194832934292,55.17182,59.65471,Златоуст,Челябинская,,Россия,ok
Злынка г,Брянская обл,злынка,14.85680764017308,52.42679,31.73859,Злынка,Брянская Область,,Россия,ok
Змеиногорск г,Алтайский край,змеиногорск,14.93514058122548,51.15814,82.1941,Змеиногорск,Алтайский Край,,Россия,ok
Змиёвка пгт,Орловская обл,змиевка,14.87465573545435,52.66568,36.37741,Змиевка,Орловская Область,,Россия,ok
Знаменка пгт,Орловская обл,знаменка,14.93923285398689,52.89789,35.97703,Знаменка,Орловская Область,,Россия,ok
Знаменка рп,Тамбовская обл,знаменка,14.909560269450576,52.41836,41.43166,Знаменка,Тамбовская Область,,Россия,ok
Знаменск г,Астраханская обл,знаменск,15.037108203210984,48.5842,45.7338,Знаменск,Астраханская Область,,Россия,ok
Знаменский п,Марий Эл Респ,знаменский,14.0,56.642,47.977,Знаменский,Марий Эл,,Россия,ok
Знаменское с,Орловская обл,знаменское,14.757609734062312,53.27644,35.6845,Знаменское,Орловская Область,,Россия,ok
Золотаревка рп,Пензенская обл,золотаревка,14.0,53.07776,45.31971,Золотарёвка,Пензенская Область,,Россия,ok
Золотково п,Владимирская обл,золотково,14.820412493257404,55.5281,41.1053,Золотково,Владимирская область,,Россия,ok
Золотухино рп,Курская обл,золотухино,14.849433389727016,52.08706,36.37896,Золотухино,Курская Область,,Россия,ok
Зональная Станция п,Томская обл,зональная станция,14.0,56.42995,85.01547,Зональная Станция,Томская Область,,Россия,ok
Зональный п,Томская обл,зональный,8.0,48.73647,44.69448,Зональный,Волгоградская Область,,Россия,ok
Зубова Поляна рп,Мордовия Респ,зубова поляна,14.922226894284146,54.07813,42.83645,Зубова Поляна,Мордовия,,Россия,ok
Зубово п,Московская обл,зубово,14.0,56.37675,36.92805,Зубово,Московская область,,Россия,ok
Зубово с,Башкортостан Респ,зубово,14.0,54.6157,55.9017,Зубово,Башкортостан,,Россия,ok
Зубцов г,Тверская обл,зубцов,14.89089649723924,56.17533,34.58935,Зубцов,Тверская Область,,Россия,ok
Зуевка г,Кировская обл,зуевка,14.93888212293842,58.40244,51.13227,Зуевка,Кировская Область,,Россия,ok
Зырянское с,Томская обл,зырянское,14.874608021735751,56.83216,86.62926,Зырянское,Томская Область,,Россия,ok
Ибреси пгт,Чувашская Республика - Чувашия,ибреси,8.911756697182383,55.3011,47.038,Ибреси,Чувашия,,Россия,ok
Ивангород г,Ленинградская обл,ивангород,14.931244559491333,59.37155,28.21625,Ивангород,Ленинградская область,,Россия,ok
Ивановка д,Московская обл,ивановка,8.768294316987829,43.96798,132.482,Ивановка,Приморский Край,,Россия,ok
Ивановка с,Оренбургская обл,ивановка,8.768294316987829,43.96798,132.482,Ивановка,Приморский Край,,Россия,ok
Иваново г,Ивановская обл,иваново,15.29143891873476,56.99988,40.97257,Иваново,Ивановская Область,Город Иваново,Россия,ok
Ивановская ст-ца,Краснодарский край,,,,,,,,,not_found
Ивановское с,Владимирская обл,ивановское,9.175979335537123,55.76667,37.83333,Ивановское,Москва,Восточный административный округ,Россия,ok
Ивановское с,Курская обл,ивановское,9.175979335537123,55.76667,37.83333,Ивановское,Москва,Восточный административный округ,Россия,ok
Ивановское с,Ставропольский край,ивановское,9.175979335537123,55.76667,37.83333,Ивановское,Москва,Восточный административный округ,Россия,ok
Ивантеевка г,Московская обл,ивантеевка,15.08412657660517,55.97111,37.92083,Ивантеевка,Московская область,,Россия,ok
Ивантеевка с,Саратовская обл,ивантеевка,14.872062371142045,52.26764,49.10512,Ивантеевка,Саратовская Область,,Россия,ok
Иваньково с,Тульская обл,иваньково,8.0,57.93583,34.96889,Иваньково,Тверская Область,,Россия,ok
Ивашево д,Московская обл,ивашево,14.0,55.80538,38.29299,Ивашёво,Московская область,,Россия,ok
Ивдель г,Свердловская обл,ивдель,14.987199688544475,60.69111,60.42056,Ивдель,Свердловская Область,,Россия,ok
Ивня рп,Белгородская обл,ивня,14.896507901540836,51.05758,36.14802,Ивня,Белгородская Область,,Россия,ok
Ивняки п,Ярославская обл,,,,,,,,,not_found
Ивот рп,Брянская обл,ивот,14.874751094647843,53.67452,34.1893,Ивот,Брянская Область,,Россия,ok
Иглино с,Башкортостан Респ,иглино,14.954387974051276,54.82689,56.41209,Иглино,Башкортостан,,Россия,ok
Игнатовка рп,Ульяновская обл,игнатовка,14.79564767980368,53.94787,47.6536,Игнатовка,Ульяновская Область,,Россия,ok
Игоревская ст,Смоленская обл,игоревская,14.0,55.46333,33.28528,Игоревская,Смоленская Область,,Россия,ok
Игра п,Удмуртская Респ,игра,9.00003419939,57.5549,53.0544,Игра,Удмуртия,,Россия,ok
Идрица рп,Псковская обл,идрица,14.863479843349053,56.33157,28.89884,Идрица,Псковская Область,,Россия,ok
Ижевск г,Удмуртская Респ,ижевск,9.338197616772849,56.85225,53.19862,Ижевск,Удмуртия,,Россия,ok
Ижевское с,Рязанская обл,ижевское,14.821716859576608,54.557,40.8753,Ижевское,Рязанская Область,,Россия,ok
Ижморский пгт,Кемеровская область - Кузбасс обл,ижморский,8.869131455164485,56.19216,86.64162,Ижморский,Кузба́сс,,Россия,ok
Извара д,Ленинградская обл,извара,14.0,59.35189,29.51707,Извара,Ленинградская область,,Россия,ok
Издешково с,Смоленская обл,издешково,14.0,55.14389,33.61972,Издешково,Смоленская Область,,Россия,ok
Измалково с,Липецкая обл,измалково,14.831213510764842,52.68819,37.96638,Измалково,Липецкая Область,,Россия,ok
Износки с,Калужская обл,износки,14.75379626597682,54.9878,35.30928,Износки,Калужская Область,Износковский район,Россия,ok
Изобильный г,Ставропольский край,изобильный,9.057190649487112,45.36653,41.7091,Изобильный,Ставрополье,,Россия,ok
Ики-Бурул п,Калмыкия Респ,ики бурул,14.821878715560148,45.82327,44.6457,Ики Бурул,Калмыкия,,Россия,ok
Иковка с,Курганская обл,иковка,14.856483984488358,55.60889,64.9375,Иковка,Курганская Область,,Россия,ok
Икряное с,Астраханская обл,икряное,14.919836900019495,46.09292,47.72965,Икряное,Астраханская Область,,Россия,ok
Иланский г,Красноярский край,иланский,14.972130598594308,56.2354,96.06667,Иланский,Красноярский Край,,Россия,ok
Илек с,Оренбургская обл,илек,14.92001890209198,51.52696,53.3824,Илек,Оренбургская Область,,Россия,ok
Иловка с,Белгородская обл,иловка,14.81044013079216,50.7053,38.6373,Иловка,Белгородская Область,,Россия,ok
Иловля рп,Волгоградская обл,иловля,14.93868953338758,49.30007,43.98441,Иловля,Волгоградская Область,,Россия,ok
Ильинка рп,Астраханская обл,ильинка,14.87684187268574,46.2383,47.90068,Ильинка,Астраханская Область,,Россия,ok
Ильино п,Нижегородская обл,ильино,8.0,59.72527,29.68287,Ильино,Ленинградская область,,Россия,ok
Ильино с,Липецкая обл,ильино,8.0,59.72527,29.68287,Ильино,Ленинградская область,,Россия,ok
Ильиногорск рп,Нижегородская обл,ильиногорск,14.889123642951606,56.22775,42.95385,Ильиногорск,Нижегородская Область,Володарский Район,Россия,ok
Ильинская ст-ца,Краснодарский край,,,,,,,,,not_found
Ильинский Погост с,Московская обл,ильинский погост,14.829429960885724,55.47785,38.90906,Ильинский Погост,Московская область,,Россия,ok
Ильинский п,Карелия Респ,ильинский,14.0,61.01346,32.66631,Ильинский,Карелия,,Россия,ok
Ильинский п,Пермский край,ильинский,14.0,58.56993,55.69503,Ильинский,Пермский край,,Россия,ok
Ильинско-Подомское с,Архангельская обл,,,,,,,,,not_found
Ильинское с,Московская обл,ильинское,14.837124213593194,55.24917,37.95805,Ильинское,Московская область,,Россия,ok
Ильинское-Хованское п,Ивановская обл,,,,,,,,,not_found
Илькино с,Владимирская обл,илькино,14.0,55.21667,41.6,Илькино,Владимирская область,Киржачский Район,Россия,ok
Ильский пгт,Краснодарский край,ильский,15.004198782978124,44.84222,38.56686,Ильский,Краснодарский край,,Россия,ok
Индустрия п,Московская обл,индустрия,8.0,48.7327,41.16736,Индустрия,Ростовская Область,,Россия,ok
Инжавино рп,Тамбовская обл,инжавино,14.923785825801293,52.31976,42.49154,Инжавино,Тамбовская Область,,Россия,ok
Инза г,Ульяновская обл,инза,14.989030099073196,53.85342,46.3513,Инза,Ульяновская Область,,Россия,ok
Инзер с,Башкортостан Респ,инзер,14.838685668968823,54.2167,57.5556,Инзер,Башкортостан,,Россия,ok
Иннополис г,Татарстан Респ,иннополис,14.457471097850338,55.74982,48.74754,Иннополис,Татарстан,Верхнеусло́нский райо́н,Россия,ok
Инсар г,Мордовия Респ,инсар,14.908681588569069,53.86722,44.36915,Инсар,Мордовия,,Россия,ok
Иншинский п,Тульская обл,иншинский,14.0,54.16549,37.47067,Иншинский,Тульская Область,,Россия,ok
Инякино с,Рязанская обл,инякино,14.0,54.43926,41.11373,Инякино,Рязанская Область,,Россия,ok
Ипатово г,Ставропольский край,ипатово,9.027759958298628,45.71801,42.90612,Ипатово,Ставрополье,,Россия,ok
Ирбейское с,Красноярский край,ирбейское,14.845148064805086,55.64989,95.46219,Ирбейское,Красноярский Край,,Россия,ok
Ирбит г,Свердловская обл,ирбит,15.063700862723437,57.66863,63.07072,Ирбит,Свердловская Область,,Россия,ok
Иркутск г,Иркутская обл,иркутск,15.334369729231383,52.29566,104.29076,Иркутск,Иркутская Область,Ирку́тский райо́н,Россия,ok
Исаклы с,Самарская обл,исаклы,14.839344238398006,54.13066,51.53674,Исаклы,Самарская Область,,Россия,ok
Исетское с,Тюменская обл,исетское,8.887780039388257,56.48315,65.31603,Исетское,Тюмень,,Россия,ok
Исилькуль г,Омская обл,исилькуль,14.99060343068027,54.91214,71.27184,Исилькуль,Омская Область,,Россия,ok
Искитим г,Новосибирская обл,искитим,15.10321116152722,54.64261,83.30353,Искитим,Новосибирская Область,,Россия,ok
Искра Октября п,Ярославская обл,искра октября,14.0,58.01375,38.76896,Искра Октября,Ярославская Область,,Россия,ok
Искра п,Рязанская обл,искра,14.0,54.4449,39.8938,Искра,Рязанская Область,,Россия,ok
Исса рп,Пензенская обл,исса,14.861848544289812,53.87049,44.85781,Исса,Пензенская Область,,Россия,ok
Иссад д,Ленинградская обл,иссад,14.700397413672269,60.06743,32.34331,Иссад,Ленинградская область,,Россия,ok
Истра г,Московская обл,истра,15.041604168157578,55.91979,36.86876,Истра,Московская область,,Россия,ok
Истье с,Рязанская обл,истье,14.0,54.2988,40.1181,Истье,Рязанская Область,,Россия,ok
Исянгулово с,Башкортостан Респ,исянгулово,14.891677435636543,52.18925,56.58676,Исянгулово,Башкортостан,,Россия,ok
Итатский пгт,Кемеровская область - Кузбасс обл,итатский,8.83513747067213,56.07,89.03694,Итатский,Кузба́сс,,Россия,ok
Ичалки с,Мордовия Респ,ичалки,14.0,54.686,45.275,Ичалки,Мордовия,,Россия,ok
Ишеевка рп,Ульяновская обл,ишеевка,14.920482519128807,54.42618,48.26983,Ишеевка,Ульяновская Область,,Россия,ok
Ишим г,Тюменская обл,ишим,9.112377160225378,56.11254,69.48722,Ишим,Тюмень,,Россия,ok
Ишимбай г,Башкортостан Респ,ишимбай,15.11622609933282,53.44769,56.03873,Ишимбай,Башкортостан,,Россия,ok
Ишлеи с,Чувашская Республика - Чувашия,ишлеи,0.8058643712215618,56.02317,47.05054,Ишлей,Чувашия,,Россия,ok
Йошкар-Ола г,Марий Эл Респ,,,,,,,,,not_found
Кабаково д,Башкортостан Респ,кабаково,14.80323601479245,54.5369,56.1517,Кабаково,Башкортостан,,Россия,ok
Кабаново (Горское с/п) д,Московская обл,,,,,,,,,not_found
Кабицыно д,Калужская обл,кабицыно,14.0,55.13902,36.62768,Кабицыно,Калужская Область,,Россия,ok
Кавказская ст-ца,Краснодарский край,,,,,,,,,not_found
Кавказский п,Карачаево-Черкесская Респ,кавказский,8.802387999273488,44.26703,42.23219,Кавказский,Карачаево-Черкессия,,Россия,ok
Кагальник с,Ростовская обл,кагальник,14.0,47.07665,39.32273,Кагальник,Ростовская Область,,Россия,ok
Кагальницкая ст-ца,Ростовская обл,,,,,,,,,not_found
Кадников г,Вологодская обл,кадников,14.857791192645095,59.50218,40.33803,Кадников,Вологодская Область,,Россия,ok
Кадом рп,Рязанская обл,кадом,14.870417055974638,54.55912,42.4676,Кадом,Рязанская Область,,Россия,ok
Кадошкино рп,Мордовия Респ,кадошкино,14.84688429304752,54.02671,44.41745,Кадошкино,Мордовия,,Россия,ok
Кадуй рп,Вологодская обл,кадуй,14.935625724687634,59.2,37.15,Кадуй,Вологодская Область,,Россия,ok
Казаки с,Липецкая обл,казаки,14.807961802938983,52.62484,38.26488,Казаки,Липецкая Область,,Россия,ok
Казанская ст-ца,Краснодарский край,,,,,,,,,not_found
Казанская ст-ца,Ростовская обл,,,,,,,,,not_found
Казанское с,Московская обл,казанское,14.0,55.73927,38.55879,Казанское,Московская область,,Россия,ok
Казанское с,Тюменская обл,казанское,8.867453876214002,55.64586,69.22736,Казанское,Тюмень,,Россия,ok
Казанцево д,Челябинская обл,казанцево,14.0,55.27481,61.35024,Казанцево,Челябинская,,Россия,ok
Казань г,Татарстан Респ,казань,15.4033441346407,55.78874,49.12214,Казань,Татарстан,Gorodskoy Okrug Kazan’,Россия,ok
Казачья Слобода с,Рязанская обл,казачья слобода,14.0,54.01667,41.7,Казачья Слобода,Рязанская Область,,Россия,ok
Казинка д,Липецкая обл,казинка,14.800736706798332,52.53817,39.82164,Казинка,Липецкая Область,,Россия,ok
Казинка с,Липецкая обл,казинка,14.800736706798332,52.53817,39.82164,Казинка,Липецкая Область,,Россия,ok
Калач г,Воронежская обл,калач,14.992573816147097,50.425,41.01595,Калач,Воронежская Область,,Россия,ok
Калач-на-Дону г,Волгоградская обл,,,,,,,,,not_found
Калачинск г,Омская обл,калачинск,15.008830598952867,55.0522,74.5787,Калачинск,Омская Область,,Россия,ok
Калевала пгт,Карелия Респ,калевала,14.860006266923854,65.19873,31.18999,Калевала,Карелия,,Россия,ok
Каликино с,Липецкая обл,каликино,14.811761074646622,52.9493,39.8269,Каликино,Липецкая Область,,Россия,ok
Калинин х,Ростовская обл,калинин,14.813856473726164,47.24649,39.50533,Калинин,Ростовская Область,,Россия,ok
Калининград г,Калининградская обл,калининград,15.307119007581736,54.70639,20.51102,Калининград,Калининградская Область,Город Калининград,Россия,ok
Калинино д,Татарстан Респ,калинино,8.207944154167983,54.22601,35.88034,Калинино,Калужская Область,,Россия,ok
Калинино с,Кировская обл,калинино,8.207944154167983,54.22601,35.88034,Калинино,Калужская Область,,Россия,ok
Калинино с,Пермский край,калинино,14.0,57.33175,56.33278,Калинино,Пермский край,,Россия,ok
Калининск г,Саратовская обл,калининск,14.98355298593529,51.49777,44.47678,Калининск,Саратовская Область,,Россия,ok
Калининская ст-ца,Краснодарский край,,,,,,,,,not_found
Калиновское с,Свердловская обл,калиновское,14.0,56.7839,62.4489,Калиновское,Свердловская Область,,Россия,ok
Калниболотская ст-ца,Краснодарский край,,,,,,,,,not_found
Калтан г,Кемеровская область - Кузбасс обл,калтан,9.016215267591742,53.5278,87.27578,Калтан,Кузба́сс,,Россия,ok
Калуга г,Калужская обл,калуга,15.273920364445743,54.53063,36.27,Калуга,Калужская Область,,Россия,ok
Калязин г,Тверская обл,калязин,14.959260508691392,57.23975,37.83286,Калязин,Тверская Область,,Россия,ok
Камбарка г,Удмуртская Респ,камбарка,8.943067999595765,56.2666,54.2056,Камбарка,Удмуртия,,Россия,ok
Каменецкий п,Тульская обл,каменецкий,14.793343838762748,54.01353,38.22115,Каменецкий,Тульская Область,,Россия,ok
Каменка г,Пензенская обл,каменка,15.040610961895144,53.18139,44.04944,Каменка,Пензенская Область,,Россия,ok
Каменка п,Ивановская обл,каменка,14.832482129876878,57.39214,41.79383,Каменка,Ивановская Область,,Россия,ok
Каменка пгт,Воронежская обл,каменка,14.915387583499506,51.3223,42.7678,Каменка,Воронежская Область,,Россия,ok
Каменка с,Липецкая обл,каменка,9.040610961895144,53.18139,44.04944,Каменка,Пензенская Область,,Россия,ok
Каменка с,Новосибирская обл,каменка,9.040610961895144,53.18139,44.04944,Каменка,Пензенская Область,,Россия,ok
Каменка с,Тюменская обл,каменка,9.040610961895144,53.18139,44.04944,Каменка,Пензенская Область,,Россия,ok
Каменки с,Нижегородская обл,каменки,14.0,56.06564,43.85892,Каменки,Нижегородская Область,,Россия,ok
Каменногорск г,Ленинградская обл,каменногорск,14.873375513136487,60.95451,29.13391,Каменногорск,Ленинградская область,,Россия,ok
Каменное д,Удмуртская Респ,каменное,8.0,51.62986,51.45717,Каменное,Оренбургская Область,,Россия,ok
Каменномостский п,Адыгея Респ,каменномостский,14.893405972224883,44.2891,40.188,Каменномостский,Адыгея,,Россия,ok
Каменоломни рп,Ростовская обл,каменоломни,14.941434187776204,47.66783,40.20479,Каменоломни,Ростовская Область,,Россия,ok
Каменск-Уральский г,Свердловская обл,,,,,,,,,not_found
Каменск-Шахтинский г,Ростовская обл,,,,,,,,,not_found
Камень-на-Оби г.,Алтайский край,,,,,,,,,not_found
Камешково г,Владимирская обл,камешково,14.95422306990923,56.34919,40.99859,Камешково,Владимирская область,,Россия,ok
Камские Поляны пгт,Татарстан Респ,камские поляны,14.953604051161548,55.43068,51.41709,Камские Поляны,Татарстан,,Россия,ok
Камский Леспромхоз с,Татарстан Респ,,,,,,,,,not_found
Камское Устье пгт,Татарстан Респ,камское устье,14.0,55.19557,49.26208,Камское Устье,Татарстан,Kamsko-Ustyinsky District,Россия,ok
Камызяк г,Астраханская обл,камызяк,14.969227257208718,46.10502,48.07823,Камызяк,Астраханская Область,,Россия,ok
Камышеватская ст-ца,Краснодарский край,,,,,,,,,not_found
Камышеваха х,Ростовская обл,камышеваха,14.0,47.43684,39.90045,Камышеваха,Ростовская Область,,Россия,ok
Камышин г,Волгоградская обл,камышин,15.176467202209224,50.0885,45.41277,Камышин,Волгоградская Область,,Россия,ok
Камышла с,Самарская обл,камышла,14.847428569040495,54.11733,52.14302,Камышла,Самарская Область,,Россия,ok
Камышлов г,Свердловская обл,камышлов,15.024020975791254,56.84659,62.71211,Камышлов,Свердловская Область,,Россия,ok
Канаш г,Чувашская Республика - Чувашия,канаш,9.081751572675602,55.50962,47.49127,Канаш,Чувашия,,Россия,ok
Канашево с,Челябинская обл,канашево,14.80848706291382,55.2169,62.0634,Канашево,Челябинская,,Россия,ok
Канглы с,Ставропольский край,канглы,8.815908865466792,44.25444,43.03083,Канглы,Ставрополье,,Россия,ok
Кандалакша г,Мурманская обл,кандалакша,15.05566457248797,67.15123,32.41284,Кандалакша,Мурманская Область,,Россия,ok
Кандры с,Башкортостан Респ,кандры,14.940104337279806,54.56667,54.11667,Кандры,Башкортостан,,Россия,ok
Каневская ст-ца,Краснодарский край,,,,,,,,,not_found
Канеловская ст-ца,Краснодарский край,,,,,,,,,not_found
Канск г,Красноярский край,канск,15.152784363367743,56.20218,95.71848,Канск,Красноярский Край,,Россия,ok
Кантемировка рп,Воронежская обл,кантемировка,14.945493225449626,49.70437,39.85831,Кантемировка,Воронежская Область,,Россия,ok
Капустин Яр с,Астраханская обл,капустин яр,14.87760127191829,48.58175,45.74481,Капустин Яр,Астраханская Область,,Россия,ok
Карабаново г,Владимирская обл,карабаново,14.965605130865288,56.31081,38.70253,Карабаново,Владимирская область,,Россия,ok
Карабаш г,Челябинская обл,карабаш,14.965701140089546,55.48953,60.20885,Карабаш,Челябинская,,Россия,ok
Карабаш пгт,Татарстан Респ,карабаш,14.854675199365778,54.693,52.58359,Карабаш,Татарстан,,Россия,ok
Карабиха д,Ярославская обл,карабиха,14.0,57.51269,39.76987,Карабиха,Ярославская Область,,Россия,ok
Караваево д,Московская обл,караваево,14.0,55.86084,38.57913,Караваево,Московская область,,Россия,ok
Караваево п,Костромская обл,караваево,14.0,57.73639,41.07417,Караваево,Костромская Область,,Россия,ok
Карагай с,Пермский край,карагай,14.87928532886407,58.26615,54.9325,Карагай,Пермский край,,Россия,ok
Карагали с,Астраханская обл,карагали,14.0,46.2612,47.9832,Карагали,Астраханская Область,,Россия,ok
Караидель с,Башкортостан Респ,караидель,14.855352512066364,55.84201,56.89774,Караидель,Башкортостан,,Россия,ok
Каракулино с,Удмуртская Респ,каракулино,8.85277374052919,56.012,53.70669,Каракулино,Удмуртия,,Россия,ok
Карамалы с,Башкортостан Респ,карамалы,14.0,54.58509,56.27925,Карамалы,Башкортостан,,Россия,ok
Карасук г,Новосибирская обл,карасук,15.026081228531636,53.73953,78.04387,Карасук,Новосибирская Область,,Россия,ok
Карачаевск г,Карачаево-Черкесская Респ,карачаевск,8.99166505390624,43.77233,41.91366,Карачаевск,Карачаево-Черкессия,,Россия,ok
Карачев г,Брянская обл,карачев,14.989131375160442,53.12255,34.98494,Карачев,Брянская Область,,Россия,ok
Карачиха п,Ярославская обл,карачиха,14.0,57.64343,39.77979,Карачиха,Ярославская Область,,Россия,ok
Каргаполье рп,Курганская обл,каргаполье,14.900822418785404,55.95484,64.43264,Каргаполье,Курганская Область,,Россия,ok
Каргасок с,Томская обл,каргасок,14.905637300867877,59.05556,80.85722,Каргасок,Томская Область,,Россия,ok
Каргат г,Новосибирская обл,каргат,14.929486532704589,55.1929,80.28261,Каргат,Новосибирская Область,,Россия,ok
Каргополь г,Архангельская обл,каргополь,14.93026460427602,61.50359,38.9486,Каргополь,Архангельская Область,,Россия,ok
Кардымово пгт,Смоленская обл,кардымово,14.850754681436444,54.89011,32.43184,Кардымово,Смоленская Область,,Россия,ok
Каринское с,Московская обл,каринское,14.740488757561613,55.70969,36.68903,Каринское,Московская область,,Россия,ok
Кармаскалы с,Башкортостан Респ,кармаскалы,14.896941465086618,54.36555,56.17133,Кармаскалы,Башкортостан,,Россия,ok
Карпинск г,Свердловская обл,карпинск,15.031131653116622,59.76831,60.0062,Карпинск,Свердловская Область,,Россия,ok
Карсун рп,Ульяновская обл,карсун,14.900319319374658,54.19774,46.97723,Карсун,Ульяновская Область,,Россия,ok
Карталы г,Челябинская обл,карталы,15.025779970728568,53.05962,60.64125,Карталы,Челябинская,,Россия,ok
Карцево д,Московская обл,карцево,14.0,56.05,36.71667,Карцево,Московская область,,Россия,ok
Касимов г,Рязанская обл,касимов,15.047322338818084,54.94377,41.40341,Касимов,Рязанская Область,,Россия,ok
Касимово д,Ленинградская обл,касимово,14.0,60.19774,30.31377,Касимово,Ленинградская область,,Россия,ok
Каскара с,Тюменская обл,каскара,8.0,57.1777,65.9399,Каскара,Тюмень,,Россия,ok
Касли г,Челябинская обл,касли,14.97932261582786,55.88753,60.75478,Касли,Челябинская,,Россия,ok
Касторное рп,Курская обл,касторное,14.838731227056172,51.83011,38.13075,Касторное,Курская Область,,Россия,ok
Катав-Ивановск г,Челябинская обл,,,,,,,,,not_found
Катайск г,Курганская обл,катайск,14.965630742339368,56.28854,62.58115,Катайск,Курганская Область,,Россия,ok
Катунино п,Архангельская обл,катунино,14.808825472712243,64.392,40.627,Катунино,Архангельская Область,,Россия,ok
Кафтанчиково с,Томская обл,кафтанчиково,14.0,56.3475,84.87386,Кафтанчиково,Томская Область,,Россия,ok
Качканар г,Свердловская обл,качканар,15.069158121040502,58.7002,59.4839,Качканар,Свердловская Область,,Россия,ok
Кашары сл,Ростовская обл,,,,,,,,,not_found
Кашин г,Тверская обл,кашин,14.971709773156622,57.35918,37.60806,Кашин,Тверская Область,,Россия,ok
Кашино с,Свердловская обл,кашино,8.0,55.93333,36.91667,Кашино,Московская область,Городской Округ Истра,Россия,ok
Кашира г,Московская обл,кашира,15.059875747847704,54.84763,38.18214,Кашира,Московская область,,Россия,ok
Каширское с,Воронежская обл,каширское,14.842617379302906,51.40872,39.58783,Каширское,Воронежская Область,,Россия,ok
Кваркено с,Оренбургская обл,кваркено,14.833375100695358,52.08312,59.72531,Кваркено,Оренбургская Область,,Россия,ok
Кедровый пгт,Красноярский край,кедровый,14.854539184577492,56.28232,91.5376,Кедровый,Красноярский Край,,Россия,ok
Кез п,Удмуртская Респ,кез,8.928665305482534,57.8957,53.7132,Кез,Удмуртия,,Россия,ok
Келози д,Ленинградская обл,келози,14.0,59.66004,29.82843,Келози,Ленинградская область,,Россия,ok
Кемерово г,Кемеровская область - Кузбасс обл,кемерово,9.323385823942765,55.35417,86.10435,Кемерово,Кузба́сс,,Россия,ok
Кемля с,Мордовия Респ,кемля,14.84684230270468,54.693,45.259,Кемля,Мордовия,,Россия,ok
Кемь г,Карелия Респ,кемь,14.95345954246588,64.95695,34.59176,Кемь,Карелия,,Россия,ok
Киевское с,Краснодарский край,киевское,14.846125755908592,45.03829,37.88829,Киевское,Краснодарский край,,Россия,ok
Кижеватово с,Пензенская обл,кижеватово,14.0,53.21287,45.29053,Кижеватово,Пензенская Область,,Россия,ok
Кизел г,Пермский край,кизел,14.999003215393632,59.04709,57.64767,Кизел,Пермский край,,Россия,ok
Кизильское с,Челябинская обл,кизильское,14.0,52.72098,58.89648,Кизильское,Челябинская,,Россия,ok
Кизнер п,Удмуртская Респ,кизнер,8.919502366786428,56.27489,51.508,Кизнер,Удмуртия,,Россия,ok
Кикерино п,Ленинградская обл,кикерино,14.759890045687142,59.46466,29.62729,Кикерино,Ленинградская область,,Россия,ok
Килемары пгт,Марий Эл Респ,килемары,14.826975694753298,56.77848,46.86499,Килемары,Марий Эл,,Россия,ok
Кильмезь пгт,Кировская обл,кильмезь,14.86919864817894,56.94459,51.06363,Кильмезь,Кировская Область,,Россия,ok
Кимовск г,Тульская обл,кимовск,15.037186486003728,53.97312,38.53502,Кимовск,Тульская Область,,Россия,ok
Кимры г,Тверская обл,кимры,15.0860363450889,56.87456,37.35957,Кимры,Тверская Область,,Россия,ok
Кингисепп г,Ленинградская обл,кингисепп,15.08310544686046,59.37627,28.61409,Кингисепп,Ленинградская область,,Россия,ok
Кингисеппский п,Ленинградская обл,кингисеппский,14.0,59.40197,28.56488,Кингисеппский,Ленинградская область,,Россия,ok
Кинель г,Самарская обл,кинель,15.044397876895786,53.22658,50.62614,Кинель,Самарская Область,,Россия,ok
Кинель-Черкассы с,Самарская обл,,,,,,,,,not_found
Кинельский п,Самарская обл,кинельский,14.0,53.43333,52.08333,Кинельский,Самарская Область,,Россия,ok
Кинешма г,Ивановская обл,кинешма,15.144018271432357,57.43665,42.12766,Кинешма,Ивановская Область,,Россия,ok
Кипень д,Ленинградская обл,кипень,14.803883475778775,59.67407,29.84977,Кипень,Ленинградская область,,Россия,ok
Киргиз-Мияки с,Башкортостан Респ,,,,,,,,,not_found
Киреевск г,Тульская обл,киреевск,15.014698260009824,53.9297,37.92148,Киреевск,Тульская Область,,Россия,ok
Киржач г,Владимирская обл,киржач,15.03276762746424,56.15273,38.85509,Киржач,Владимирская область,,Россия,ok
Кириллов г,Вологодская обл,кириллов,14.891851640035709,59.86299,38.38128,Кириллов,Вологодская Область,Кирилловский район,Россия,ok
Кириллово д,Башкортостан Респ,кириллово,14.0,54.80372,56.30649,Кириллово,Башкортостан,,Россия,ok
Кирилловское п,Ленинградская обл,кирилловское,14.0,60.4716,29.27805,Кирилловское,Ленинградская область,,Россия,ok
Кириши г,Ленинградская обл,кириши,15.093651188070886,59.47417,32.04007,Кириши,Ленинградская область,,Россия,ok
Киров г,Калужская обл,киров,15.05794885742611,54.06889,34.29891,Киров,Калужская Область,,Россия,ok
Киров г,Кировская обл,киров,15.313657392755344,58.59809,49.65783,Киров,Кировская Область,Кирово-Чепецкий Район,Россия,ok
Кирова п,Волгоградская обл,кирова,14.0,48.47339,44.53038,Кирова,Волгоградская Область,,Россия,ok
Кировград г,Свердловская обл,кировград,15.0029503273119,57.43134,60.06172,Кировград,Свердловская Область,,Россия,ok
Кирово-Чепецк г.,Кировская обл,,,,,,,,,not_found
Кировск г,Ленинградская обл,кировск,15.011370795855983,59.88002,30.99549,Кировск,Ленинградская область,,Россия,ok
Кировск г,Мурманская обл,кировск,15.029573232247344,67.61475,33.67274,Кировск,Мурманская Область,,Россия,ok
Кировская ст-ца,Ростовская обл,,,,,,,,,not_found
Кировский р-н,Калужская обл,,,,,,,,,not_found
Кировское с,Свердловская обл,кировское,14.0,57.99717,62.06684,Кировское,Свердловская Область,,Россия,ok
Кирпильская ст-ца,Краснодарский край,,,,,,,,,not_found
Кирпичное п,Ленинградская обл,кирпичное,14.0,60.46873,29.368,Кирпичное,Ленинградская область,,Россия,ok
Кирсанов г,Тамбовская обл,кирсанов,14.979679281386517,52.6509,42.73481,Кирсанов,Тамбовская Область,,Россия,ok
Киселевск г,Кемеровская область - Кузбасс обл,киселевск,9.15521557934619,53.99,86.6621,Киселёвск,Кузба́сс,,Россия,ok
Кисельня д,Ленинградская обл,кисельня,14.0,60.0034,32.14827,Кисельня,Ленинградская область,,Россия,ok
Кисловка д,Томская обл,кисловка,14.0,56.42025,84.87042,Кисловка,Томская Область,,Россия,ok
Кисловодск г,Ставропольский край,кисловодск,9.17963886504204,43.91333,42.72083,Кисловодск,Ставрополье,,Россия,ok
Кисляковская ст-ца,Краснодарский край,,,,,,,,,not_found
Кичменгский Городок с,Вологодская обл,кичменгский городок,14.87984546960651,59.98164,45.78543,Кичменгский Городок,Вологодская Область,,Россия,ok
Киясово с,Удмуртская Респ,киясово,8.809132127353042,56.34907,53.12439,Киясово,Удмуртия,,Россия,ok
Клетня п,Брянская обл,клетня,14.952215392400287,53.38981,33.21732,Клетня,Брянская Область,,Россия,ok
Климово рп,Брянская обл,климово,14.958073082680086,52.37877,32.1963,Климово,Брянская Область,,Россия,ok
Клин г,Московская обл,клин,15.129947230973896,56.33169,36.7292,Клин,Московская область,,Россия,ok
Клин-9 г-к,Московская обл,,,,,,,,,not_found
Клинцы г,Брянская обл,клинцы,15.110250308989274,52.76033,32.23905,Клинцы,Брянская Область,,Россия,ok
Ключи с,Алтайский край,ключи,14.912761072437718,52.25303,79.16868,Ключи,Алтайский Край,,Россия,ok
Клявлино ж/д_ст,Самарская обл,,,,,,,,,not_found
Княгинино г,Нижегородская обл,княгинино,14.88427489162961,55.82213,45.03482,Княгинино,Нижегородская Область,,Россия,ok
Кобрино д,Ленинградская обл,,,,,,,,,not_found
Кобяково д,Московская обл,кобяково,14.0,55.67748,36.87912,Кобяково,Московская область,,Россия,ok
Ковардицы с,Владимирская обл,ковардицы,14.0,55.6117,41.9501,Ковардицы,Владимирская область,,Россия,ok
Ковдор г,Мурманская обл,ковдор,14.987914362914662,67.56627,30.47765,Ковдор,Мурманская Область,,Россия,ok
Ковернино рп,Нижегородская обл,ковернино,14.885209276347712,57.128,43.81462,Ковернино,Нижегородская Область,Ковернинский Район,Россия,ok
Ковригино д,Московская обл,ковригино,14.550533153593236,56.46865,37.6874,Ковригино,Московская область,,Россия,ok
Ковров г,Владимирская обл,ковров,15.194616785407783,56.35752,41.31893,Ковров,Владимирская область,Ковровский Район,Россия,ok
Ковылкино г,Мордовия Респ,ковылкино,14.997119292889014,54.0372,43.91871,Ковылкино,Мордовия,,Россия,ok
Когалым г,Ханты-Мансийский Автономный округ - Югра АО,когалым,9.096476135554887,62.26537,74.47906,Когалым,Ханты-Мансийский АО,,Россия,ok
Кожевниково с,Томская обл,кожевниково,14.898356523442793,56.2618,83.96787,Кожевниково,Томская Область,,Россия,ok
Козельск г,Калужская обл,козельск,14.987822102528824,54.0366,35.77088,Козельск,Калужская Область,,Россия,ok
Козет аул,Адыгея Респ,козет,14.0,44.99446,39.0022,Козет,Адыгея,,Россия,ok
Козловка г,Чувашская Республика - Чувашия,козловка,8.936742958721895,55.84284,48.2492,Козловка,Чувашия,,Россия,ok
Козловка с,Воронежская обл,козловка,14.81149229742046,50.86222,40.4519,Козловка,Воронежская Область,,Россия,ok
Козулька рп,Красноярский край,козулька,14.874161592422883,56.16485,91.39125,Козулька,Красноярский Край,,Россия,ok
Козьмодемьянск г,Марий Эл Респ,козьмодемьянск,15.003016425536265,56.33209,46.5606,Козьмодемьянск,Марий Эл,,Россия,ok
Койгородок с,Коми Респ,койгородок,14.798104975966597,60.44379,51.00342,Койгородок,Коми,,Россия,ok
Кокино с,Брянская обл,кокино,14.8437500422507,52.49756,34.77943,Кокино,Брянская Область,,Россия,ok
Коксовый п,Ростовская обл,коксовый,14.9042986242304,48.19742,40.64325,Коксовый,Ростовская Область,,Россия,ok
Кола г,Мурманская обл,кола,14.92687036152731,68.88138,33.01769,Кола,Мурманская Область,,Россия,ok
Кологрив г,Костромская обл,кологрив,14.819035440376329,58.82667,44.31831,Кологрив,Костромская Область,,Россия,ok
Колодезный п,Воронежская обл,колодезный,14.867556352738768,51.33333,39.18333,Колодезный,Воронежская Область,,Россия,ok
Колокша п,Владимирская обл,колокша,14.0,56.06619,40.19097,Колокша,Владимирская область,,Россия,ok
Коломна г,Московская обл,коломна,15.190287753233656,55.07108,38.78399,Коломна,Московская область,,Россия,ok
Колонтаево д,Московская обл,колонтаево,14.0,55.78747,38.25584,Колонтаево,Московская область,,Россия,ok
Колпашево г,Томская обл,колпашево,15.023555725506752,58.32007,82.90295,Колпашево,Томская Область,,Россия,ok
Колпна пгт,Орловская обл,,,,,,,,,not_found
Колтубановский п,Оренбургская обл,колтубановский,14.825114213909076,52.9407,52.0269,Колтубановский,Оренбургская Область,,Россия,ok
Колчаново с,Ленинградская обл,колчаново,14.79384455511648,60.01647,32.58837,Колчаново,Ленинградская область,,Россия,ok
Колчедан с,Свердловская обл,колчедан,14.0,56.369,62.1944,Колчедан,Свердловская Область,,Россия,ok
Колывань рп,Новосибирская обл,колывань,14.928804187964005,55.30891,82.74196,Колывань,Новосибирская Область,,Россия,ok
Колышлей рп,Пензенская обл,колышлей,14.903264808356589,52.7005,44.5367,Колышлей,Пензенская Область,,Россия,ok
Кольцово рп,Новосибирская обл,кольцово,14.92080377229135,54.94204,83.19192,Кольцово,Новосибирская Область,,Россия,ok
Кольчугино г,Владимирская обл,кольчугино,15.073450358034904,56.3045,39.37656,Кольчугино,Владимирская область,,Россия,ok
Комаричи рп,Брянская обл,комаричи,14.8866581653304,52.42086,34.79758,Комаричи,Брянская Область,,Россия,ok
Комаровка п,Ростовская обл,комаровка,8.0,59.68333,49.83333,Комаровка,Коми,,Россия,ok
Комаровский п,Оренбургская обл,комаровский,14.0,51.032,59.866,Комаровский,Оренбургская Область,,Россия,ok
Коммунар г,Ленинградская обл,коммунар,14.976186638286856,59.62056,30.39,Коммунар,Ленинградская область,,Россия,ok
Комсомольск г.,Ивановская обл,комсомольск,14.910230962776248,57.02944,40.37566,Комсомольск,Ивановская Область,,Россия,ok
Комсомольский п,Белгородская обл,комсомольский,8.931208435585948,54.44522,45.83136,Комсомольский,Мордовия,,Россия,ok
Комсомольский п,Воронежская обл,комсомольский,8.931208435585948,54.44522,45.83136,Комсомольский,Мордовия,,Россия,ok
Комсомольский п,Калмыкия Респ,комсомольский,14.853699581871242,45.32944,46.04211,Комсомольский,Калмыкия,,Россия,ok
Комсомольский п,Краснодарский край,комсомольский,8.931208435585948,54.44522,45.83136,Комсомольский,Мордовия,,Россия,ok
Комсомольский п,Самарская обл,комсомольский,14.530330490805907,53.1221,52.1576,Комсомольский,Самарская Область,,Россия,ok
Комсомольский рп,Мордовия Респ,комсомольский,14.931208435585948,54.44522,45.83136,Комсомольский,Мордовия,,Россия,ok
Комсомольское с,Чувашская Республика - Чувашия,комсомольское,8.848466999971068,55.25667,47.54608,Комсомольское,Чувашия,,Россия,ok
Конаково г,Тверская обл,конаково,15.065112291838014,56.70153,36.77305,Конаково,Тверская Область,,Россия,ok
Кондоль с,Пензенская обл,кондоль,14.819229373114764,52.81889,45.05798,Кондоль,Пензенская Область,,Россия,ok
Кондопога г,Карелия Респ,кондопога,15.044467747928351,62.20406,34.26932,Кондопога,Карелия,,Россия,ok
Кондратово д,Пермский край,кондратово,14.862962862074603,57.9804,56.1066,Кондратово,Пермский край,,Россия,ok
Кондрово г,Калужская обл,кондрово,14.957934894307373,54.8059,35.93067,Кондрово,Калужская Область,,Россия,ok
Конезавод имени Буденного п,Ростовская обл,,,,,,,,,not_found
Конобеево с,Московская обл,конобеево,14.925292081951133,55.40776,38.66261,Конобеево,Московская область,,Россия,ok
Коноково с,Краснодарский край,коноково,14.89237243977064,44.8616,41.3266,Коноково,Краснодарский край,,Россия,ok
Коноша рп,Архангельская обл,коноша,14.942416059582952,60.97306,40.26322,Коноша,Архангельская Область,,Россия,ok
Константиново с,Московская обл,константиново,14.817919979842308,56.55,38.03333,Константиново,Московская область,,Россия,ok
Константиновск г,Ростовская обл,константиновск,14.984569952876871,47.58113,41.0934,Константиновск,Ростовская Область,,Россия,ok
Константиновская ст-ца,Краснодарский край,,,,,,,,,not_found
Константиновский п,Ярославская обл,константиновский,14.86515492439153,57.83005,39.58989,Константиновский,Ярославская Область,,Россия,ok
Константиновское с,Ставропольский край,константиновское,8.866853994391077,45.29917,42.63667,Константиновское,Ставрополье,,Россия,ok
Кончезеро с,Карелия Респ,,,,,,,,,not_found
Конышевка рп,Курская обл,,,,,,,,,not_found
Конь-Колодезь с,Липецкая обл,,,,,,,,,not_found
Копанская ст-ца,Краснодарский край,,,,,,,,,not_found
Копейск г,Челябинская обл,копейск,15.116734588208448,55.11686,61.61807,Копейск,Челябинская,,Россия,ok
Копорье с,Ленинградская обл,копорье,14.731388683163344,59.70633,29.042,Копорье,Ленинградская область,Ломоносовский Район,Россия,ok
Копцевы Хутора д,Липецкая обл,копцевы хутора,14.0,52.67688,39.46129,Копцевы Хутора,Липецкая Область,,Россия,ok
Копылово п,Томская обл,копылово,8.0,60.58111,45.08485,Копылово,Вологодская Область,,Россия,ok
Копьево п,Хакасия Респ,копьево,14.0,55.0375,89.84861,Копьево,Хакасия,,Россия,ok
Кораблино г,Рязанская обл,кораблино,14.957983281962552,53.92666,40.02365,Кораблино,Рязанская Область,,Россия,ok
Корекозево с,Калужская обл,корекозево,14.0,54.32006,36.18071,Корекозево,Калужская Область,,Россия,ok
Кореневщино с,Липецкая обл,,,,,,,,,not_found
Кореновск г,Краснодарский край,кореновск,15.063744072748833,45.46723,39.44923,Кореновск,Краснодарский край,,Россия,ok
Коржевский х,Краснодарский край,коржевский,14.827588566947435,45.19414,37.71949,Коржевский,Краснодарский край,,Россия,ok
Коркино г,Челябинская обл,коркино,15.059780904332383,54.89151,61.39201,Коркино,Челябинская,Коркинский район,Россия,ok
Кормиловка рп,Омская обл,кормиловка,14.922690246027516,55.00264,74.10281,Кормиловка,Омская Область,,Россия,ok
Корнилово с,Томская обл,корнилово,8.0,59.87182,36.03207,Корнилово,Вологодская Область,,Россия,ok
Королёв г,Московская обл,королев,15.184796095568045,55.91417,37.82556,Королёв,Московская область,Королёв,Россия,ok
Коротояк с,Воронежская обл,коротояк,14.75522372875608,50.98848,39.18427,Коротояк,Воронежская Область,,Россия,ok
Короча г,Белгородская обл,короча,14.868118104152169,50.81087,37.19607,Короча,Белгородская Область,,Россия,ok
Корсаково с,Орловская обл,корсаково,14.72902928824466,53.26764,37.35807,Корсаково,Орловская Область,,Россия,ok
Корткерос с,Коми Респ,корткерос,14.839615486303918,61.81329,51.57714,Корткерос,Коми,,Россия,ok
Коряжма г,Архангельская обл,коряжма,15.066026659334083,61.31242,47.14829,Коряжма,Архангельская Область,,Россия,ok
Коса с,Пермский край,коса,14.76962126393464,59.94538,54.99189,Коса,Пермский край,,Россия,ok
Костерево г,Владимирская обл,костерево,14.914313162228272,55.9299,39.61438,Костерево,Владимирская область,,Россия,ok
Костино с,Свердловская обл,костино,8.815104494568502,58.90966,53.26907,Костино,Кировская Область,,Россия,ok
Костомукша г,Карелия Респ,костомукша,15.031347574937188,64.571,30.57667,Костомукша,Карелия,,Россия,ok
Кострома г,Костромская обл,кострома,15.25327867114057,57.76638,40.92828,Кострома,Костромская Область,Костромской Район,Россия,ok
Косулино с,Свердловская обл,косулино,14.0,56.73864,60.97165,Косулино,Свердловская Область,,Россия,ok
Косыревка с,Липецкая обл,косыревка,14.0,52.60939,39.40635,Косырёвка,Липецкая Область,,Россия,ok
Котельники г,Московская обл,котельники,14.981471098214527,55.65384,37.86234,Котельники,Московская область,,Россия,ok
Котельниково г,Волгоградская обл,котельниково,14.988445762662932,47.63012,43.14158,Котельниково,Волгоградская Область,,Россия,ok
Котельнич г.,Кировская обл,котельнич,15.022560728293294,58.30348,48.33745,Котельнич,Кировская Область,,Россия,ok
Котельский п,Ленинградская обл,,,,,,,,,not_found
Котлас г,Архангельская обл,котлас,15.0988355823412,61.25663,46.6537,Котлас,Архангельская Область,,Россия,ok
Котово г,Волгоградская обл,котово,15.020292525599876,50.31567,44.81002,Котово,Волгоградская Область,,Россия,ok
Котовск г,Тамбовская обл,котовск,15.040662368781774,52.59047,41.50251,Котовск,Тамбовская Область,,Россия,ok
Кохма г,Ивановская обл,кохма,15.027453373377384,56.9321,41.0947,Кохма,Ивановская Область,,Россия,ok
Кочево с,Пермский край,кочево,8.0,57.21667,48.4,Кочево,Кировская Область,,Россия,ok
Коченево рп,Новосибирская обл,коченево,14.970789836874127,55.01356,82.20783,Коченёво,Новосибирская Область,,Россия,ok
Кочки с,Новосибирская обл,кочки,14.831922993863232,54.33208,80.49338,Кочки,Новосибирская Область,,Россия,ok
Кочкурово с,Мордовия Респ,кочкурово,14.806652149047,54.03805,45.43502,Кочкурово,Мордовия,,Россия,ok
Кочубеевское с,Ставропольский край,кочубеевское,9.025737862509825,44.64417,41.84528,Кочубеевское,Ставрополье,,Россия,ok
Кошехабль аул,Адыгея Респ,кошехабль,14.889754559870934,44.90007,40.50326,Кошехабль,Адыгея,,Россия,ok
Кошки с,Самарская обл,кошки,14.899801311309584,54.20851,50.46698,Кошки,Самарская Область,,Россия,ok
Крапивна с,Тульская обл,крапивна,14.722110509818249,53.94235,37.15744,Крапивна,Тульская Область,,Россия,ok
Красавино г,Вологодская обл,красавино,14.89762622556092,60.96225,46.48321,Красавино,Вологодская Область,,Россия,ok
Красная Башкирия с,Башкортостан Респ,,,,,,,,,not_found
Красная Гора пгт,Брянская обл,красная гора,14.8774776816044,52.9995,31.6023,Красная Гора,Брянская Область,,Россия,ok
Красная Горбатка п,Владимирская обл,красная горбатка,6.912978086411776,55.87701,41.75508,Красн.Горбатка,Владимирская область,,Россия,ok
Красная Горка п,Нижегородская обл,красная горка,14.782444593087762,55.38666,46.10925,Красная Горка,Нижегородская Область,,Россия,ok
Красная Заря п,Орловская обл,красная заря,14.749720722320331,52.78471,37.68702,Красная Заря,Орловская Область,,Россия,ok
Красная Поляна пгт,Кировская обл,красная поляна,14.896559006690792,56.24204,51.14425,Красная Поляна,Кировская Область,,Россия,ok
Красная Яруга п,Белгородская обл,красная яруга,14.897777759874549,50.80198,35.65774,Красная Яруга,Белгородская Область,,Россия,ok
Красненькая д,Тамбовская обл,красненькая,14.0,52.76092,41.44999,Красненькая,Тамбовская Область,,Россия,ok
Краснинский п,Липецкая обл,краснинский,14.0,52.84871,38.77723,Краснинский,Липецкая Область,,Россия,ok
Красноармейск г,Московская обл,красноармейск,15.01538181636943,56.1,38.13333,Красноармейск,Московская область,,Россия,ok
Красноармейск г,Саратовская обл,красноармейск,15.015975635428216,51.02349,45.69665,Красноармейск,Саратовская Область,,Россия,ok
Красноармейское с,Самарская обл,красноармейское,14.85948946990801,52.71994,50.03122,Красноармейское,Самарская Область,,Россия,ok
Красноармейское с,Чувашская Республика - Чувашия,красноармейское,8.85948946990801,52.71994,50.03122,Красноармейское,Самарская Область,,Россия,ok
Красноборск с,Архангельская обл,красноборск,14.848446336679332,61.55802,45.934,Красноборск,Архангельская Область,,Россия,ok
Краснобродский пгт.,Кемеровская область - Кузбасс обл,краснобродский,8.935582503871817,54.1581,86.4486,Краснобродский,Кузба́сс,,Россия,ok
Красновишерск г,Пермский край,красновишерск,14.980840734628586,60.40728,57.08286,Красновишерск,Пермский край,,Россия,ok
Красновка х,Ростовская обл,красновка,14.828576542051431,48.81769,40.09226,Красновка,Ростовская Область,,Россия,ok
Красногвардейский п,Свердловская обл,красногвардейский,14.846526811855131,57.37928,62.31952,Красногвардейский,Свердловская Область,,Россия,ok
Красногвардейское с,Адыгея Респ,красногвардейское,14.911294802596752,45.13235,39.57438,Красногвардейское,Адыгея,,Россия,ok
Красногвардейское с,Ставропольский край,красногвардейское,8.969091295257115,45.84493,41.51745,Красногвардейское,Ставрополье,,Россия,ok
Красногородск рп,Псковская обл,красногородск,14.842595471098196,56.83388,28.29873,Красногородск,Псковская Область,,Россия,ok
Красногорск г,Московская обл,красногорск,15.14396340823934,55.81904,37.32984,Красногорск,Московская область,,Россия,ok
Красногорский п,Кемеровская область - Кузбасс обл,красногорский,8.951811914612708,54.6025,61.231,Красногорский,Челябинская,,Россия,ok
Красногорский пгт,Марий Эл Респ,красногорский,14.88630498279191,56.1525,48.32583,Красногорский,Марий Эл,,Россия,ok
Красногорский рп,Челябинская обл,красногорский,14.951811914612708,54.6025,61.231,Красногорский,Челябинская,,Россия,ok
Красногорское с,Удмуртская Респ,красногорское,8.881045964216192,52.29767,86.19816,Красногорское,Алтайский Край,,Россия,ok
Краснодар г,Краснодарский край,краснодар,15.370964102388966,45.04534,38.98178,Краснодар,Краснодарский край,,Россия,ok
Красное Поле п,Челябинская обл,красное поле,8.0,52.83591,46.29386,Красное Поле,Пензенская Область,,Россия,ok
Красное Эхо п,Владимирская обл,красное эхо,14.0,55.79389,40.70522,Красное Эхо,Владимирская область,,Россия,ok
Красное с,Белгородская обл,красное,14.776344638872736,50.93291,38.68125,Красное,Белгородская Область,,Россия,ok
Красное с,Липецкая обл,красное,14.82995345703326,52.86331,38.78455,Красное,Липецкая Область,,Россия,ok
Красное-на-Волге пгт,Костромская обл,,,,,,,,,not_found
Краснозаводск г,Московская обл,краснозаводск,14.936691667901828,56.44814,38.21511,Краснозаводск,Московская область,,Россия,ok
Краснозерское рп,Новосибирская обл,краснозерское,14.924377514806242,53.986,79.23999,Краснозерское,Новосибирская Область,,Россия,ok
Краснознаменск г,Московская обл,краснознаменск,15.04252827894907,55.59525,37.05235,Краснознаменск,Московская область,,Россия,ok
Краснокамск г,Пермский край,краснокамск,15.087218096320331,58.0787,55.75622,Краснокамск,Пермский край,,Россия,ok
Краснообск рп,Новосибирская обл,краснообск,14.97347729991484,54.9198,82.9909,Краснообск,Новосибирская Область,,Россия,ok
Краснооктябрьский п,Адыгея Респ,краснооктябрьский,14.0,44.5797,40.0793,Краснооктябрьский,Адыгея,,Россия,ok
Красносвободное с,Тамбовская обл,красносвободное,14.0,52.65174,41.31133,Красносвободное,Тамбовская Область,,Россия,ok
Красносельск п,Ульяновская обл,красносельск,8.0,48.04304,45.22505,Красносельск,Калмыкия,,Россия,ok
Красносельское с,Краснодарский край,красносельское,14.0,45.29039,39.1599,Красносельское,Краснодарский край,,Россия,ok
Краснослободск г,Волгоградская обл,краснослободск,14.957045937831747,48.70708,44.57702,Краснослободск,Волгоградская Область,,Россия,ok
Краснослободск г,Мордовия Респ,краснослободск,14.928256800597309,54.42548,43.78561,Краснослободск,Мордовия,,Россия,ok
Краснотурьинск г,Свердловская обл,краснотурьинск,15.10445365314015,59.7666,60.2086,Краснотурьинск,Свердловская Область,,Россия,ok
Красноуральск г,Свердловская обл,красноуральск,15.021310233498744,58.3638,60.0407,Красноуральск,Свердловская Область,,Россия,ok
Красноусольский с,Башкортостан Респ,красноусольский,14.0,53.88755,56.47205,Красноусольский,Башкортостан,,Россия,ok
Красноуфимск г,Свердловская обл,красноуфимск,15.06717885866965,56.61399,57.76897,Красноуфимск,Свердловская Область,,Россия,ok
Краснохолмский с,Башкортостан Респ,краснохолмский,14.900183909739884,55.98729,55.04659,Краснохолмский,Башкортостан,,Россия,ok
Красноярск г,Красноярский край,красноярск,15.390243293099315,56.03742,92.93136,Красноярск,Красноярский Край,,Россия,ok
Красноярская ст-ца,Ростовская обл,,,,,,,,,not_found
Красные Баки рп,Нижегородская обл,красные баки,14.889740886527097,57.131,45.15992,Красные Баки,Нижегородская Область,,Россия,ok
Красные Баррикады рп,Астраханская обл,красные баррикады,14.874448811385292,46.2045,47.8535,Красные Баррикады,Астраханская Область,,Россия,ok
Красные Ткачи п,Ярославская обл,красные ткачи,14.83077059665495,57.49259,39.75629,Красные Ткачи,Ярославская Область,,Россия,ok
Красные Четаи с,Чувашская Республика - Чувашия,красные четаи,0.7991253929840199,55.68871,46.13865,Красн.Четаи,Чувашия,,Россия,ok
Красный Бор гп,Ленинградская обл,,,,,,,,,not_found
Красный Бор п,Ярославская обл,красный бор,8.848735234940522,59.68194,30.66806,Красный Бор,Ленинградская область,,Россия,ok
Красный Десант х,Ростовская обл,красный десант,14.0,47.16212,38.73576,Красный Десант,Ростовская Область,,Россия,ok
Красный Ключ п,Татарстан Респ,красный ключ,14.0,54.85661,50.86426,Красный Ключ,Татарстан,,Россия,ok
Красный Ключ с,Башкортостан Респ,красный ключ,14.776174498465892,55.38625,56.65287,Красный Ключ,Башкортостан,,Россия,ok
Красный Коммунар п,Оренбургская обл,красный коммунар,14.83351915834332,51.96436,55.3668,Красный Коммунар,Оренбургская Область,,Россия,ok
Красный Кут г,Саратовская обл,красный кут,8.0,51.40736,36.22702,Красный Кут,Курская Область,,Россия,ok
Красный Пахарь х,Ставропольский край,красный пахарь,8.0,62.71667,32.7,Красный Пахарь,Карелия,,Россия,ok
Красный Профинтерн рп,Ярославская обл,красный профинтерн,14.729233717617388,57.74459,40.43501,Красный Профинтерн,Ярославская Область,,Россия,ok
Красный Сад п,Ростовская обл,красный сад,14.0,47.09866,39.73084,Красный Сад,Ростовская Область,,Россия,ok
Красный Сулин г,Ростовская обл,красный сулин,15.069498573944305,47.89246,40.07185,Красный Сулин,Ростовская Область,,Россия,ok
Красный Холм г,Тверская обл,красный холм,14.871948076085108,58.06166,37.11975,Красный Холм,Тверская Область,,Россия,ok
Красный Яр рп,Волгоградская обл,красный яр,8.929440574709385,46.53241,48.34476,Красный Яр,Астраханская Область,,Россия,ok
Красный Яр с,Астраханская обл,красный яр,14.929440574709384,46.53241,48.34476,Красный Яр,Астраханская Область,,Россия,ok
Красный Яр с,Самарская обл,красный яр,14.894441979130592,53.4978,50.39209,Красный Яр,Самарская Область,,Россия,ok
Красный пгт,Смоленская обл,красный,14.0,54.56632,31.43158,Красный,Смоленская Область,,Россия,ok
Кременки г,Калужская обл,кременки,14.93922451752738,54.88626,37.11955,Кременки,Калужская Область,,Россия,ok
Кременкуль с,Челябинская обл,кременкуль,14.0,55.1863,61.1544,Кременкуль,Челябинская,,Россия,ok
Крестово-Городище с,Ульяновская обл,,,,,,,,,not_found
Крестцы рп,Новгородская обл,крестцы,14.918379103674264,58.24782,32.51796,Крестцы,Новгородская Область,,Россия,ok
Кривандино с,Московская обл,кривандино,14.0,55.56209,39.68459,Кривандино,Московская область,,Россия,ok
Кривенковское с,Краснодарский край,кривенковское,14.0,44.1826,39.2392,Кривенковское,Краснодарский край,,Россия,ok
Кривка с,Липецкая обл,кривка,14.0,52.33444,39.70181,Кривка,Липецкая Область,,Россия,ok
Кривополянье с,Липецкая обл,кривополянье,14.0,53.23022,39.92973,Кривополянье,Липецкая Область,,Россия,ok
Кривошеино с,Томская обл,кривошеино,14.870134640303917,57.3432,83.92405,Кривошеино,Томская Область,,Россия,ok
Кривское д,Калужская обл,кривское,14.0,55.13639,36.53722,Кривское,Калужская Область,,Россия,ok
Кривянская ст-ца,Ростовская обл,,,,,,,,,not_found
Криулино с,Свердловская обл,криулино,14.0,56.58256,57.81698,Криулино,Свердловская Область,,Россия,ok
Кромы пгт,Орловская обл,кромы,14.886770920803938,52.68762,35.76665,Кромы,Орловская Область,,Россия,ok
Кропоткин г.,Краснодарский край,кропоткин,15.128476937183247,45.43722,40.5704,Кропоткин,Краснодарский край,,Россия,ok
Кротовка с,Самарская обл,кротовка,14.859396903021828,53.2858,51.1686,Кротовка,Самарская Область,,Россия,ok
Круглое Поле п,Татарстан Респ,круглое поле,14.0,55.62,52.178,Круглое Поле,Татарстан,,Россия,ok
Крупино д,Московская обл,крупино,14.0,55.62986,38.73044,Крупино,Московская область,,Россия,ok
Крутая д,Нижегородская обл,крутая,14.0,56.20157,44.0863,Крутая,Нижегородская Область,,Россия,ok
Крутинка рп,Омская обл,крутинка,14.895583514421896,56.00552,71.50839,Крутинка,Омская Область,,Россия,ok
Крутоярский п,Рязанская обл,крутоярский,14.0,54.9071,41.2716,Крутоярский,Рязанская Область,,Россия,ok
Крыловская ст-ца,Краснодарский край,,,,,,,,,not_found
Крым с,Ростовская обл,крым,14.840648506943182,47.30409,39.51592,Крым,Ростовская Область,,Россия,ok
Крымск г,Краснодарский край,крымск,15.09605136658833,44.92625,37.99025,Крымск,Краснодарский край,,Россия,ok
Крючково д,Московская обл,крючково,8.0,58.98891,42.83113,Крючково,Костромская Область,,Россия,ok
Кстово г,Нижегородская обл,кстово,15.11160682028271,56.1475,44.19865,Кстово,Нижегородская Область,Кстовский Район,Россия,ok
Кстово п,Ярославская обл,кстово,14.0,58.00946,38.8522,Кстово,Ярославская Область,,Россия,ok
Кубанская ст-ца,Краснодарский край,,,,,,,,,not_found
Кубанский п,Краснодарский край,кубанский,14.807121853996986,45.92917,40.58056,Кубанский,Краснодарский край,,Россия,ok
Кубенское с,Вологодская обл,кубенское,14.0,59.43387,39.66913,Кубенское,Вологодская Область,,Россия,ok
Кубинка г,Московская обл,кубинка,15.016365710268678,55.57957,36.70392,Кубинка,Московская область,,Россия,ok
Кубринск с,Ярославская обл,кубринск,14.0,56.73333,38.35,Кубринск,Ярославская Область,,Россия,ok
Кувандык г,Оренбургская обл,кувандык,15.026489627444738,51.48481,57.35788,Кувандык,Оренбургская Область,,Россия,ok
Кувшиново г,Тверская обл,кувшиново,14.930209879721572,57.02857,34.17895,Кувшиново,Тверская Область,,Россия,ok
Кувшиново п,Вологодская обл,кувшиново,14.0,59.61852,41.08335,Кувшиново,Вологодская Область,,Россия,ok
Кугеси п,Чувашская Республика - Чувашия,кугеси,8.935426754078282,56.02895,47.29255,Кугеси,Чувашия,,Россия,ok
Кугульта с,Ставропольский край,кугульта,8.0,46.78333,40.7,Кугульта,Ростовская Область,,Россия,ok
Кудиново с,Калужская обл,кудиново,14.812622252945852,54.99939,36.25331,Кудиново,Калужская Область,Малоярославетский Район,Россия,ok
Кудиново с,Московская обл,кудиново,14.0,55.76191,38.20663,Кудиново,Московская область,,Россия,ok
Кудрово г.,Ленинградская обл,кудрово,15.030898599342208,59.90349,30.51058,Кудрово,Ленинградская область,,Россия,ok
Кудряшовский дп,Новосибирская обл,,,,,,,,,not_found
Кудымкар г,Пермский край,кудымкар,15.036081745835936,59.01516,54.65319,Кудымкар,Пермский край,,Россия,ok
Куеда п,Пермский край,куеда,14.916597042424025,56.4305,55.59139,Куеда,Пермский край,,Россия,ok
Куженер пгт,Марий Эл Респ,куженер,14.86652683094816,56.81124,48.91523,Куженер,Марий Эл,,Россия,ok
Кужорская ст-ца,Адыгея Респ,,,,,,,,,not_found
Кузнецк г,Пензенская обл,кузнецк,15.141289516289516,53.11675,46.60037,Кузнецк,Пензенская Область,Kuznetskiy Rayon,Россия,ok
Кузнечиха (Кузнечихинский с.о.) д,Ярославская обл,,,,,,,,,not_found
Кузнечное пгт,Ленинградская обл,кузнечное,14.845850419506757,61.1153,29.87535,Кузнечное,Ленинградская область,,Россия,ok
Кузоватово рп,Ульяновская обл,кузоватово,14.906044728240156,53.54681,47.68628,Кузоватово,Ульяновская Область,,Россия,ok
Кузьмино-Гать с,Тамбовская обл,,,,,,,,,not_found
Кузьмоловский гп,Ленинградская обл,,,,,,,,,not_found
Куйбышев г,Новосибирская обл,куйбышев,15.07853731576861,55.44783,78.31907,Куйбышев,Новосибирская Область,,Россия,ok
Куйбышево с,Ростовская обл,куйбышево,14.86640602672258,47.81351,38.91153,Куйбышево,Ростовская Область,,Россия,ok
Куйвози д,Ленинградская обл,куйвози,14.706987412845857,60.31931,30.43631,Куйвози,Ленинградская область,,Россия,ok
Кукмор г.,Татарстан Респ,кукмор,14.97288960418041,56.18648,50.89404,Кукмор,Татарстан,,Россия,ok
Куксово с,Тамбовская обл,куксово,14.0,52.87058,41.49502,Куксово,Тамбовская Область,,Россия,ok
Кукуевка д,Курская обл,кукуевка,14.0,51.62644,36.13135,Кукуевка,Курская Область,,Россия,ok
Кукуштан п,Пермский край,кукуштан,14.849105453380654,57.6464,56.4952,Кукуштан,Пермский край,,Россия,ok
Кулебаки г,Нижегородская обл,кулебаки,15.053537084449216,55.41333,42.5325,Кулебаки,Нижегородская Область,,Россия,ok
Кулешовка д,Липецкая обл,кулешовка,14.0,52.88333,38.16667,Кулешовка,Липецкая Область,,Россия,ok
Кулешовка с,Ростовская обл,кулешовка,14.959349170248776,47.07855,39.55532,Кулешовка,Ростовская Область,,Россия,ok
Кулига с,Тюменская обл,кулига,8.0,60.2324,53.85258,Кулига,Пермский край,,Россия,ok
Куликово с,Московская обл,куликово,14.0,56.44899,37.29115,Куликово,Московская область,,Россия,ok
Кулой рп,Архангельская обл,кулой,14.87884409574046,61.03049,42.49252,Кулой,Архангельская Область,,Россия,ok
Кулотино рп,Новгородская обл,кулотино,14.811761074646622,58.45,33.38333,Кулотино,Новгородская Область,,Россия,ok
Култаево с,Пермский край,култаево,14.83513747067213,57.8948,55.9378,Култаево,Пермский край,,Россия,ok
Кулуево с,Челябинская обл,кулуево,14.0,55.2252,60.5984,Кулуево,Челябинская,,Россия,ok
Кулунда с,Алтайский край,кулунда,14.96386101327376,52.56494,78.93911,Кулунда,Алтайский Край,,Россия,ok
Культура сп.,Нижегородская обл,,,,,,,,,not_found
Кумены пгт,Кировская обл,кумены,14.853522955390234,58.10799,49.91326,Кумены,Кировская Область,,Россия,ok
Кумертау г,Башкортостан Респ,кумертау,15.108708416510924,52.76493,55.78785,Кумертау,Башкортостан,,Россия,ok
Кумылженская ст-ца,Волгоградская обл,,,,,,,,,not_found
Кунашак с,Челябинская обл,кунашак,14.869131455164483,55.70155,61.54932,Кунашак,Челябинская,,Россия,ok
Кунгур г,Пермский край,кунгур,15.11033017217132,57.41435,56.97157,Кунгур,Пермский край,,Россия,ok
Кундравы с,Челябинская обл,кундравы,14.0,54.8375,60.221,Кундравы,Челябинская,,Россия,ok
Кунья рп,Псковская обл,кунья,14.0,56.2931,30.98009,Кунья,Псковская Область,,Россия,ok
Купанское с,Ярославская обл,купанское,14.0,56.81667,38.67167,Купанское,Ярославская Область,,Россия,ok
Купино г,Новосибирская обл,купино,14.970100410391822,54.36677,77.3068,Купино,Новосибирская Область,,Россия,ok
Курагино пгт,Красноярский край,курагино,14.955229753882795,53.88785,92.68152,Курагино,Красноярский Край,,Россия,ok
Курашим с,Пермский край,курашим,14.0,57.6523,56.6125,Курашим,Пермский край,,Россия,ok
Курбатово п,Воронежская обл,курбатово,14.0,51.64315,38.5838,Курбатово,Воронежская Область,,Россия,ok
Курган г,Курганская обл,курган,15.264202169415052,55.44905,65.34344,Курган,Курганская Область,,Россия,ok
Курганинск г,Краснодарский край,курганинск,15.077230924716824,44.88448,40.58893,Курганинск,Краснодарский край,,Россия,ok
Куркино рп,Тульская обл,куркино,14.869030580912488,53.42595,38.65597,Куркино,Тульская Область,,Россия,ok
Курлово г,Владимирская обл,курлово,14.889068592028114,55.43252,40.48539,Курлово,Владимирская область,,Россия,ok
Курманаевка с,Оренбургская обл,курманаевка,14.84235416353348,52.50699,52.06633,Курманаевка,Оренбургская Область,,Россия,ok
Куровское г,Московская обл,куровское,14.986131047363694,55.58183,38.91994,Куровское,Московская область,,Россия,ok
Курсавка с,Ставропольский край,курсавка,8.930964257305005,44.46151,42.50407,Курсавка,Ставрополье,,Россия,ok
Курсаково п,Московская обл,курсаково,11.0,55.97861,36.64167,Курсаково-Марково,Московская область,,Россия,ok
Курск г,Курская обл,курск,15.301418556355287,51.72689,36.18457,Курск,Курская Область,,Россия,ok
Курск п,Ленинградская обл,курск,14.0,59.31616,29.13473,Курск,Ленинградская область,,Россия,ok
Курская ст-ца,Ставропольский край,,,,,,,,,not_found
Курумоч с,Самарская обл,курумоч,14.877090474429686,53.48963,50.03748,Курумоч,Самарская Область,,Россия,ok
Курчанская ст-ца,Краснодарский край,,,,,,,,,not_found
Курчатов г,Курская обл,курчатов,15.074937727911095,51.65356,35.68651,Курчатов,Курская Область,,Россия,ok
Курьи с,Свердловская обл,курьи,14.0,56.9171,62.1222,Курьи,Свердловская Область,,Россия,ok
Курья с,Алтайский край,курья,14.0,51.60139,82.28913,Курья,Алтайский Край,,Россия,ok
Куса г,Челябинская обл,куса,14.989439635252436,55.34503,59.44004,Куса,Челябинская,,Россия,ok
Кутлу-Букаш с,Татарстан Респ,,,,,,,,,not_found
Кушва г,Свердловская обл,кушва,15.043584959383264,58.28731,59.74751,Кушва,Свердловская Область,,Россия,ok
Кушнаренково с,Башкортостан Респ,кушнаренково,14.927340906344316,55.105,55.35083,Кушнарёнково,Башкортостан,,Россия,ok
Кущевская ст-ца,Краснодарский край,,,,,,,,,not_found
Куюки д,Татарстан Респ,куюки,14.0,55.71718,49.35502,Куюки,Татарстан,,Россия,ok
Куяново с,Башкортостан Респ,куяново,14.0,55.80139,54.53722,Куяново,Башкортостан,,Россия,ok
Куяр п,Марий Эл Респ,куяр,14.0,56.54789,47.98832,Куяр,Марий Эл,,Россия,ok
Кшенский рп,Курская обл,кшенский,14.87803263909466,51.84083,37.71361,Кшенский,Курская Область,,Россия,ok
Кыласово с,Пермский край,кыласово,14.0,58.8881,56.1071,Кыласово,Пермский край,,Россия,ok
Кыштовка с,Новосибирская обл,кыштовка,14.865259782842244,56.55555,76.63029,Кыштовка,Новосибирская Область,,Россия,ok
Кыштым г,Челябинская обл,кыштым,15.06364802510182,55.7163,60.551,Кыштым,Челябинская,,Россия,ok
Лабинск г,Краснодарский край,лабинск,15.103401831677251,44.63604,40.7357,Лабинск,Краснодарский край,,Россия,ok
Лабытнанги г,Ямало-Ненецкий АО,лабытнанги,15.020610749735212,66.65722,66.41833,Лабытнанги,Ямало-Ненецкий АО,,Россия,ok
Лагань г,Калмыкия Респ,лагань,14.955009293671896,45.39177,47.36452,Лагань,Калмыкия,,Россия,ok
Ладва п,Карелия Респ,ладва,14.0,61.36185,34.44695,Ладва,Карелия,,Россия,ok
Ладожская ст-ца,Краснодарский край,,,,,,,,,not_found
Лазарево п,Тульская обл,лазарево,8.0,63.57249,32.97153,Лазарево,Карелия,,Россия,ok
Лазурный п,Курская обл,лазурный,8.0,45.14787,39.08824,Лазурный,Краснодарский край,,Россия,ok
Лаишево г,Татарстан Респ,лаишево,14.895480275285095,55.40559,49.5521,Лаишево,Татарстан,,Россия,ok
Лакинск г,Владимирская обл,лакинск,14.972358307225775,56.01931,39.94848,Лакинск,Владимирская область,,Россия,ok
Ламское с,Липецкая обл,ламское,14.0,52.96673,38.04429,Ламское,Липецкая Область,,Россия,ok
Лангепас г,Ханты-Мансийский Автономный округ - Югра АО,лангепас,9.059665973278358,61.25439,75.2124,Лангепас,Ханты-Мансийский АО,,Россия,ok
Лаптево д,Нижегородская обл,лаптево,8.0,56.7426,28.83444,Лаптево,Псковская Область,,Россия,ok
Лахденпохья г,Карелия Респ,лахденпохья,14.904180337015283,61.51968,30.19761,Лахденпохья,Карелия,,Россия,ok
Лебедянь г,Липецкая обл,лебедянь,15.004198782978124,53.01532,39.14458,Лебедянь,Липецкая Область,,Россия,ok
Лебяжье п,Ленинградская обл,лебяжье,14.86476949994804,59.96182,29.4149,Лебяжье,Ленинградская область,,Россия,ok
Лев Толстой п,Липецкая обл,лев толстой,14.910007897771864,53.20993,39.45431,Лев Толстой,Липецкая Область,,Россия,ok
Левокумское с,Ставропольский край,левокумское,8.93394369453106,44.82194,44.66056,Левокумское,Ставрополье,,Россия,ok
Лежнево п,Ивановская обл,лежнево,14.898444303246537,56.77508,40.89174,Лежнево,Ивановская Область,,Россия,ok
Ленина х,Ростовская обл,ленина,14.0,47.47707,43.10377,Ленина,Ростовская Область,,Россия,ok
Ленинаван х,Ростовская обл,ленинаван,14.0,47.28521,39.62913,Ленинаван,Ростовская Область,,Россия,ok
Ленинакан х,Ростовская обл,ленинакан,14.0,47.31508,39.64639,Ленинакан,Ростовская Область,,Россия,ok
Ленинградская ст-ца,Краснодарский край,,,,,,,,,not_found
Ленино д,Московская обл,ленино,14.0,55.88041,37.05893,Ленино,Московская область,,Россия,ok
Ленино с,Липецкая обл,ленино,8.0,55.28624,47.19908,Ленино,Чувашия,,Россия,ok
Ленино с,Пензенская обл,ленино,8.0,55.28624,47.19908,Ленино,Чувашия,,Россия,ok
Ленино с,Татарстан Респ,ленино,14.0,55.91667,52.28333,Ленино,Татарстан,,Россия,ok
Ленино-Кокушкино с,Татарстан Респ,,,,,,,,,not_found
Лениногорск г,Татарстан Респ,лениногорск,15.11014020422781,54.5971,52.45124,Лениногорск,Татарстан,,Россия,ok
Ленинск г,Волгоградская обл,ленинск,14.96269432244948,48.70311,45.19611,Ленинск,Волгоградская Область,,Россия,ok
Ленинск-Кузнецкий г,Кемеровская область - Кузбасс обл,,,,,,,,,not_found
Ленинский р-н,Тульская обл,,,,,,,,,not_found
Ленинский рп,Тульская обл,ленинский,14.919370273082317,54.28734,37.4571,Ленинский,Тульская Область,,Россия,ok
Ленинское п,Ленинградская обл,ленинское,14.735308192051544,60.22021,29.84711,Ленинское,Ленинградская область,,Россия,ok
Ленинское пгт,Кировская обл,ленинское,14.8579980179515,58.31552,47.0884,Ленинское,Кировская Область,,Россия,ok
Ленск с,Пермский край,ленск,14.0,57.30026,56.65701,Ленск,Пермский край,,Россия,ok
Лермонтов г,Ставропольский край,лермонтов,9.00592084275329,44.1072,42.97798,Лермонтов,Ставрополье,,Россия,ok
Лермонтово с,Краснодарский край,лермонтово,14.700397413672269,44.3038,38.7572,Лермонтово,Краснодарский край,,Россия,ok
Лесколово д,Ленинградская обл,лесколово,14.83039999709552,60.26341,30.45462,Лесколово,Ленинградская область,Всеволожский Район,Россия,ok
Лесная Поляна рп,Ярославская обл,лесная поляна,8.0,58.5204,36.1276,Лесная Поляна,Новгородская Область,,Россия,ok
Лесная д,Новгородская обл,лесная,14.0,58.30143,30.88733,Лесная,Новгородская Область,,Россия,ok
Лесное Озеро п,Московская обл,лесное озеро,14.0,56.1244,36.8684,Лесное Озеро,Московская область,,Россия,ok
Лесное с,Тверская обл,лесное,14.754327334670544,58.28603,35.52359,Лесное,Тверская Область,,Россия,ok
Лесной Городок дп,Московская обл,,,,,,,,,not_found
Лесной г,Свердловская обл,лесной,15.091692314379664,57.6198,63.0784,Лесной,Свердловская Область,,Россия,ok
Лесной п,Московская обл,лесной,14.906992821825945,56.06667,37.91667,Лесной,Московская область,,Россия,ok
Лесной рп,Московская обл,лесной,14.906992821825945,56.06667,37.91667,Лесной,Московская область,,Россия,ok
Лесной рп,Рязанская обл,лесной,14.89005490139363,54.2125,40.4713,Лесной,Рязанская Область,,Россия,ok
Лесогорский гп,Ленинградская обл,,,,,,,,,not_found
Лесосибирск г,Красноярский край,лесосибирск,15.109659150429696,58.23544,92.48351,Лесосибирск,Красноярский Край,,Россия,ok
Лешково д,Московская обл,лешково,14.0,55.80797,37.10372,Лешково,Московская область,,Россия,ok
Ливны г,Орловская обл,ливны,15.075321104013817,52.42431,37.59956,Ливны,Орловская Область,,Россия,ok
Ликино-Дулёво г,Московская обл,,,,,,,,,not_found
Лиман рп,Астраханская обл,лиман,14.908918917041204,45.78205,47.22393,Лиман,Астраханская Область,,Россия,ok
Линево рп,Новосибирская обл,линево,14.999044476139202,54.4589,83.3764,Линёво,Новосибирская Область,,Россия,ok
Липецк г,Липецкая обл,липецк,15.31416482236162,52.5876,39.55151,Липецк,Липецкая Область,,Россия,ok
Липин Бор с,Вологодская обл,липин бор,14.823536064375334,60.263,37.9785,Липин Бор,Вологодская Область,,Россия,ok
Липицы с,Московская обл,липицы,14.0,54.848,37.48214,Липицы,Московская область,,Россия,ok
Липки г,Тульская обл,липки,14.902135667230867,54.32622,37.52006,Липки,Тульская Область,,Россия,ok
Лиски г,Воронежская обл,лиски,15.093203496675596,50.9824,39.50403,Лиски,Воронежская Область,,Россия,ok
Листвянка п,Рязанская обл,листвянка,14.0,53.61667,39.75,Листвянка,Рязанская Область,,Россия,ok
Листопадовка с,Воронежская обл,листопадовка,14.0,51.41991,41.43773,Листопадовка,Воронежская Область,,Россия,ok
Лихославль г,Тверская обл,лихославль,14.941662256621498,57.12662,35.46421,Лихославль,Тверская Область,,Россия,ok
Лобаново д,Московская обл,лобаново,14.0,56.04359,35.53835,Лобаново,Московская область,,Россия,ok
Лобаново с,Пермский край,лобаново,14.81786387885907,57.8595,56.3026,Лобаново,Пермский край,,Россия,ok
Лобва п,Свердловская обл,лобва,14.903646306196489,59.18538,60.51846,Лобва,Свердловская Область,,Россия,ok
Лобня г,Московская обл,лобня,15.103122165477624,56.02714,37.46793,Лобня,Московская область,,Россия,ok
Ловозеро с,Мурманская обл,ловозеро,14.799429498641596,68.00557,35.01872,Ловозеро,Мурманская Область,,Россия,ok
Лог с,Волгоградская обл,лог,14.821500643276158,49.48437,43.86125,Лог,Волгоградская Область,,Россия,ok
Логиново с,Свердловская обл,логиново,8.0,61.65,33.66667,Логиново,Карелия,,Россия,ok
Лодейное Поле г,Ленинградская обл,лодейное поле,15.000626974717916,60.72564,33.56063,Лодейное Поле,Ленинградская область,,Россия,ok
Лоза п,Московская обл,лоза,14.79287663216267,56.25922,38.21375,Лоза,Московская область,,Россия,ok
Локня рп,Псковская обл,локня,14.846863300080086,56.82621,30.14064,Локня,Псковская Область,,Россия,ok
Локомотивный пгт,Челябинская обл,локомотивный,14.927462886185854,53.0448,60.61563,Локомотивный,Челябинская,,Россия,ok
Локоть рп,Брянская обл,локоть,14.93804206423478,52.57472,34.57673,Локоть,Брянская Область,,Россия,ok
Ломинцевский п,Тульская обл,ломинцевский,14.844827174594982,53.98548,37.66471,Ломинцевский,Тульская Область,,Россия,ok
Ломовка с,Башкортостан Респ,ломовка,14.80643219609108,53.91944,58.36722,Ломовка,Башкортостан,,Россия,ok
Лопатино с,Пензенская обл,лопатино,14.837077917296073,52.61949,45.81184,Лопатино,Пензенская Область,,Россия,ok
Лопатино с,Самарская обл,лопатино,8.952427481557203,55.52799,37.64666,Лопатино,Московская область,,Россия,ok
Лопухинка д,Ленинградская обл,лопухинка,14.0,59.73003,29.41205,Лопухинка,Ленинградская область,,Россия,ok
Лосево п. ж/д ст.,Ленинградская обл,,,,,,,,,not_found
Лосево с,Воронежская обл,лосево,14.840670845824096,50.67732,40.04881,Лосево,Воронежская Область,,Россия,ok
Лосино-Петровский г,Московская обл,,,,,,,,,not_found
Лотошино пгт.,Московская обл,лотошино,14.857300625623544,56.23435,35.64406,Лотошино,Московская область,,Россия,ok
Лоухи пгт,Карелия Респ,лоухи,14.865956043270316,66.07501,33.0487,Лоухи,Карелия,,Россия,ok
Лохино д,Московская обл,лохино,14.0,55.69786,37.3147,Лохино,Московская область,,Россия,ok
Луга г,Ленинградская обл,луга,15.059950560818775,58.73876,29.84756,Луга,Ленинградская область,,Россия,ok
Лужки с,Московская обл,лужки,8.0,53.64382,50.63137,Лужки,Самарская Область,,Россия,ok
Лузино с,Омская обл,лузино,14.920008799551184,54.94811,73.03531,Лузино,Омская Область,,Россия,ok
Луковская ст-ца,Северная Осетия - Алания Респ,,,,,,,,,not_found
Лукоянов г,Нижегородская обл,лукоянов,14.946606727318642,55.03145,44.48179,Лукоянов,Нижегородская Область,Лукояновский Район,Россия,ok
Лунино рп,Пензенская обл,лунино,14.901371703047136,53.59176,45.22709,Лунино,Пензенская Область,,Россия,ok
Лух п,Ивановская обл,лух,14.80576941948156,57.01036,42.25861,Лух,Ивановская Область,,Россия,ok
Луховицы г,Московская обл,луховицы,15.0385543262806,54.97661,39.0444,Луховицы,Московская область,,Россия,ok
Лысково г,Нижегородская обл,лысково,15.006777242184391,56.02927,45.04233,Лысково,Нижегородская Область,,Россия,ok
Лысогорская ст-ца,Ставропольский край,,,,,,,,,not_found
Лысцево с,Московская обл,лысцево,14.0,56.05295,36.09122,Лысцево,Московская область,,Россия,ok
Лысые Горы рп,Саратовская обл,лысые горы,14.892292493064184,51.55083,44.83982,Лысые Горы,Саратовская Область,,Россия,ok
Лысьва г,Пермский край,лысьва,15.113693663142644,58.10737,57.81063,Лысьва,Пермский край,,Россия,ok
Лыткарино г,Московская обл,лыткарино,15.083210203409912,55.57653,37.91245,Лыткарино,Московская область,,Россия,ok
Лыткино д,Московская обл,лыткино,14.0,56.03333,37.0,Лыткино,Московская область,,Россия,ok
Льва Толстого с,Калужская обл,льва толстого,14.0,54.6091,36.03912,Льва Толстого,Калужская Область,,Россия,ok
Льгов г,Курская обл,льгов,15.006479825241838,51.63069,35.2775,Льгов,Курская Область,,Россия,ok
Льгово с,Рязанская обл,льгово,14.0,54.5908,39.955,Льгово,Рязанская Область,,Россия,ok
Любаново д,Московская обл,любаново,14.0,55.44983,36.61416,Любаново,Московская область,,Россия,ok
Любань г,Ленинградская обл,любань,14.841072094690572,59.35,31.21667,Любань,Ленинградская область,,Россия,ok
Люберцы г,Московская обл,люберцы,15.194892624430636,55.67719,37.89322,Люберцы,Московская область,,Россия,ok
Любим г,Ярославская обл,любим,14.870913499158718,58.36183,40.68695,Любим,Ярославская Область,,Россия,ok
Любинский рп,Омская обл,любинский,14.925550492393056,55.15821,72.6932,Любинский,Омская Область,,Россия,ok
Любохна рп,Брянская обл,любохна,14.855429627936774,53.50332,34.38847,Любохна,Брянская Область,,Россия,ok
Любытино рп,Новгородская обл,любытино,14.807899825868516,58.81441,33.39196,Любытино,Новгородская Область,,Россия,ok
Людиново г.,Калужская обл,людиново,15.06308670633918,53.86639,34.44778,Людиново,Калужская Область,,Россия,ok
Лютово ст,Ярославская обл,лютово,14.0,57.85,38.65,Лютово,Ярославская Область,,Россия,ok
Ляды с,Псковская обл,ляды,14.0,58.62846,28.78143,Ляды,Псковская Область,,Россия,ok
Лямбирь с,Мордовия Респ,лямбирь,14.902099420024529,54.27988,45.12225,Лямбирь,Мордовия,,Россия,ok
Лянтор г,Ханты-Мансийский Автономный округ - Югра АО,лянтор,9.05506169722625,61.61945,72.15546,Лянтор,Ханты-Мансийский АО,,Россия,ok
Ляскеля п,Карелия Респ,ляскеля,14.81808809419964,61.76322,31.00616,Ляскеля,Карелия,,Россия,ok
Лёвинцы пгт,Кировская обл,левинцы,14.0,58.4467,50.9647,Левинцы,Кировская Область,,Россия,ok
Магистральный п,Омская обл,магистральный,14.0,54.92818,73.24028,Магистральный,Омская Область,,Россия,ok
Магнитка рп,Челябинская обл,магнитка,14.866302363962776,55.3475,59.69611,Магнитка,Челябинская,,Россия,ok
Магнитогорск г,Челябинская обл,магнитогорск,15.293205480918369,53.39808,59.0066,Магнитогорск,Челябинская,Город Магнитогорск,Россия,ok
Майкоп г,Адыгея Респ,майкоп,15.186337809037443,44.60789,40.10242,Майкоп,Адыгея,Городской округ Майкоп,Россия,ok
Майкор п,Пермский край,майкор,14.808240225392623,59.0047,55.8784,Майкор,Пермский край,,Россия,ok
Майма с,Алтай Респ,майма,14.964400413444302,52.00266,85.89741,Майма,Алтай,,Россия,ok
Майна рп,Ульяновская обл,майна,14.897525074964356,54.11602,47.62054,Майна,Ульяновская Область,,Россия,ok
Майский г,Кабардино-Балкарская Респ,майский,8.940401391710637,47.696,40.10259,Майский,Ростовская Область,,Россия,ok
Майский п,Белгородская обл,майский,14.892771217382707,50.52172,36.46661,Майский,Белгородская Область,,Россия,ok
Майский п,Тульская обл,майский,14.762851762657505,53.96216,38.21165,Майский,Тульская Область,,Россия,ok
Максатиха пгт,Тверская обл,максатиха,14.915292310110624,57.79695,35.88254,Максатиха,Тверская Область,,Россия,ok
Малаховка пгт.,Московская обл,малаховка,14.982010594359709,55.64776,38.02486,Малаховка,Московская область,,Россия,ok
Малаховка рп,Московская обл,малаховка,14.982010594359709,55.64776,38.02486,Малаховка,Московская область,,Россия,ok
Малая Вишера г,Новгородская обл,малая вишера,14.953495689222102,58.84506,32.22235,Малая Вишера,Новгородская Область,,Россия,ok
Малая Дубна (Малодубенское с/п) д,Московская обл,,,,,,,,,not_found
Малая Куликовка д,Орловская обл,малая куликовка,14.0,52.90007,36.1692,Малая Куликовка,Орловская Область,,Россия,ok
Малая Пурга с,Удмуртская Респ,малая пурга,8.882526595351575,56.55666,53.00434,Малая Пурга,Удмуртия,,Россия,ok
Малая Сердоба с,Пензенская обл,малая сердоба,6.85016733797582,52.4661,44.9512,Мал.Сердоба,Пензенская Область,,Россия,ok
Малково д,Челябинская обл,малково,8.0,57.8573,56.8453,Малково,Пермский край,,Россия,ok
Малмыж г,Кировская обл,малмыж,14.910397935598477,56.52045,50.68103,Малмыж,Кировская Область,,Россия,ok
Малоархангельск г,Орловская обл,малоархангельск,14.828475659319045,52.40002,36.50267,Малоархангельск,Орловская Область,,Россия,ok
Малобрусянское с,Свердловская обл,малобрусянское,14.0,56.738,61.1319,Малобрусянское,Свердловская Область,,Россия,ok
Малое Верево д,Ленинградская обл,малое верево,14.831605572036464,59.61361,30.17278,Малое Верево,Ленинградская область,,Россия,ok
Малое Исаково п,Калининградская обл,малое исаково,14.784932381804056,54.73269,20.58413,Малое Исаково,Калининградская Область,,Россия,ok
Малое Карлино д,Ленинградская обл,малое карлино,14.0,59.72244,30.26467,Малое Карлино,Ленинградская область,,Россия,ok
Малояз с,Башкортостан Респ,малояз,14.0,55.17772,58.15613,Малояз,Башкортостан,,Россия,ok
Малоярославец г,Калужская обл,малоярославец,15.039421250459512,55.01457,36.47185,Малоярославец,Калужская Область,,Россия,ok
Малыгино п,Владимирская обл,малыгино,14.0,56.41461,41.15975,Малыгино,Владимирская область,,Россия,ok
Малые Колпаны д,Ленинградская обл,малые колпаны,14.0,59.53472,30.08028,Малые Колпаны,Ленинградская область,,Россия,ok
Малышева пгт,Свердловская обл,малышева,14.920593066348747,57.11851,61.40345,Малышева,Свердловская Область,,Россия,ok
Малышево с,Владимирская обл,малышево,14.0,56.41786,41.22109,Малышево,Владимирская область,,Россия,ok
Мальчевская ст-ца,Ростовская обл,,,,,,,,,not_found
Мамадыш г,Татарстан Респ,мамадыш,14.955739922919594,55.70273,51.40439,Мамадыш,Татарстан,,Россия,ok
Маминское с,Свердловская обл,маминское,14.0,56.4437,61.4026,Маминское,Свердловская Область,,Россия,ok
Мамоново д,Московская обл,мамоново,14.0,55.68712,37.31731,Мамоново,Московская область,,Россия,ok
Мамонтово с,Московская обл,мамонтово,14.0,55.94917,38.55361,Мамонтово,Московская область,,Россия,ok
Мамыково с,Татарстан Респ,мамыково,14.0,54.63764,50.60345,Мамыково,Татарстан,,Россия,ok
Манжерок с,Алтай Респ,манжерок,14.743897159239586,51.83028,85.775,Манжерок,Алтай,Майминский Район,Россия,ok
Мантурово г,Костромская обл,мантурово,14.98425691375667,58.32582,44.75881,Мантурово,Костромская Область,,Россия,ok
Мантурово с,Курская обл,мантурово,14.792153563213354,51.45471,37.12848,Мантурово,Курская Область,,Россия,ok
Манчаж с,Свердловская обл,манчаж,14.0,56.48087,58.13685,Манчаж,Свердловская Область,,Россия,ok
Маньково-Калитвенское с,Ростовская обл,,,,,,,,,not_found
Мари-Турек пгт,Марий Эл Респ,,,,,,,,,not_found
Мариинск г,Кемеровская область - Кузбасс обл,мариинск,9.067181177644663,56.20978,87.73165,Мариинск,Кузба́сс,,Россия,ok
Мариинский Посад г,Чувашская Республика - Чувашия,мариинский посад,8.923014299927235,56.11497,47.71805,Мариинский Посад,Чувашия,,Россия,ok
Мариинский с,Башкортостан Респ,мариинский,8.0,58.93333,57.6,Мариинский,Пермский край,,Россия,ok
Маринки д,Калужская обл,маринки,14.0,55.09442,37.02999,Маринки,Калужская Область,,Россия,ok
Маркс г,Саратовская обл,маркс,15.04021393753704,51.71018,46.74553,Маркс,Саратовская Область,,Россия,ok
Мармылево д,Башкортостан Респ,мармылево,14.0,54.73478,55.79826,Мармылево,Башкортостан,,Россия,ok
Мартьяново д,Пермский край,мартьяново,8.194591014905532,54.959,37.55855,Мартьяново,Московская область,,Россия,ok
Мартюш пгт,Свердловская обл,мартюш,14.832142158689788,56.4,61.88194,Мартюш,Свердловская Область,,Россия,ok
Марусино д,Московская обл,марусино,14.0,55.6957,37.97682,Марусино,Московская область,,Россия,ok
Марфино д,Вологодская обл,марфино,14.0,58.918,36.2568,Марфино,Вологодская Область,,Россия,ok
Маршала Жукова п,Курская обл,,,,,,,,,not_found
Марьино д,Московская обл,марьино,9.240082083754055,55.65,37.71667,Марьино,Москва,,Россия,ok
Марьинская ст-ца,Ставропольский край,,,,,,,,,not_found
Марьяновка рп,Омская обл,марьяновка,14.905672288331058,54.96157,72.64467,Марьяновка,Омская Область,,Россия,ok
Марьянская ст-ца,Краснодарский край,,,,,,,,,not_found
Маслово с,Тульская обл,маслово,14.58998973535825,54.20481,37.51368,Маслово,Тульская Область,,Россия,ok
Маслянино рп,Новосибирская обл,маслянино,14.947278155656218,54.34263,84.21179,Маслянино,Новосибирская Область,,Россия,ok
Матвеев Курган п,Ростовская обл,матвеев курган,14.957101729729422,47.56675,38.86891,Матвеев Курган,Ростовская Область,,Россия,ok
Матвеевка с,Оренбургская обл,матвеевка,14.80946836486988,52.15,56.18333,Матвеевка,Оренбургская Область,,Россия,ok
Матвейково д,Московская обл,матвейково,14.0,56.26552,37.18112,Матвейково,Московская область,,Россия,ok
Махалино с,Пензенская обл,махалино,14.85585270549092,53.08543,46.22108,Махалино,Пензенская Область,,Россия,ok
Махнёво пгт,Свердловская обл,махнево,14.0,58.45082,61.70463,Махнево,Свердловская Область,,Россия,ok
Мга гп,Ленинградская обл,,,,,,,,,not_found
Мглин г,Брянская обл,мглин,14.903228968203289,53.06026,32.84775,Мглин,Брянская Область,,Россия,ok
Мегион г,Ханты-Мансийский Автономный округ - Югра АО,мегион,9.079327002452947,61.03429,76.10683,Мегион,Ханты-Мансийский АО,,Россия,ok
Медведево пгт,Марий Эл Респ,медведево,15.002375638492706,56.63402,47.8035,Медведево,Марий Эл,,Россия,ok
Медведовская ст-ца,Краснодарский край,,,,,,,,,not_found
Медвежьегорск г,Карелия Респ,медвежьегорск,14.971426221942538,62.91447,34.45856,Медвежьегорск,Карелия,,Россия,ok
Медвенка пгт,Курская обл,медвенка,14.0,51.41698,36.1107,Медвенка,Курская Область,,Россия,ok
Медногорск г,Оренбургская обл,медногорск,15.03312684671277,51.40571,57.58751,Медногорск,Оренбургская Область,,Россия,ok
Медногорский пгт,Карачаево-Черкесская Респ,медногорский,8.837309184744198,43.9178,41.18255,Медногорский,Карачаево-Черкессия,,Россия,ok
Медное с,Тверская обл,медное,14.0,56.92753,35.47023,Медное,Тверская Область,,Россия,ok
Медовка д,Воронежская обл,медовка,14.0,51.8455,39.162,Медовка,Воронежская Область,,Россия,ok
Медынь г,Калужская обл,медынь,14.896085284532235,54.96917,35.85861,Медынь,Калужская Область,Медынский Район,Россия,ok
Межгорье г,Башкортостан Респ,межгорье,14.967168159064329,54.04976,57.81713,Межгорье,Башкортостан,,Россия,ok
Междуреченск г,Кемеровская область - Кузбасс обл,междуреченск,9.152314308683064,53.68993,88.06221,Междуреченск,Кузба́сс,,Россия,ok
Междуреченск пгт,Самарская обл,междуреченск,14.814757773620176,53.2665,49.1116,Междуреченск,Самарская Область,,Россия,ok
Междуреченский пгт,Ханты-Мансийский Автономный округ - Югра АО,междуреченский,8.93166804077475,59.6,65.93333,Междуреченский,Ханты-Мансийский АО,,Россия,ok
Межевой рп,Челябинская обл,межевой,14.0,55.4341,61.9145,Межевой,Челябинская,,Россия,ok
Межозерный рп,Челябинская обл,межозерный,14.87823228593975,54.14639,59.37361,Межозерный,Челябинская,,Россия,ok
Мезиновский п,Владимирская обл,мезиновский,14.765775527113489,55.5042,40.35932,Мезиновский,Владимирская область,,Россия,ok
Меленки г,Владимирская обл,меленки,14.967426304965592,55.33579,41.62747,Меленки,Владимирская область,,Россия,ok
Мелеуз г,Башкортостан Респ,мелеуз,15.108771162811331,52.96467,55.93277,Мелеуз,Башкортостан,,Россия,ok
Мелехово п,Владимирская обл,мелехово,14.884260448067804,56.2773,41.29346,Мелехово,Владимирская область,,Россия,ok
Мелиоративный п,Карелия Респ,мелиоративный,14.0,61.862,34.247,Мелиоративный,Карелия,,Россия,ok
Мелиховская ст-ца,Ростовская обл,,,,,,,,,not_found
Мельниково с,Томская обл,мельниково,14.92260168513612,56.55687,84.0814,Мельниково,Томская Область,,Россия,ok
Менделеево п,Пермский край,менделеево,14.808517874807452,58.16976,54.99634,Менделеево,Пермский край,,Россия,ok
Менделеевск г,Татарстан Респ,менделеевск,15.004194429568315,55.89692,52.31119,Менделеевск,Татарстан,,Россия,ok
Мензелинск г,Татарстан Респ,мензелинск,14.97326399178158,55.72792,53.1022,Мензелинск,Татарстан,,Россия,ok
Месягутово с,Башкортостан Респ,месягутово,14.918819700729047,55.53227,58.24616,Месягутово,Башкортостан,,Россия,ok
Механизаторов п,Владимирская обл,механизаторов,14.0,55.6027,42.038,Механизаторов,Владимирская область,,Россия,ok
Мечетинская ст-ца,Ростовская обл,,,,,,,,,not_found
Мещеряково д,Татарстан Респ,мещеряково,14.0,54.94026,48.2796,Мещеряково,Татарстан,,Россия,ok
Мещовск г,Калужская обл,мещовск,14.838640090116622,54.32148,35.28453,Мещовск,Калужская Область,,Россия,ok
Миасс г,Челябинская обл,миасс,15.202874460037869,55.04552,60.10756,Миасс,Челябинская,,Россия,ok
Миасское с,Челябинская обл,миасское,14.91616751999949,55.28155,61.89266,Миасское,Челябинская,,Россия,ok
Микляиха п,Ярославская обл,микляиха,14.0,57.7979,39.63125,Микляиха,Ярославская Область,,Россия,ok
Микунь г,Коми Респ,микунь,14.9350363149896,62.35472,50.07714,Микунь,Коми,,Россия,ok
Миллерово г,Ростовская обл,миллерово,15.05591405286685,48.92523,40.39982,Миллерово,Ростовская Область,,Россия,ok
Миловка с,Башкортостан Респ,миловка,14.0,54.78042,55.83396,Миловка,Башкортостан,,Россия,ok
Милославское рп,Рязанская обл,милославское,14.845404037641098,53.58121,39.4476,Милославское,Рязанская Область,,Россия,ok
Милютинская ст-ца,Ростовская обл,,,,,,,,,not_found
Мингрельская ст-ца,Краснодарский край,,,,,,,,,not_found
Минеральные Воды г,Ставропольский край,минеральные воды,9.124217916922465,44.21028,43.13528,Минеральные Воды,Ставрополье,,Россия,ok
Минусинск г,Красноярский край,минусинск,15.119522395086552,53.70117,91.70797,Минусинск,Красноярский Край,,Россия,ok
Мины д,Ленинградская обл,мины,14.0,59.41917,30.4,Мины,Ленинградская область,,Россия,ok
Миньяр г,Челябинская обл,миньяр,14.903181161342092,55.07333,57.555,Миньяр,Челябинская,,Россия,ok
Мирный г,Архангельская обл,мирный,15.023999550280532,62.76437,40.33855,Мирный,Архангельская Область,,Россия,ok
Мирный п,Московская обл,мирный,14.570711026474887,55.61976,37.94952,Мирный,Московская область,,Россия,ok
Мирный п,Ульяновская обл,мирный,14.806211758275474,54.36607,48.72939,Мирный,Ульяновская Область,,Россия,ok
Мирный п,Челябинская обл,мирный,9.060433004806349,62.53528,113.96111,Мирный,Саха (Якутия),,Россия,ok
Мирный пгт,Кировская обл,мирный,14.816308637558322,58.49333,47.65389,Мирный,Кировская Область,,Россия,ok
Мирный пгт,Самарская обл,мирный,14.890842413949658,53.50642,50.27658,Мирный,Самарская Область,,Россия,ok
Митрофановка с,Воронежская обл,митрофановка,14.86383483129727,49.97083,39.69389,Митрофановка,Воронежская Область,,Россия,ok
Михайлов г,Рязанская обл,михайлов,14.946560255317186,54.23227,39.02915,Михайлов,Рязанская Область,,Россия,ok
Михайловка г,Волгоградская обл,михайловка,15.098357939156688,50.06187,43.23335,Михайловка,Волгоградская Область,,Россия,ok
Михайловка с,Башкортостан Респ,михайловка,14.83767810376995,54.805,55.89193,Михайловка,Башкортостан,,Россия,ok
Михайловка с,Оренбургская обл,михайловка,9.098357939156688,50.06187,43.23335,Михайловка,Волгоградская Область,,Россия,ok
Михайловка сл,Курская обл,,,,,,,,,not_found
Михайловск г,Свердловская обл,михайловск,14.92311229111587,56.43583,59.12,Михайловск,Свердловская Область,,Россия,ok
Михайловск г,Ставропольский край,михайловск,9.098865992883754,45.13097,42.02703,Михайловск,Ставрополье,,Россия,ok
Михайловская ст-ца,Краснодарский край,,,,,,,,,not_found
Михайловское с,Алтайский край,михайловское,8.925722395787503,43.09972,44.63164,Михайловское,Северная Осетия,,Россия,ok
Михальчиково д,Нижегородская обл,михальчиково,14.0,56.12041,44.33636,Михальчиково,Нижегородская Область,,Россия,ok
Михновка д,Смоленская обл,михновка,14.0,54.75648,31.96146,Михновка,Смоленская Область,,Россия,ok
Мичуринск г,Тамбовская обл,мичуринск,15.14457167152768,52.90761,40.4823,Мичуринск,Тамбовская Область,,Россия,ok
Мичуринский п,Брянская обл,мичуринский,14.0,53.27891,34.23448,Мичуринский,Брянская Область,,Россия,ok
Мичуринский п,Пензенская обл,мичуринский,14.0,53.1091,44.924,Мичуринский,Пензенская Область,,Россия,ok
Мичуринское п,Ленинградская обл,мичуринское,14.747079377419508,60.5642,29.86232,Мичуринское,Ленинградская область,Приозерский район,Россия,ok
Мишеронский рп,Московская обл,мишеронский,14.824038511551633,55.71927,39.73835,Мишеронский,Московская область,,Россия,ok
Мишкино с,Башкортостан Респ,мишкино,14.866716371799251,53.9997,59.1064,Мишкино,Башкортостан,,Россия,ok
Мишутино с,Московская обл,мишутино,14.0,56.38333,38.1,Мишутино,Московская область,,Россия,ok
Можайск г,Московская обл,можайск,15.035958240159562,55.50194,36.02722,Можайск,Московская область,,Россия,ok
Можга г,Удмуртская Респ,можга,9.076365227863016,56.44576,52.2156,Можга,Удмуртия,,Россия,ok
Моздок г,Северная Осетия - Алания Респ,моздок,9.06170254227438,43.73976,44.65157,Моздок,Северная Осетия,,Россия,ok
Мокино д,Пермский край,мокино,14.0,58.1147,55.323,Мокино,Пермский край,,Россия,ok
Мокроус рп,Саратовская обл,мокроус,14.881566682494622,51.23756,47.51395,Мокроус,Саратовская Область,,Россия,ok
Мокшан рп,Пензенская обл,мокшан,14.936331893657329,53.4365,44.61322,Мокшан,Пензенская Область,,Россия,ok
Молдаванское с,Краснодарский край,молдаванское,14.0,44.94583,37.87028,Молдаванское,Краснодарский край,,Россия,ok
Молодежный п,Иркутская обл,молодежный,8.0,59.53333,45.45,Молодёжный,Вологодская Область,,Россия,ok
Молодежный п,Тульская обл,молодежный,8.0,59.53333,45.45,Молодёжный,Вологодская Область,,Россия,ok
Молочный пгт,Мурманская обл,молочный,14.857715877258368,68.85389,33.02046,Молочный,Мурманская Область,,Россия,ok
Молчаново с,Томская обл,молчаново,14.871768205216563,57.58112,83.76053,Молчаново,Томская Область,,Россия,ok
Монастырщина п,Смоленская обл,монастырщина,14.841227702146668,54.34953,31.84132,Монастырщина,Смоленская Область,,Россия,ok
Мончегорск г,Мурманская обл,мончегорск,15.081715484620355,67.93972,32.87389,Мончегорск,Мурманская Область,,Россия,ok
Моргауши с,Чувашская Республика - Чувашия,моргауши,8.798036576511125,55.9643,46.7743,Моргауши,Чувашия,,Россия,ok
Мордвес п,Тульская обл,мордвес,14.0,54.57792,38.2152,Мордвес,Тульская Область,,Россия,ok
Мордово рп,Тамбовская обл,мордово,14.88696793747335,52.08659,40.77259,Мордово,Тамбовская Область,,Россия,ok
Морки пгт,Марий Эл Респ,морки,14.916628398577926,56.43244,48.99904,Морки,Марий Эл,,Россия,ok
Морозовск г,Ростовская обл,морозовск,15.028500143982178,48.35103,41.829,Морозовск,Ростовская Область,,Россия,ok
Моршанск г,Тамбовская обл,моршанск,15.067618501185407,53.44325,41.81061,Моршанск,Тамбовская Область,,Россия,ok
Моряковский Затон с,Томская обл,моряковский затон,14.84650574369957,56.69448,84.65145,Моряковский Затон,Томская Область,,Россия,ok
Мосальск г,Калужская обл,мосальск,14.82872767558146,54.48952,34.98096,Мосальск,Калужская Область,,Россия,ok
Москаленки рп,Омская обл,москаленки,14.910219821335648,54.93824,71.93575,Москаленки,Омская Область,,Россия,ok
Москва г,Москва г,москва,15.61555092514975,55.75204,37.61781,Москва,Москва,,Россия,ok
Московский п,Тюменская обл,московский,8.964445772265751,55.59911,37.35495,Московский,Москва,НАО,Россия,ok
Московское с,Ставропольский край,московское,8.860940767540406,45.2842,41.9103,Московское,Ставрополье,,Россия,ok
Мостовик п,Московская обл,мостовик,8.0,58.64574,46.82574,Мостовик,Костромская Область,,Россия,ok
Мостовской пгт,Краснодарский край,мостовской,15.01341626702657,44.4115,40.79281,Мостовской,Краснодарский край,,Россия,ok
Моховое с,Пермский край,моховое,14.0,57.8939,56.8502,Моховое,Пермский край,,Россия,ok
Мочище дп,Новосибирская обл,,,,,,,,,not_found
Мочище ст,Новосибирская обл,мочище,14.810621290261995,55.1586,83.1229,Мочище,Новосибирская Область,,Россия,ok
Мошенское с,Новгородская обл,мошенское,14.79002660367677,58.51253,34.58061,Мошенское,Новгородская Область,,Россия,ok
Мошково рп,Новосибирская обл,мошково,14.926312255741514,55.30546,83.61324,Мошково,Новосибирская Область,,Россия,ok
Мошок с,Владимирская обл,мошок,14.0,55.8043,41.229,Мошок,Владимирская область,,Россия,ok
Мраково с,Башкортостан Респ,мраково,14.903539156951163,52.71568,56.62125,Мраково,Башкортостан,,Россия,ok
Мстёра п,Владимирская обл,мстера,14.860721669406384,56.37889,41.92,Мстера,Владимирская область,,Россия,ok
Мударисово д,Башкортостан Респ,мударисово,14.0,54.83333,55.83333,Мударисово,Башкортостан,,Россия,ok
Муезерский пгт,Карелия Респ,муезерский,14.826924452118304,63.95758,31.98738,Муезерский,Карелия,,Россия,ok
Мулино п,Нижегородская обл,мулино,14.935131896523576,56.28923,42.92005,Мулино,Нижегородская Область,Володарский Район,Россия,ok
Мулловка рп,Ульяновская обл,мулловка,14.876155013912964,54.2,49.4,Мулловка,Ульяновская Область,,Россия,ok
Мураши г,Кировская обл,мураши,14.88805855231025,59.3984,48.96374,Мураши,Кировская Область,,Россия,ok
Мураши д,Пермский край,мураши,14.0,57.9207,55.8714,Мураши,Пермский край,,Россия,ok
Мурино г.,Ленинградская обл,мурино,14.885708813531496,60.04796,30.45204,Мурино,Ленинградская область,,Россия,ok
Мурманск г,Мурманская обл,мурманск,5.0,46.2702,47.8995,Мурманский,Астраханская Область,Астрахань,Россия,ok
Мурмаши пгт,Мурманская обл,,,,,,,,,not_found
Мурмино п,Рязанская обл,мурмино,14.81625162501402,54.6043,40.0549,Мурмино,Рязанская Область,,Россия,ok
Муром г,Владимирская обл,муром,15.17514067889744,55.56853,42.02388,Муром,Владимирская область,,Россия,ok
Муромцево п,Владимирская обл,муромцево,14.800670084544036,55.93096,40.90738,Муромцево,Владимирская область,,Россия,ok
Муромцево рп,Омская обл,муромцево,14.931901538860185,56.36919,75.25044,Муромцево,Омская Область,,Россия,ok
Мурыгино д,Смоленская обл,мурыгино,14.0,55.15,35.21667,Мурыгино,Смоленская Область,,Россия,ok
Мурыгино пгт,Кировская обл,мурыгино,14.898682175033189,58.73831,49.45822,Мурыгино,Кировская Область,,Россия,ok
Муслюмово с,Татарстан Респ,муслюмово,14.891018077801329,55.30706,53.18855,Муслюмово,Татарстан,,Россия,ok
"Муслюмово, железнодорожная станция п",Челябинская обл,,,,,,,,,not_found
Мухтолово рп,Нижегородская обл,мухтолово,14.84292359126571,55.46751,43.19973,Мухтолово,Нижегородская Область,Ардатовский Район,Россия,ok
Мучкапский рп,Тамбовская обл,мучкапский,14.896380024285556,51.85094,42.47648,Мучкапский,Тамбовская Область,,Россия,ok
Мценск г,Орловская обл,мценск,15.077079810218857,53.2788,36.58047,Мценск,Орловская Область,,Россия,ok
Мшинская п,Ленинградская обл,мшинская,14.8146419323098,59.015,29.94333,Мшинская,Ленинградская область,,Россия,ok
Мыски г,Кемеровская область - Кузбасс обл,мыски,9.069382949958715,53.71631,87.79652,Мыски,Кузба́сс,,Россия,ok
Мытищи г,Московская обл,мытищи,15.198631709844255,55.91099,37.72964,Мытищи,Московская область,,Россия,ok
Мышкин г,Ярославская обл,мышкин,14.868828526625864,57.79027,38.454,Мышкин,Ярославская Область,,Россия,ok
Мяглово д,Ленинградская обл,мяглово,14.0,59.89121,30.69078,Мяглово,Ленинградская область,,Россия,ok
Мясниковский р-н,Ростовская обл,,,,,,,,,not_found
Мятлево п,Калужская обл,мятлево,14.758578882173204,54.89693,35.67619,Мятлево,Калужская Область,,Россия,ok
Набережные Моркваши с,Татарстан Респ,набережные моркваши,14.0,55.7735,48.8509,Набережные Моркваши,Татарстан,,Россия,ok
Набережные Челны г,Татарстан Респ,набережные челны,15.314191303152905,55.73718,52.41961,Набережные Челны,Татарстан,Tukayevskiy Rayon,Россия,ok
Навашино г,Нижегородская обл,навашино,14.960447486374196,55.54315,42.19307,Навашино,Нижегородская Область,,Россия,ok
Навля рп,Брянская обл,навля,14.952777540257731,52.82544,34.4996,Навля,Брянская Область,,Россия,ok
Наволоки г,Ивановская обл,наволоки,14.930127736696829,57.46572,41.96344,Наволоки,Ивановская Область,,Россия,ok
Нагорск пгт,Кировская обл,нагорск,14.85137873982814,59.3193,50.80607,Нагорск,Кировская Область,,Россия,ok
Нагорье с,Ярославская обл,нагорье,14.0,56.91917,38.25667,Нагорье,Ярославская Область,,Россия,ok
Надвоицы пгт,Карелия Респ,надвоицы,14.928554060453912,63.889,34.258,Надвоицы,Карелия,,Россия,ok
Надежда с,Ставропольский край,надежда,8.903919611577235,44.1,44.6,Надежда,Ставрополье,,Россия,ok
Надым г,Ямало-Ненецкий АО,надым,15.074376079798636,65.53333,72.51667,Надым,Ямало-Ненецкий АО,,Россия,ok
Назарово г,Красноярский край,назарово,15.091967791654842,56.01138,90.41656,Назарово,Красноярский Край,,Россия,ok
Назарьево д,Московская обл,назарьево,14.782444593087762,55.67417,37.04028,Назарьево,Московская область,,Россия,ok
Назия гп,Ленинградская обл,,,,,,,,,not_found
Называевск г,Омская обл,называевск,14.941613428495527,55.56897,71.35665,Называевск,Омская Область,,Россия,ok
Нальчик г,Кабардино-Балкарская Респ,нальчик,9.238547745274271,43.49806,43.61889,Нальчик,Кабардино-Балкария,Городской округ Нальчик,Россия,ok
Нариманов г,Астраханская обл,нариманов,14.938479775371334,46.69306,47.85071,Нариманов,Астраханская Область,,Россия,ok
Наро-Фоминск г,Московская обл,,,,,,,,,not_found
Наровчат с,Пензенская обл,наровчат,14.83758600152996,53.87654,43.69458,Наровчат,Пензенская Область,,Россия,ok
Нарткала г,Кабардино-Балкарская Респ,нарткала,9.041604168157578,43.5544,43.85499,Нарткала,Кабардино-Балкария,,Россия,ok
Нарышкино пгт,Орловская обл,нарышкино,14.916962253869762,52.96778,35.72677,Нарышкино,Орловская Область,,Россия,ok
Натальино с,Саратовская обл,натальино,8.0,52.26111,40.23694,Натальино,Липецкая Область,,Россия,ok
Натальинск пгт,Свердловская обл,натальинск,14.0,56.4739,57.86978,Натальинск,Свердловская Область,,Россия,ok
Наумовка с,Башкортостан Респ,наумовка,14.0,53.52229,55.91763,Наумовка,Башкортостан,,Россия,ok
Началово с,Астраханская обл,началово,14.0,46.29237,48.22564,Началово,Астраханская Область,,Россия,ok
Неболчи рп,Новгородская обл,неболчи,14.769575799055476,59.12393,33.34537,Неболчи,Новгородская Область,,Россия,ok
Небуг с,Краснодарский край,небуг,14.821581779183246,44.1717,39.0026,Небуг,Краснодарский край,Туапсинский Район,Россия,ok
Небылое с,Владимирская обл,небылое,14.0,56.36805,39.99552,Небылое,Владимирская область,,Россия,ok
Невель г,Псковская обл,невель,14.97888059524525,56.02,29.92824,Невель,Псковская Область,,Россия,ok
Неверкино с,Пензенская обл,неверкино,14.853817159780142,52.78541,46.74174,Неверкино,Пензенская Область,,Россия,ok
Невинномысск г,Ставропольский край,невинномысск,9.18081738406194,44.6333,41.9444,Невинномысск,Ставрополье,,Россия,ok
Невское п,Калининградская обл,невское,14.0,54.51278,22.65361,Невское,Калининградская Область,,Россия,ok
Невьянск г,Свердловская обл,невьянск,15.01620368569809,57.49233,60.21415,Невьянск,Свердловская Область,,Россия,ok
Недвиговка х,Ростовская обл,недвиговка,14.757198844937744,47.26799,39.35314,Недвиговка,Ростовская Область,,Россия,ok
Нежинка с,Оренбургская обл,нежинка,14.853719187792294,51.7676,55.3694,Нежинка,Оренбургская Область,,Россия,ok
Незлобная ст-ца,Ставропольский край,,,,,,,,,not_found
Неклиновский р-н,Ростовская обл,,,,,,,,,not_found
Некрасовская ст-ца,Краснодарский край,,,,,,,,,not_found
Некрасовский рп,Московская обл,некрасовский,14.93708422686302,56.08667,37.49753,Некрасовский,Московская область,,Россия,ok
Некрасовское рп,Ярославская обл,некрасовское,14.875683981482949,57.67958,40.36504,Некрасовское,Ярославская Область,,Россия,ok
Нелидово г,Тверская обл,нелидово,15.014053400901933,56.22761,32.77474,Нелидово,Тверская Область,,Россия,ok
Неман г,Калининградская обл,неман,14.943412371857772,55.03111,22.02639,Неман,Калининградская Область,,Россия,ok
Немчиновка с,Московская обл,немчиновка,14.850491816054063,55.72288,37.36086,Немчиновка,Московская область,,Россия,ok
Непецино с,Московская обл,непецино,14.0,55.20597,38.61021,Непецино,Московская область,,Россия,ok
Нерехта г,Костромская обл,нерехта,15.01406523452126,57.45795,40.57169,Нерехта,Костромская Область,,Россия,ok
Нерль п,Ивановская обл,нерль,14.77376162828579,56.66285,40.38931,Нерль,Ивановская Область,,Россия,ok
Нестеров г,Калининградская обл,нестеров,14.853149049611709,54.63056,22.57139,Нестеров,Калининградская Область,,Россия,ok
Нефтегорск г,Самарская обл,нефтегорск,14.988037244503008,52.80135,51.16551,Нефтегорск,Самарская Область,,Россия,ok
Нефтекамск г,Башкортостан Респ,нефтекамск,15.175041363847775,56.08879,54.26383,Нефтекамск,Башкортостан,,Россия,ok
Нефтекумск г,Ставропольский край,нефтекумск,9.022980122233886,44.75583,44.9925,Нефтекумск,Ставрополье,,Россия,ok
Нефтеюганск г,Ханты-Мансийский Автономный округ - Югра АО,нефтеюганск,9.163189002457443,61.09979,72.60349,Нефтеюганск,Ханты-Мансийский АО,,Россия,ok
Нехаевская ст-ца,Волгоградская обл,,,,,,,,,not_found
Нечаевка с,Воронежская обл,нечаевка,8.0,55.78333,41.53333,Нечаевка,Владимирская область,,Россия,ok
Нея г,Костромская обл,нея,14.931874624581996,58.29708,43.86834,Нея,Костромская Область,,Россия,ok
Нижегородец п,Нижегородская обл,нижегородец,14.0,56.00371,43.98857,Нижегородец,Нижегородская Область,,Россия,ok
Нижнебаканская ст-ца,Краснодарский край,,,,,,,,,not_found
Нижневартовск г,Ханты-Мансийский Автономный округ - Югра АО,нижневартовск,9.2408760396277,60.9344,76.5531,Нижневартовск,Ханты-Мансийский АО,,Россия,ok
Нижнедевицк с,Воронежская обл,нижнедевицк,14.87516327024723,51.54413,38.36436,Нижнедевицк,Воронежская Область,,Россия,ok
Нижнее Хорошово с,Московская обл,нижнее хорошово,14.0,55.14453,38.79542,Нижнее Хорошово,Московская область,,Россия,ok
Нижнеивкино пгт,Кировская обл,нижнеивкино,14.771199650704768,58.19398,49.52137,Нижнеивкино,Кировская Область,,Россия,ok
Нижнекамск г,Татарстан Респ,нижнекамск,15.236434908839458,55.63794,51.81502,Нижнекамск,Татарстан,,Россия,ok
Нижнесортымский п,Ханты-Мансийский Автономный округ - Югра АО,нижнесортымский,8.962937960011146,62.43965,71.76029,Нижнесортымский,Ханты-Мансийский АО,,Россия,ok
Нижние Вязовые пгт,Татарстан Респ,нижние вязовые,14.902292586811622,55.79877,48.52476,Нижние Вязовые,Татарстан,,Россия,ok
Нижние Кропачи д,Кировская обл,нижние кропачи,14.0,58.71667,50.13,Нижние Кропачи,Кировская Область,,Россия,ok
Нижние Серги г,Свердловская обл,нижние серги,14.939914089486784,56.66134,59.29979,Нижние Серги,Свердловская Область,,Россия,ok
Нижний Ингаш рп,Красноярский край,нижний ингаш,14.9042986242304,56.2003,96.5373,Нижний Ингаш,Красноярский Край,,Россия,ok
Нижний Кисляй рп,Воронежская обл,нижний кисляй,14.838822281011929,50.8536,40.1726,Нижний Кисляй,Воронежская Область,,Россия,ok
Нижний Ломов г,Пензенская обл,нижний ломов,15.007895232186687,53.53041,43.67663,Нижний Ломов,Пензенская Область,,Россия,ok
Нижний Мамон с,Воронежская обл,нижний мамон,14.82725706084249,50.1937,40.5083,Нижний Мамон,Воронежская Область,,Россия,ok
Нижний Новгород г,Нижегородская обл,нижний новгород,15.404583943290111,56.32867,44.00205,Нижний Новгород,Нижегородская Область,,Россия,ok
Нижний Тагил г,Свердловская обл,нижний тагил,15.285086169358156,57.91944,59.965,Нижний Тагил,Свердловская Область,,Россия,ok
Нижняя Мактама пгт,Татарстан Респ,нижняя мактама,14.92687036152731,54.86356,52.4281,Нижняя Мактама,Татарстан,,Россия,ok
Нижняя Омка с,Омская обл,нижняя омка,14.85654117636867,55.43372,74.94035,Нижняя Омка,Омская Область,,Россия,ok
Нижняя Павловка с,Оренбургская обл,нижняя павловка,14.821392359562276,51.71324,54.80146,Нижняя Павловка,Оренбургская Область,,Россия,ok
Нижняя Пойма пгт,Красноярский край,нижняя пойма,14.916544760308543,56.1643,97.2065,Нижняя Пойма,Красноярский Край,,Россия,ok
Нижняя Салда г,Свердловская обл,нижняя салда,14.976846934085804,58.07756,60.7202,Нижняя Салда,Свердловская Область,,Россия,ok
Нижняя Тавда с,Тюменская обл,нижняя тавда,8.881165224814705,57.6687,66.17821,Нижняя Тавда,Тюмень,,Россия,ok
Нижняя Тура г,Свердловская обл,нижняя тура,15.002574943206907,58.62369,59.8523,Нижняя Тура,Свердловская Область,,Россия,ok
Никель пгт,Мурманская обл,никель,14.965483386705182,69.41285,30.22198,Никель,Мурманская Область,,Россия,ok
Никитовка с,Белгородская обл,никитовка,14.0,50.36761,38.4124,Никитовка,Белгородская Область,,Россия,ok
Николаевка д,Башкортостан Респ,николаевка,8.876717339668401,53.1309,47.21153,Николаевка,Ульяновская Область,,Россия,ok
Николаевка рп,Ульяновская обл,николаевка,14.8767173396684,53.1309,47.21153,Николаевка,Ульяновская Область,,Россия,ok
Николаевка с,Ростовская обл,николаевка,8.876717339668401,53.1309,47.21153,Николаевка,Ульяновская Область,,Россия,ok
Николаевск г,Волгоградская обл,николаевск,14.968315255354396,50.02805,45.46115,Николаевск,Волгоградская Область,,Россия,ok
Николо-Березовка с,Башкортостан Респ,,,,,,,,,not_found
Николо-Павловское с,Свердловская обл,,,,,,,,,not_found
Никологоры п,Владимирская обл,никологоры,14.873953642255968,56.1413,41.99218,Никологоры,Владимирская область,,Россия,ok
Никольск г,Вологодская обл,никольск,14.904640868029382,59.53531,45.45743,Никольск,Вологодская Область,,Россия,ok
Никольск г,Пензенская обл,никольск,15.009827278074528,53.71886,46.07118,Никольск,Пензенская Область,,Россия,ok
Никольский пгт,Ленинградская обл,никольский,14.0,60.91853,34.06427,Никольский,Ленинградская область,,Россия,ok
Никольское г,Ленинградская обл,никольское,14.98668754340394,59.70056,30.78472,Никольское,Ленинградская область,,Россия,ok
Никольское д,Смоленская обл,никольское,8.98668754340394,59.70056,30.78472,Никольское,Ленинградская область,,Россия,ok
Никольское с,Астраханская обл,никольское,8.98668754340394,59.70056,30.78472,Никольское,Ленинградская область,,Россия,ok
Никольское с,Белгородская обл,никольское,8.98668754340394,59.70056,30.78472,Никольское,Ленинградская область,,Россия,ok
Никольское с,Липецкая обл,никольское,8.98668754340394,59.70056,30.78472,Никольское,Ленинградская область,,Россия,ok
Никуличи д,Орловская обл,никуличи,14.0,52.78038,36.51523,Никуличи,Орловская Область,,Россия,ok
Никульское п,Ярославская обл,никульское,14.0,57.41972,38.87962,Никульское,Ярославская Область,,Россия,ok
Нифантово д,Вологодская обл,нифантово,14.0,59.21323,38.46193,Нифантово,Вологодская Область,,Россия,ok
Новатор п,Вологодская обл,новатор,14.0,60.74738,46.20699,Новатор,Вологодская Область,,Россия,ok
Новая Адыгея аул,Адыгея Респ,новая адыгея,14.0,45.02519,38.93708,Новая Адыгея,Адыгея,,Россия,ok
Новая Адыгея п.,Адыгея Респ,новая адыгея,14.0,45.02519,38.93708,Новая Адыгея,Адыгея,,Россия,ok
Новая Деревня д,Липецкая обл,новая деревня,8.0,53.78626,35.72487,Новая Деревня,Калужская Область,,Россия,ok
Новая Ладога г,Ленинградская обл,новая ладога,14.917792048072007,60.10246,32.30191,Новая Ладога,Ленинградская область,,Россия,ok
Новая Ляда рп,Тамбовская обл,новая ляда,14.848714627006396,52.71309,41.63872,Новая Ляда,Тамбовская Область,,Россия,ok
Новая Ляля г,Свердловская обл,новая ляля,14.956430163721723,59.05233,60.59315,Новая Ляля,Свердловская Область,,Россия,ok
Новая Майна рп,Ульяновская обл,новая майна,14.877168035901038,54.15,49.75,Новая Майна,Ульяновская Область,,Россия,ok
Новая Малыкла с,Ульяновская обл,новая малыкла,6.809955428237636,54.2046,49.93151,Нов.Малыкла,Ульяновская Область,,Россия,ok
Новая Ольховка п,Московская обл,,,,,,,,,not_found
Новая Отрадовка с,Башкортостан Респ,новая отрадовка,14.0,53.59233,55.89795,Новая Отрадовка,Башкортостан,,Россия,ok
Новая Усмань с,Воронежская обл,новая усмань,15.00063148623356,51.64355,39.41138,Новая Усмань,Воронежская Область,,Россия,ok
Ново-Писцово п,Ивановская обл,,,,,,,,,not_found
Ново-Талицы с,Ивановская обл,,,,,,,,,not_found
Новоабзаково с,Башкортостан Респ,новоабзаково,14.0,53.81079,58.64777,Новоабзаково,Башкортостан,,Россия,ok
Новоаганск пгт,Ханты-Мансийский Автономный округ - Югра АО,новоаганск,8.920109779060924,61.9449,76.6625,Новоаганск,Ханты-Мансийский АО,,Россия,ok
Новоалександрово с,Владимирская обл,новоалександрово,14.0,56.22325,40.25997,Новоалександрово,Владимирская область,,Россия,ok
Новоалександровск г,Ставропольский край,новоалександровск,9.022596952302964,45.49745,41.2253,Новоалександровск,Ставрополье,,Россия,ok
Новоалтайск г,Алтайский край,новоалтайск,15.101946485942108,53.41426,83.94108,Новоалтайск,Алтайский Край,,Россия,ok
Новоаннинский г,Волгоградская обл,новоаннинский,14.986433083733491,50.5283,42.6746,Новоаннинский,Волгоградская Область,,Россия,ok
Новобатайск с,Ростовская обл,новобатайск,14.853660358493606,46.89845,39.7822,Новобатайск,Ростовская Область,,Россия,ok
Новобелокатай с,Башкортостан Респ,новобелокатай,14.868676717538769,55.70691,58.95726,Новобелокатай,Башкортостан,,Россия,ok
Нововаршавка рп,Омская обл,нововаршавка,14.877770959579523,54.16876,74.69832,Нововаршавка,Омская Область,,Россия,ok
Нововеличковская ст-ца,Краснодарский край,,,,,,,,,not_found
Нововоронеж г,Воронежская обл,нововоронеж,15.052923880010953,51.31528,39.21872,Нововоронеж,Воронежская Область,,Россия,ok
Новогуровский рп,Тульская обл,новогуровский,14.82168985809136,54.46759,37.33661,Новогуровский,Тульская Область,,Россия,ok
Новодарьино д,Московская обл,новодарьино,14.309104245335831,55.89114,36.66986,Новодарьино,Московская область,,Россия,ok
Новодвинск г,Архангельская обл,новодвинск,15.066665041466774,64.41638,40.81674,Новодвинск,Архангельская Область,,Россия,ok
Новодеревянковская ст-ца,Краснодарский край,,,,,,,,,not_found
Новоджерелиевская ст-ца,Краснодарский край,,,,,,,,,not_found
Новодугино с,Смоленская обл,новодугино,14.826744895830483,55.63275,34.2963,Новодугино,Смоленская Область,,Россия,ok
Новое Атлашево п,Чувашская Республика - Чувашия,,,,,,,,,not_found
Новое Гришино п,Московская обл,,,,,,,,,not_found
Новое Девяткино д,Ленинградская обл,новое девяткино,14.930373963623474,60.06364,30.48328,Новое Девяткино,Ленинградская область,,Россия,ok
Новое Казачье д,Калужская обл,новое казачье,14.0,54.05437,35.80052,Новое Казачье,Калужская Область,,Россия,ok
Новое Шигалеево с,Татарстан Респ,новое шигалеево,14.0,55.81449,49.45563,Новое Шигалеево,Татарстан,,Россия,ok
Новое д,Московская обл,новое,14.78075100422162,55.63104,38.92001,Новое,Московская область,,Россия,ok
Новое с,Владимирская обл,новое,14.0,56.55804,39.51844,Новое,Владимирская область,,Россия,ok
Новоживотинное с,Воронежская обл,новоживотинное,14.75999019592085,51.8853,39.1753,Новоживотинное,Воронежская Область,,Россия,ok
Новозавидовский пгт,Тверская обл,новозавидовский,14.894141462800684,56.55,36.43333,Новозавидовский,Тверская Область,,Россия,ok
Новозыбков г,Брянская обл,новозыбков,15.065895203916094,52.53711,31.93659,Новозыбков,Брянская Область,,Россия,ok
Новоивановское рп,Московская обл,новоивановское,14.86803319287934,55.70381,37.3651,Новоивановское,Московская область,,Россия,ok
Новоильинский рп,Пермский край,новоильинский,14.0,57.8947,55.4781,Новоильинский,Пермский край,,Россия,ok
Новоисетское с,Свердловская обл,новоисетское,14.0,56.362,62.1455,Новоисетское,Свердловская Область,,Россия,ok
Новокорсунская ст-ца,Краснодарский край,,,,,,,,,not_found
Новокубанск г,Краснодарский край,новокубанск,15.050237899717036,45.11326,41.0365,Новокубанск,Краснодарский край,,Россия,ok
Новокузнецк г,Кемеровская область - Кузбасс обл,новокузнецк,9.319861490763785,53.75752,87.13599,Новокузнецк,Кузба́сс,,Россия,ok
Новокуйбышевск г,Самарская обл,новокуйбышевск,15.162447578420696,53.09709,49.94001,Новокуйбышевск,Самарская Область,,Россия,ok
Новолеушковская ст-ца,Краснодарский край,,,,,,,,,not_found
Новоликеево д,Нижегородская обл,новоликеево,14.0,56.11972,44.23244,Новоликеево,Нижегородская Область,,Россия,ok
Новолисино д,Ленинградская обл,новолисино,14.0,59.5659,30.76927,Новолисино,Ленинградская область,,Россия,ok
Новолуговое с,Новосибирская обл,новолуговое,14.81044013079216,54.9792,83.1138,Новолуговое,Новосибирская Область,,Россия,ok
Новоминская ст-ца,Краснодарский край,,,,,,,,,not_found
Новомихайловский пгт,Краснодарский край,новомихайловский,14.924676872858974,44.2626,38.8585,Новомихайловский,Краснодарский край,,Россия,ok
Новомичуринск г,Рязанская обл,новомичуринск,14.99437653990347,54.0384,39.7479,Новомичуринск,Рязанская Область,,Россия,ok
Новомосковск г,Тульская обл,новомосковск,15.178282282276994,54.01098,38.29084,Новомосковск,Тульская Область,,Россия,ok
Новомурапталово с,Башкортостан Респ,новомурапталово,14.0,52.41667,55.8,Новомурапталово,Башкортостан,,Россия,ok
Новониколаевский рп,Волгоградская обл,новониколаевский,14.923522808748396,50.97449,42.36004,Новониколаевский,Волгоградская Область,,Россия,ok
Новоникольское с,Тамбовская обл,новоникольское,8.0,59.41667,33.21667,Новоникольское,Ленинградская область,,Россия,ok
Новоорск п,Оренбургская обл,новоорск,14.932482909846089,51.38122,58.98517,Новоорск,Оренбургская Область,,Россия,ok
Новопавловка с,Башкортостан Респ,новопавловка,8.831947369244219,51.21896,109.21565,Новопавловка,Забайкальский Край,,Россия,ok
Новопавловск г,Ставропольский край,новопавловск,9.010270719573096,43.95942,43.63156,Новопавловск,Ставрополье,,Россия,ok
Новопетровское с,Московская обл,новопетровское,14.855352512066364,55.99278,36.47194,Новопетровское,Московская область,,Россия,ok
Новопокровская ст-ца,Краснодарский край,,,,,,,,,not_found
Новопушкинское п,Саратовская обл,,,,,,,,,not_found
Новопышминское с,Свердловская обл,новопышминское,14.0,56.8869,62.222,Новопышминское,Свердловская Область,,Россия,ok
Новоржев г,Псковская обл,новоржев,14.82912958519054,57.0308,29.33257,Новоржев,Псковская Область,,Россия,ok
Новорождественская ст-ца,Краснодарский край,,,,,,,,,not_found
Новороссийск г,Краснодарский край,новороссийск,15.239610192139232,44.73188,37.76176,Новороссийск,Краснодарский край,,Россия,ok
Новосадовый п,Белгородская обл,новосадовый,14.0,50.65307,36.6644,Новосадовый,Белгородская Область,,Россия,ok
Новоселицкое с,Ставропольский край,новоселицкое,8.907383312732152,44.75083,43.43694,Новоселицкое,Ставрополье,,Россия,ok
Новоселье гп,Ленинградская обл,,,,,,,,,not_found
Новосемейкино пгт,Самарская обл,новосемейкино,14.917440226517057,53.37056,50.35428,Новосемейкино,Самарская Область,,Россия,ok
Новосергиевка п,Оренбургская обл,новосергиевка,14.948713842782588,52.087,53.6463,Новосергиевка,Оренбургская Область,,Россия,ok
Новосибирск г,Новосибирская обл,новосибирск,15.429350343798616,55.02259,82.93175,Новосибирск,Новосибирская Область,Новосибирский Район,Россия,ok
Новосиль г,Орловская обл,новосиль,14.829154650988391,52.97277,37.03958,Новосиль,Орловская Область,,Россия,ok
Новосиньково п,Московская обл,новосиньково,14.89964043014129,56.37737,37.32871,Новосиньково,Московская область,,Россия,ok
Новосмолинский п,Нижегородская обл,новосмолинский,14.854266598738928,56.2841,43.05071,Новосмолинский,Нижегородская Область,,Россия,ok
Новосокольники г,Псковская обл,новосокольники,14.910830764641103,56.34775,30.15681,Новосокольники,Псковская Область,,Россия,ok
Новоспасское рп,Ульяновская обл,новоспасское,14.930036387462376,53.15075,47.74766,Новоспасское,Ульяновская Область,,Россия,ok
Новостройка п,Московская обл,новостройка,8.0,60.98333,47.48333,Новостройка,Кировская Область,,Россия,ok
Новотитаровская ст-ца,Краснодарский край,,,,,,,,,not_found
Новотроицк г,Оренбургская обл,новотроицк,15.157295696975105,51.20099,58.31318,Новотроицк,Оренбургская Область,,Россия,ok
Новотроицкая ст-ца,Ставропольский край,,,,,,,,,not_found
Новотроицкое с,Татарстан Респ,новотроицкое,14.0,55.61472,52.41441,Новотроицкое,Татарстан,,Россия,ok
Новоузенск г,Саратовская обл,новоузенск,14.973701965966534,50.46321,48.14161,Новоузенск,Саратовская Область,,Россия,ok
Новоукраинский х,Краснодарский край,,,,,,,,,not_found
Новоукраинское с,Краснодарский край,новоукраинское,14.868761084370735,45.37833,40.52972,Новоукраинское,Краснодарский край,,Россия,ok
Новоульяновск г,Ульяновская обл,новоульяновск,14.974917019215177,54.14774,48.38644,Новоульяновск,Ульяновская Область,,Россия,ok
Новоуральск г,Свердловская обл,новоуральск,15.144945304201466,57.25483,60.09052,Новоуральск,Свердловская Область,,Россия,ok
Новохоперский рп,Воронежская обл,,,,,,,,,not_found
Новохопёрск г,Воронежская обл,новохоперск,14.88538082749772,51.0969,41.6252,Новохопёрск,Воронежская Область,Novokhopërskiy Rayon,Россия,ok
Новочебоксарск г,Чувашская Республика - Чувашия,новочебоксарск,9.176344290907693,56.11095,47.47755,Новочебоксарск,Чувашия,,Россия,ok
Новочеремшанск с,Ульяновская обл,новочеремшанск,14.81001614469366,54.35714,50.16662,Новочеремшанск,Ульяновская Область,,Россия,ok
Новочеркасск г,Ростовская обл,новочеркасск,15.202559937959384,47.4222,40.09373,Новочеркасск,Ростовская Область,,Россия,ok
Новошахтинск г,Ростовская обл,новошахтинск,15.1507701845595,47.76037,39.93335,Новошахтинск,Ростовская Область,,Россия,ok
Новошешминск с,Татарстан Респ,новошешминск,14.843076346341784,55.06637,51.24061,Новошешминск,Татарстан,,Россия,ok
Новые Батеки д,Смоленская обл,новые батеки,14.0,54.78546,31.84678,Новые Батеки,Смоленская Область,,Россия,ok
Новые Бурасы рп,Саратовская обл,новые бурасы,6.877493138749495,52.12982,46.07632,Нов.Бурасы,Саратовская Область,,Россия,ok
Новые Горки с,Ивановская обл,новые горки,8.0,57.73784,31.94488,Новые Горки,Новгородская Область,,Россия,ok
Новые Дарковичи п,Брянская обл,новые дарковичи,14.0,53.38663,34.32372,Новые Дарковичи,Брянская Область,,Россия,ok
Новый Городок п,Московская обл,новый городок,8.958259334587824,54.3074,86.2927,Новый Городок,Кузба́сс,,Россия,ok
Новый Егорлык с,Ростовская обл,новый егорлык,6.822684089040858,46.3927,41.87162,Нов.Егорлык,Ростовская Область,,Россия,ok
Новый Некоуз с,Ярославская обл,новый некоуз,14.81969879272589,57.9043,38.06729,Новый Некоуз,Ярославская Область,,Россия,ok
Новый Оскол г,Белгородская обл,новый оскол,14.995399053470924,50.76331,37.86415,Новый Оскол,Белгородская Область,,Россия,ok
Новый Рогачик рп,Волгоградская обл,новый рогачик,14.893274063486592,48.67685,44.06081,Новый Рогачик,Волгоградская Область,,Россия,ok
Новый Свет п,Ленинградская обл,новый свет,8.0,55.85,56.73333,Новый Свет,Башкортостан,,Россия,ok
Новый Торъял пгт,Марий Эл Респ,,,,,,,,,not_found
Новый Уренгой г,Ямало-Ненецкий АО,новый уренгой,15.145331345528902,66.08333,76.63333,Новый Уренгой,Ямало-Ненецкий АО,,Россия,ok
Новый п,Удмуртская Респ,новый,8.869466969654699,43.36525,132.02417,Новый,Приморский Край,,Россия,ok
Ногинск г,Московская обл,ногинск,15.166117304143045,55.86486,38.44853,Ногинск,Московская область,,Россия,ok
Ногинск-9 пгт,Московская обл,,,,,,,,,not_found
Ногир с,Северная Осетия - Алания Респ,ногир,8.934749021012342,43.08162,44.6365,Ногир,Северная Осетия,,Россия,ok
Нолинск г,Кировская обл,нолинск,14.92382473252292,57.5593,49.93332,Нолинск,Кировская Область,,Россия,ok
Ноябрьск г,Ямало-Ненецкий АО,ноябрьск,15.160824473564231,63.19309,75.43728,Ноябрьск,Ямало-Ненецкий АО,,Россия,ok
Нугуш с,Башкортостан Респ,нугуш,14.0,53.6361,57.4222,Нугуш,Башкортостан,,Россия,ok
Нудоль п,Московская обл,нудоль,14.709090982207998,56.1,36.51667,Нудоль,Московская область,,Россия,ok
Нуркеево д,Башкортостан Респ,нуркеево,14.0,54.57149,53.79553,Нуркеево,Башкортостан,,Россия,ok
Нурлат г,Татарстан Респ,нурлат,15.044732232990906,54.42903,50.80598,Нурлат,Татарстан,Нурлатский Район,Россия,ok
Нурлино с,Башкортостан Респ,нурлино,14.0,54.8175,55.55361,Нурлино,Башкортостан,,Россия,ok
Нурма д,Ленинградская обл,нурма,14.808856180527624,59.55,31.01667,Нурма,Ленинградская область,,Россия,ok
Нытва г,Пермский край,нытва,14.992944765420566,57.93771,55.34136,Нытва,Пермский край,,Россия,ok
Нюксеница с,Вологодская обл,нюксеница,14.837170488466764,60.41159,44.23309,Нюксеница,Вологодская Область,,Россия,ok
Нягань г.,Ханты-Мансийский Автономный округ - Югра АО,нягань,9.08616493284856,62.14056,65.39361,Нягань,Ханты-Мансийский АО,,Россия,ok
Нязепетровск г,Челябинская обл,нязепетровск,14.945077359182736,56.03715,59.59852,Нязепетровск,Челябинская,,Россия,ok
Няндома г,Архангельская обл,няндома,15.000694626090436,61.6718,40.21221,Няндома,Архангельская Область,,Россия,ok
Обливская ст-ца,Ростовская обл,,,,,,,,,not_found
Обнинск г,Калужская обл,обнинск,15.158425028202403,55.10993,36.61238,Обнинск,Калужская Область,,Россия,ok
Оболенск п,Московская обл,оболенск,14.856883642456808,54.97741,37.22449,Оболенск,Московская область,,Россия,ok
Оболенское с,Калужская обл,оболенское,14.0,55.0543,36.5705,Оболенское,Калужская Область,Малоярославетский Район,Россия,ok
Обоянь г,Курская обл,обоянь,14.954688403461793,51.21224,36.27859,Обоянь,Курская Область,,Россия,ok
Обухово рп,Московская обл,обухово,14.927021176901356,55.83278,38.2725,Обухово,Московская область,,Россия,ok
Обшаровка с,Самарская обл,обшаровка,14.86427680143243,53.125,48.85306,Обшаровка,Самарская Область,,Россия,ok
Объячево с,Коми Респ,объячево,14.0,60.33613,49.60964,Объячево,Коми,,Россия,ok
Обь г,Новосибирская обл,обь,15.009571818520689,54.98877,82.71337,Обь,Новосибирская Область,,Россия,ok
Овощной п,Ростовская обл,овощной,14.0,47.10371,39.64454,Овощной,Ростовская Область,,Россия,ok
Одесское с,Омская обл,одесское,14.870383871969024,54.215,72.9651,Одесское,Омская Область,,Россия,ok
Одинцово г,Московская обл,одинцово,15.182804272717055,55.66977,37.27716,Одинцово,Московская область,,Россия,ok
Одоев рп,Тульская обл,одоев,14.876201995356158,53.93567,36.68821,Одоев,Тульская Область,,Россия,ok
Озерецкое с,Московская обл,озерецкое,14.54971682252932,56.06667,37.38333,Озерецкое,Московская область,,Россия,ok
Озерки с,Ульяновская обл,озерки,9.146164269684306,60.03947,30.31128,Озерки,Санкт-Петербург,,Россия,ok
Озерный п,Новосибирская обл,озерный,8.927444129738271,57.9,33.65,Озёрный,Тверская Область,,Россия,ok
Озерный п,Смоленская обл,озерный,14.868642950866152,55.5802,32.4127,Озёрный,Смоленская Область,,Россия,ok
Озерный п,Тверская обл,озерный,14.927444129738271,57.9,33.65,Озёрный,Тверская Область,,Россия,ok
Озерск г,Челябинская обл,озерск,15.13025006860638,55.75556,60.70278,Озёрск,Челябинская,,Россия,ok
Озинки рп,Саратовская обл,озинки,14.91833801903934,51.1786,49.6769,Озинки,Саратовская Область,,Россия,ok
Озёры г,Московская обл,озеры,15.01620368569809,54.85998,38.55062,Озёры,Московская область,,Россия,ok
Оконешниково рп,Омская обл,оконешниково,14.861286694148452,54.84011,75.07729,Оконешниково,Омская Область,,Россия,ok
Окский п,Нижегородская обл,окский,14.0,56.17676,43.77246,Окский,Нижегородская Область,,Россия,ok
Оксовский п,Архангельская обл,оксовский,14.766105638236183,62.60623,39.89845,Оксовский,Архангельская Область,,Россия,ok
Октябрьск г,Самарская обл,октябрьск,15.017759034244747,53.16675,48.69723,Октябрьск,Самарская Область,,Россия,ok
Октябрьская ст-ца,Краснодарский край,,,,,,,,,not_found
Октябрьский г,Башкортостан Респ,октябрьский,15.1591745887496,54.48147,53.47103,Октябрьский,Башкортостан,,Россия,ok
Октябрьский п,Волгоградская обл,октябрьский,14.815765701519648,48.655,43.804,Октябрьский,Волгоградская Область,,Россия,ok
Октябрьский п,Свердловская обл,октябрьский,9.1591745887496,54.48147,53.47103,Октябрьский,Башкортостан,,Россия,ok
Октябрьский п,Татарстан Респ,октябрьский,9.1591745887496,54.48147,53.47103,Октябрьский,Башкортостан,,Россия,ok
Октябрьский п,Тульская обл,октябрьский,9.1591745887496,54.48147,53.47103,Октябрьский,Башкортостан,,Россия,ok
Октябрьский п,Ульяновская обл,октябрьский,9.1591745887496,54.48147,53.47103,Октябрьский,Башкортостан,,Россия,ok
Октябрьский пгт,Белгородская обл,октябрьский,14.904452188728124,50.44521,36.36066,Октябрьский,Белгородская Область,,Россия,ok
Октябрьский пгт.,Московская обл,октябрьский,14.930574145673944,55.60806,37.97738,Октябрьский,Московская область,,Россия,ok
Октябрьский рп,Архангельская обл,октябрьский,14.910597935665145,61.08934,43.17177,Октябрьский,Архангельская Область,,Россия,ok
Октябрьский рп,Волгоградская обл,октябрьский,14.815765701519648,48.655,43.804,Октябрьский,Волгоградская Область,,Россия,ok
Октябрьский рп,Московская обл,октябрьский,14.930574145673944,55.60806,37.97738,Октябрьский,Московская область,,Россия,ok
Октябрьский рп,Пермский край,октябрьский,14.910397935598477,56.51713,57.20489,Октябрьский,Пермский край,,Россия,ok
Октябрьский рп,Рязанская обл,октябрьский,14.871078434046842,54.22675,38.89402,Октябрьский,Рязанская Область,,Россия,ok
Октябрьский с,Удмуртская Респ,октябрьский,9.1591745887496,54.48147,53.47103,Октябрьский,Башкортостан,,Россия,ok
Октябрьское с,Липецкая обл,октябрьское,8.0,52.34774,55.5022,Октябрьское,Оренбургская Область,,Россия,ok
Октябрьское с,Оренбургская обл,октябрьское,14.0,52.34774,55.5022,Октябрьское,Оренбургская Область,,Россия,ok
Октябрьское с,Ставропольский край,октябрьское,8.0,52.34774,55.5022,Октябрьское,Оренбургская Область,,Россия,ok
Октябрьское с,Челябинская обл,октябрьское,14.0,54.41171,62.73159,Октябрьское,Челябинская,,Россия,ok
Октябрьской Фабрики п,Московская обл,,,,,,,,,not_found
Окуловка г,Новгородская обл,окуловка,14.953625709465788,58.40801,33.28852,Окуловка,Новгородская Область,,Россия,ok
Оленегорск г,Мурманская обл,оленегорск,15.00720059491864,68.1432,33.25287,Оленегорск,Мурманская Область,,Россия,ok
Оленегорск-2 г,Мурманская обл,,,,,,,,,not_found
Оленино пгт,Тверская обл,оленино,14.853306654057253,56.20917,33.48888,Оленино,Тверская Область,,Россия,ok
Олонец г,Карелия Респ,олонец,14.921094019204816,60.98106,32.97261,Олонец,Карелия,,Россия,ok
Ольгинка с,Краснодарский край,ольгинка,14.749609734517596,44.2075,38.89111,Ольгинка,Краснодарский край,,Россия,ok
Ольгинская ст-ца,Краснодарский край,,,,,,,,,not_found
Ольгинская ст-ца,Ростовская обл,,,,,,,,,not_found
Ольховатка рп,Воронежская обл,ольховатка,14.831115254800167,50.27927,39.29357,Ольховатка,Воронежская Область,,Россия,ok
Омск г,Омская обл,омск,15.397428282748896,54.99244,73.36859,Омск,Омская Область,,Россия,ok
Омутинское с,Тюменская обл,омутинское,8.916910162395958,56.46845,67.64172,Омутинское,Тюмень,,Россия,ok
Омутнинск г,Кировская обл,омутнинск,15.01411255500008,58.67015,52.19313,Омутнинск,Кировская Область,,Россия,ok
Онега г.,Архангельская обл,онега,15.002985585135091,63.9057,38.09944,Онега,Архангельская Область,,Россия,ok
Онохино с,Тюменская обл,онохино,8.80106915391303,56.92501,65.5394,Онохино,Тюмень,,Россия,ok
Онуфриево с,Московская обл,онуфриево,14.0,55.8503,36.51055,Онуфриево,Московская область,,Россия,ok
Ополье д,Ленинградская обл,ополье,14.0,59.43818,28.83088,Ополье,Ленинградская область,,Россия,ok
Опочка г,Псковская обл,опочка,14.951406802284644,56.71448,28.66287,Опочка,Псковская Область,,Россия,ok
Оранжерейка д,Ленинградская обл,,,,,,,,,not_found
Орда с,Пермский край,орда,14.85699753768552,57.19197,56.90462,Орда,Пермский край,,Россия,ok
Ордынское рп,Новосибирская обл,ордынское,14.924135442550536,54.36225,81.88658,Ордынское,Новосибирская Область,,Россия,ok
Оредеж п,Ленинградская обл,оредеж,14.0,58.81827,30.33746,Оредеж,Ленинградская область,,Россия,ok
Оренбург г,Оренбургская обл,оренбург,15.324418093010724,51.76712,55.09883,Оренбург,Оренбургская Область,,Россия,ok
Орехово д,Калужская обл,орехово,8.461512051684126,60.49551,30.26754,Орехово,Ленинградская область,,Россия,ok
Орехово-Зуево г,Московская обл,,,,,,,,,not_found
Оржицы д,Ленинградская обл,,,,,,,,,not_found
Оричи пгт,Кировская обл,оричи,14.896264794774057,58.40138,49.05982,Оричи,Кировская Область,,Россия,ok
Орлов г,Кировская обл,орлов,14.903610602536483,58.53917,48.89166,Орлов,Кировская Область,,Россия,ok
Орлово с,Воронежская обл,орлово,14.830597821096733,51.7592,39.5882,Орлово,Воронежская Область,,Россия,ok
Орловский п,Ростовская обл,орловский,14.986920661855926,46.87441,42.05223,Орловский,Ростовская Область,,Россия,ok
Орск г,Оренбургская обл,орск,15.241648347873936,51.23206,58.48802,Орск,Оренбургская Область,,Россия,ok
Оршанка пгт,Марий Эл Респ,оршанка,14.881744592104187,56.91729,47.89636,Оршанка,Марий Эл,,Россия,ok
Орёл г,Орловская обл,орел,15.26237857728158,52.96879,36.0791,Орёл,Орловская Область,,Россия,ok
Оса г,Пермский край,оса,15.005590816523137,57.2836,55.45885,Оса,Пермский край,,Россия,ok
Осинки пгт,Самарская обл,осинки,14.804044688130311,52.8432,49.5132,Осинки,Самарская Область,,Россия,ok
Осинники г,Кемеровская область - Кузбасс обл,осинники,9.07979415898011,53.60357,87.33197,Осинники,Кузба́сс,,Россия,ok
Осиновая Гора с,Тульская обл,осиновая гора,14.0,54.16072,37.67634,Осиновая Гора,Тульская Область,,Россия,ok
Осиново с,Татарстан Респ,осиново,14.896546232851597,55.8809,48.881,Осиново,Татарстан,,Россия,ok
Осташков г,Тверская обл,осташков,14.988144642165924,57.14695,33.10659,Осташков,Тверская Область,,Россия,ok
Остер с,Смоленская обл,остер,14.754697411751652,54.017,32.8019,Остер,Смоленская Область,,Россия,ok
Остров г,Псковская обл,остров,15.01064692120264,57.3438,28.35363,Остров,Псковская Область,,Россия,ok
Островцы д,Московская обл,островцы,14.82117543973752,55.5875,38.00556,Островцы,Московская область,,Россия,ok
Острогожск г,Воронежская обл,острогожск,15.044592811567137,50.86586,39.07808,Острогожск,Воронежская Область,,Россия,ok
Острожка с,Пермский край,острожка,14.0,57.6715,55.1783,Острожка,Пермский край,,Россия,ok
Остроленский п,Челябинская обл,остроленский,14.0,53.68222,59.7275,Остроленский,Челябинская,Нагайбакский Район,Россия,ok
Осыпной Бугор с,Астраханская обл,осыпной бугор,14.0,46.29114,48.04958,Осыпной Бугор,Астраханская Область,,Россия,ok
Осьмино п,Ленинградская обл,осьмино,14.0,59.01156,29.09429,Осьмино,Ленинградская область,,Россия,ok
Отрадинское с,Орловская обл,,,,,,,,,not_found
Отрадная ст-ца,Краснодарский край,,,,,,,,,not_found
Отрадное г,Ленинградская обл,отрадное,14.997105273869856,59.7775,30.81806,Отрадное,Ленинградская область,,Россия,ok
Отрадное п,Воронежская обл,отрадное,8.997105273869856,59.7775,30.81806,Отрадное,Ленинградская область,,Россия,ok
Отрадное п,Московская обл,отрадное,8.997105273869856,59.7775,30.81806,Отрадное,Ленинградская область,,Россия,ok
Отрадный г,Самарская обл,отрадный,15.082233501319198,53.37596,51.3452,Отрадный,Самарская Область,,Россия,ok
Отрадо-Ольгинское с,Краснодарский край,,,,,,,,,not_found
Оханск г,Пермский край,оханск,14.897727273946428,57.71491,55.3906,Оханск,Пермский край,,Россия,ok
Очер г,Пермский край,очер,14.964186301440364,57.88227,54.71827,Очёр,Пермский край,,Россия,ok
Ошта с,Вологодская обл,,,,,,,,,not_found
Павловка рп,Ульяновская обл,павловка,14.869030580912488,52.69009,47.14131,Павловка,Ульяновская Область,,Россия,ok
Павловка с,Башкортостан Респ,павловка,14.836124088964237,55.42094,56.55426,Павловка,Башкортостан,,Россия,ok
Павловка с,Оренбургская обл,павловка,8.869030580912488,52.69009,47.14131,Павловка,Ульяновская Область,,Россия,ok
Павлово г,Нижегородская обл,павлово,15.105625653215618,55.9686,43.0912,Павлово,Нижегородская Область,Павловский Район,Россия,ok
Павлово гп,Ленинградская обл,,,,,,,,,not_found
Павлово с,Ленинградская обл,павлово,14.81164170727942,59.80861,30.89667,Павлово,Ленинградская область,,Россия,ok
Павловск г,Воронежская обл,павловск,15.018738748169245,50.45434,40.12371,Павловск,Воронежская Область,,Россия,ok
Павловск с,Алтайский край,павловск,14.960427256427062,53.31975,82.98952,Павловск,Алтайский Край,,Россия,ok
Павловская Слобода с,Московская обл,павловская слобода,14.86891276553237,55.81517,37.08246,Павловская Слобода,Московская область,,Россия,ok
Павловская ст-ца,Краснодарский край,,,,,,,,,not_found
Павловский Посад г,Московская обл,павловский посад,15.10029661325322,55.78187,38.65025,Павловский Посад,Московская область,,Россия,ok
Павловский рп,Пермский край,павловский,14.810892415597534,57.8424,54.84357,Павловский,Пермский край,,Россия,ok
Павловское с,Владимирская обл,павловское,8.0,57.16239,34.30689,Павловское,Тверская Область,,Россия,ok
Павлоградка рп,Омская обл,павлоградка,14.872404474595347,54.20088,73.56377,Павлоградка,Омская Область,,Россия,ok
Пады (Ленинский с/с) с,Липецкая обл,,,,,,,,,not_found
Пажга с,Коми Респ,пажга,14.0,61.38775,50.57753,Пажга,Коми,,Россия,ok
Палех п,Ивановская обл,палех,14.863355299253245,56.80096,41.85735,Палех,Ивановская Область,,Россия,ok
Палимовка с,Оренбургская обл,палимовка,14.0,52.8399,52.201,Палимовка,Оренбургская Область,,Россия,ok
Палкино рп,Псковская обл,палкино,14.80433421704416,57.54089,28.01257,Палкино,Псковская Область,,Россия,ok
Палласовка г,Волгоградская обл,палласовка,14.974917019215177,50.04914,46.8855,Палласовка,Волгоградская Область,,Россия,ok
Пангоды пгт,Ямало-Ненецкий АО,пангоды,14.929642632088932,65.85002,74.48593,Пангоды,Ямало-Ненецкий АО,,Россия,ok
Панино рп,Воронежская обл,панино,14.887696334026227,51.65425,40.1313,Панино,Воронежская Область,,Россия,ok
Панино с,Липецкая обл,панино,8.887696334026227,51.65425,40.1313,Панино,Воронежская Область,,Россия,ok
Панфилово с,Владимирская обл,панфилово,14.0,56.00046,39.08812,Панфилово,Владимирская область,,Россия,ok
Папино д,Калужская обл,папино,8.0,59.2025,36.2031,Папино,Вологодская Область,,Россия,ok
Парабель с,Томская обл,парабель,14.873681053295387,58.69581,81.49342,Парабель,Томская Область,,Россия,ok
Параньга пгт,Марий Эл Респ,параньга,14.879497643168875,56.7037,49.40373,Параньга,Марий Эл,,Россия,ok
Паренкина д,Тюменская обл,паренкина,8.0,57.1268,65.8083,Парёнкина,Тюмень,,Россия,ok
Парковый п,Краснодарский край,парковый,8.0,56.64074,39.58328,Парковый,Владимирская область,,Россия,ok
Парфино рп,Новгородская обл,парфино,14.901857435635424,57.97259,31.64782,Парфино,Новгородская Область,,Россия,ok
Пасегово с,Кировская обл,пасегово,14.79402277651457,58.50602,49.51383,Пасегово,Кировская Область,,Россия,ok
Патрушева д,Тюменская обл,патрушева,8.0,57.0932,65.5343,Патрушева,Тюмень,,Россия,ok
Патруши с,Свердловская обл,патруши,14.0,56.6913,60.7996,Патруши,Свердловская Область,,Россия,ok
Пачелма рп,Пензенская обл,пачелма,14.906195636620993,53.24426,43.35205,Пачелма,Пензенская Область,,Россия,ok
Паша с,Ленинградская обл,паша,14.822121009392507,60.39546,33.04308,Паша,Ленинградская область,,Россия,ok
Пашуково д,Московская обл,пашуково,14.0,55.90966,38.25908,Пашуково,Московская область,,Россия,ok
Пелагиада с,Ставропольский край,пелагиада,8.88352104636641,45.20639,42.02361,Пелагиада,Ставрополье,,Россия,ok
Пенза г,Пензенская обл,пенза,15.31683954558354,53.19568,45.01075,Пенза,Пензенская Область,,Россия,ok
Пено пгт.,Тверская обл,пено,14.855410354543633,56.92521,32.74376,Пено,Тверская Область,Пеновский Район,Россия,ok
Первое Мая(МО рп Малое Козино) рп,Нижегородская обл,,,,,,,,,not_found
Первомайск г,Нижегородская обл,первомайск,14.960312542692698,54.8686,43.80347,Первомайск,Нижегородская Область,,Россия,ok
Первомайский п,Московская обл,первомайский,14.700669522683704,55.06696,38.66489,Первомайский,Московская область,,Россия,ok
Первомайский п,Оренбургская обл,первомайский,14.0,51.90481,51.64571,Первомайский,Оренбургская Область,,Россия,ok
Первомайский п,Свердловская обл,первомайский,8.948774481001683,53.2463,40.28911,Первомайский,Тамбовская Область,,Россия,ok
Первомайский пгт,Кировская обл,первомайский,14.852813313145456,59.06389,49.28833,Первомайский,Кировская Область,,Россия,ok
Первомайский рп,Тамбовская обл,первомайский,14.948774481001683,53.2463,40.28911,Первомайский,Тамбовская Область,,Россия,ok
Первомайский рп,Тульская обл,первомайский,8.948774481001683,53.2463,40.28911,Первомайский,Тамбовская Область,,Россия,ok
Первомайское п,Ленинградская обл,первомайское,14.840603814205007,60.35922,29.7424,Первомайское,Ленинградская область,,Россия,ok
Первомайское с,Томская обл,первомайское,14.866871183905516,57.07486,86.24145,Первомайское,Томская Область,,Россия,ok
Первоуральск г,Свердловская обл,первоуральск,15.18026130250866,56.90528,59.94361,Первоуральск,Свердловская Область,,Россия,ok
Первый Воин д,Орловская обл,,,,,,,,,not_found
Перевалово с,Тюменская обл,перевалово,8.0,54.50004,21.42912,Перевалово,Калининградская Область,,Россия,ok
Перевоз г,Нижегородская обл,перевоз,14.913010597926558,55.5957,44.5454,Перевоз,Нижегородская Область,,Россия,ok
Переволоки с,Самарская обл,переволоки,14.703085747611611,53.2458,49.1793,Переволоки,Самарская Область,,Россия,ok
Переволоцкий п,Оренбургская обл,переволоцкий,14.917657674182337,51.87766,54.19007,Переволоцкий,Оренбургская Область,,Россия,ok
Перелешинский рп,Воронежская обл,,,,,,,,,not_found
Перелюб с,Саратовская обл,перелюб,14.862155320674049,51.86292,50.35412,Перелюб,Саратовская Область,,Россия,ok
Перемышль с,Калужская обл,перемышль,14.807090608878784,54.2638,36.16029,Перемышль,Калужская Область,,Россия,ok
Пересвет г,Московская обл,пересвет,14.961587214452887,56.42302,38.17612,Пересвет,Московская область,,Россия,ok
Переславль-Залесский г,Ярославская обл,,,,,,,,,not_found
Пересыпь п,Краснодарский край,пересыпь,14.0,45.34851,37.13192,Пересыпь,Краснодарский край,,Россия,ok
Пермь г,Пермский край,пермь,15.379777419447398,58.01046,56.25017,Пермь,Пермский край,,Россия,ok
Персиановский п,Ростовская обл,персиановский,14.96633885668225,47.52729,39.4193,Персиановский,Ростовская Область,,Россия,ok
Пески п,Московская обл,пески,14.82177084068453,55.21626,38.76262,Пески,Московская область,,Россия,ok
Пески с,Воронежская обл,пески,8.82177084068453,55.21626,38.76262,Пески,Московская область,,Россия,ok
Песковка пгт,Кировская обл,песковка,14.881685324062742,59.04478,52.36057,Песковка,Кировская Область,,Россия,ok
Песочное п,Ярославская обл,песочное,14.800836557031293,58.00597,39.17717,Песочное,Ярославская Область,,Россия,ok
Пестово г,Новгородская обл,пестово,14.967476597290784,58.59382,35.80244,Пестово,Новгородская Область,,Россия,ok
Пестравка с,Самарская обл,пестравка,14.87984546960651,52.4033,49.95837,Пестравка,Самарская Область,,Россия,ok
Пестрецы с,Татарстан Респ,пестрецы,14.8897272113134,55.75408,49.6511,Пестрецы,Татарстан,,Россия,ok
Пестяки п,Ивановская обл,пестяки,14.833639048059156,56.70914,42.66952,Пестяки,Ивановская Область,,Россия,ok
Песчанокопское с,Ростовская обл,песчанокопское,14.933617975681534,46.19448,41.08148,Песчанокопское,Ростовская Область,,Россия,ok
Песчаные Ковали с,Татарстан Респ,,,,,,,,,not_found
Песьянка д,Пермский край,песьянка,14.0,57.77469,58.52528,Песьянка,Пермский край,,Россия,ok
Петра Дубрава пгт,Самарская обл,петра дубрава,14.880986280537906,53.3,50.36667,Петра Дубрава,Самарская Область,,Россия,ok
Петров Вал г,Волгоградская обл,петров вал,14.960602446822923,50.14337,45.20958,Петров Вал,Волгоградская Область,,Россия,ok
Петровск г,Саратовская обл,петровск,15.042296563558123,52.30881,45.38992,Петровск,Саратовская Область,,Россия,ok
Петровская ст-ца,Краснодарский край,,,,,,,,,not_found
Петровский п,Тульская обл,петровский,8.798752447984876,56.6421,40.32026,Петровский,Ивановская Область,,Россия,ok
Петровский п,Челябинская обл,петровский,14.0,53.5925,59.56389,Петровский,Челябинская,,Россия,ok
Петровское п,Ленинградская обл,петровское,14.530330490805907,60.64609,30.15953,Петровское,Ленинградская область,,Россия,ok
Петровское рп,Ярославская обл,петровское,8.599396142730656,55.53581,36.98425,Петровское,Московская область,,Россия,ok
Петровское с,Башкортостан Респ,петровское,8.599396142730656,55.53581,36.98425,Петровское,Московская область,,Россия,ok
Петровское с,Московская обл,петровское,14.599396142730656,55.53581,36.98425,Петровское,Московская область,,Россия,ok
Петровское с,Тамбовская обл,петровское,14.0,52.62961,40.2477,Петровское,Тамбовская Область,,Россия,ok
Петрозаводск г,Карелия Респ,петрозаводск,15.253965141439378,61.78491,34.34691,Петрозаводск,Карелия,,Россия,ok
Петрокаменское с,Свердловская обл,петрокаменское,14.821311069759668,57.716,60.6484,Петрокаменское,Свердловская Область,,Россия,ok
Петропавловка с,Воронежская обл,петропавловка,14.0,50.09985,40.88216,Петропавловка,Воронежская Область,,Россия,ok
Петропавловская ст-ца,Краснодарский край,,,,,,,,,not_found
Петухово г,Курганская обл,петухово,14.94228677708272,55.06917,67.90194,Петухово,Курганская Область,Петуховский Район,Россия,ok
Петушки г,Владимирская обл,петушки,14.96719967597341,55.92721,39.46072,Петушки,Владимирская область,,Россия,ok
Пехлец с,Рязанская обл,пехлец,14.0,53.9447,40.112,Пехлец,Рязанская Область,,Россия,ok
Печенга пгт,Мурманская обл,печенга,14.793451346388226,69.52587,31.17027,Печенга,Мурманская Область,,Россия,ok
Печерск д,Смоленская обл,печерск,14.829429960885724,54.85355,32.03154,Печерск,Смоленская Область,,Россия,ok
Печерск с,Смоленская обл,печерск,14.829429960885724,54.85355,32.03154,Печерск,Смоленская Область,,Россия,ok
Печоры г,Псковская обл,печоры,14.949152639068426,57.81642,27.6119,Печоры,Псковская Область,,Россия,ok
Пешково с,Ростовская обл,пешково,14.818785544369565,47.01659,39.39156,Пешково,Ростовская Область,,Россия,ok
Пижма рп,Нижегородская обл,пижма,14.829329935871131,57.86418,47.11714,Пижма,Нижегородская Область,,Россия,ok
Пикалево г,Ленинградская обл,пикалево,15.00021104211412,59.51833,34.16639,Пикалёво,Ленинградская область,Бокситогорский Район,Россия,ok
Пильна рп,Нижегородская обл,пильна,14.882995804423548,55.55399,45.91808,Пильна,Нижегородская Область,,Россия,ok
Пиндуши пгт,Карелия Респ,пиндуши,14.852793528794814,62.91519,34.57996,Пиндуши,Карелия,,Россия,ok
Пионерский п,Московская обл,пионерский,8.938067368945807,54.95083,20.22748,Пионерский,Калининградская Область,Город Калининград,Россия,ok
Пионерский пгт,Ханты-Мансийский Автономный округ - Югра АО,пионерский,8.938067368945807,54.95083,20.22748,Пионерский,Калининградская Область,Город Калининград,Россия,ok
Пировское с,Красноярский край,пировское,14.808394570229565,57.63012,92.26373,Пировское,Красноярский Край,,Россия,ok
Писковичи д,Псковская обл,писковичи,14.0,57.8611,28.2153,Писковичи,Псковская Область,,Россия,ok
Пителино рп,Рязанская обл,пителино,14.776472054477148,54.57837,41.8101,Пителино,Рязанская Область,,Россия,ok
Питерка с,Саратовская обл,питерка,14.86011666251924,50.67873,47.44357,Питерка,Саратовская Область,,Россия,ok
Питкяранта г,Карелия Респ,питкяранта,14.94796802501801,61.57387,31.47889,Питкяранта,Карелия,,Россия,ok
Пичаево с,Тамбовская обл,пичаево,14.815017926968231,53.23449,42.20338,Пичаево,Тамбовская Область,,Россия,ok
Плавица ж/д_ст,Липецкая обл,,,,,,,,,not_found
Плавск г,Тульская обл,плавск,14.972698900904495,53.7084,37.29457,Плавск,Тульская Область,,Россия,ok
Пласт г,Челябинская обл,пласт,14.974396413201816,54.36914,60.81361,Пласт,Челябинская,,Россия,ok
Пластуновская ст-ца,Краснодарский край,,,,,,,,,not_found
Платнировская ст-ца,Краснодарский край,,,,,,,,,not_found
Платоновка с,Тамбовская обл,платоновка,14.823270600986096,52.71058,41.95199,Платоновка,Тамбовская Область,,Россия,ok
Плесенское д,Московская обл,плесенское,14.0,55.38553,36.54534,Плесенское,Московская область,,Россия,ok
Плесецк рп,Архангельская обл,плесецк,14.9293853972204,62.71165,40.29104,Плесецк,Архангельская Область,,Россия,ok
Плеханово рп,Тульская обл,плеханово,14.0,54.24723,37.55432,Плеханово,Тульская Область,,Россия,ok
Плешаново с,Оренбургская обл,плешаново,14.0,52.61667,54.08333,Плешаново,Оренбургская Область,,Россия,ok
Плещеево с,Орловская обл,плещеево,14.0,53.0293,36.08637,Плещеево,Орловская Область,,Россия,ok
Плюсса рп,Псковская обл,плюсса,14.822951111896446,58.42583,29.36644,Плюсса,Псковская Область,,Россия,ok
Победа п,Ленинградская обл,победа,8.16094379124341,52.6052,31.7381,Победа,Брянская Область,,Россия,ok
Поворино г,Воронежская обл,поворино,14.979840477608295,51.19806,42.24605,Поворино,Воронежская Область,,Россия,ok
Погар пгт,Брянская обл,погар,14.932750099174976,52.55287,33.25961,Погар,Брянская Область,,Россия,ok
Погореловка с,Белгородская обл,погореловка,14.0,50.81425,37.1611,Погореловка,Белгородская Область,,Россия,ok
Пограничный п,Московская обл,пограничный,8.93868953338758,44.41041,131.37846,Пограничный,Приморский Край,,Россия,ok
Подбельск с,Самарская обл,подбельск,14.0,53.60415,51.80226,Подбельск,Самарская Область,,Россия,ok
Подберезье д,Новгородская обл,подберезье,14.0,59.16027,33.38617,Подберезье,Новгородская Область,,Россия,ok
Подборки д,Калужская обл,подборки,14.692067150424869,54.17636,35.93645,Подборки,Калужская Область,,Россия,ok
Подгоренский пгт,Воронежская обл,подгоренский,14.880282315974188,50.41023,39.64202,Подгоренский,Воронежская Область,,Россия,ok
Подгорная ст-ца,Ставропольский край,,,,,,,,,not_found
Подгорное с,Воронежская обл,подгорное,14.894663520890584,51.7362,39.14834,Подгорное,Воронежская Область,,Россия,ok
Подгорное с,Липецкая обл,подгорное,8.894663520890585,51.7362,39.14834,Подгорное,Воронежская Область,,Россия,ok
Подгорное с,Томская обл,подгорное,14.852218073292727,57.78782,82.65155,Подгорное,Томская Область,,Россия,ok
Подгородняя Покровка с,Оренбургская обл,подгородняя покровка,6.804686951095958,51.82808,54.9874,Подгорная Покровка,Оренбургская Область,,Россия,ok
Подколодновка с,Воронежская обл,подколодновка,14.0,49.99692,40.66187,Подколодновка,Воронежская Область,,Россия,ok
Подкумок п,Ставропольский край,подкумок,8.0,43.96502,42.77623,Подкумок,Ставрополье,,Россия,ok
Подлесово д,Нижегородская обл,подлесово,14.0,56.02873,44.3206,Подлесово,Нижегородская Область,,Россия,ok
Подмошье д,Московская обл,подмошье,14.527299955856376,56.3831,37.40045,Подмошье,Московская область,,Россия,ok
Подольск г,Московская обл,подольск,15.20973788027273,55.42419,37.55472,Подольск,Московская область,Городской округ Подольск,Россия,ok
Подпорожье г,Ленинградская обл,подпорожье,14.988333586432528,60.91,34.16188,Подпорожье,Ленинградская область,,Россия,ok
Подсинее с,Хакасия Респ,подсинее,14.808641027532378,53.66583,91.53639,Подсинее,Хакасия,,Россия,ok
Подстепки с,Самарская обл,подстепки,14.805229649953866,53.5151,49.1355,Подстепки,Самарская Область,,Россия,ok
Позариха с,Свердловская обл,позариха,14.0,56.45722,61.89,Позариха,Свердловская Область,,Россия,ok
Поим с,Пензенская обл,поим,14.805165955684195,53.02639,43.18721,Поим,Пензенская Область,,Россия,ok
Пойковский пгт,Ханты-Мансийский Автономный округ - Югра АО,пойковский,9.024284847004123,61.00136,71.89187,Пойковский,Ханты-Мансийский АО,,Россия,ok
Покачи г,Ханты-Мансийский Автономный округ - Югра АО,покачи,8.97459561645494,61.71982,75.36827,Покачи,Ханты-Мансийский АО,,Россия,ok
Покойное с,Ставропольский край,покойное,8.912434665880921,44.80972,44.25167,Покойное,Ставрополье,,Россия,ok
Покорное д,Смоленская обл,,,,,,,,,not_found
Покров г,Владимирская обл,покров,14.967205978163422,55.91797,39.17242,Покров,Владимирская область,,Россия,ok
Покровка д,Московская обл,покровка,8.927002337413736,43.95134,131.63847,Покровка,Приморский Край,,Россия,ok
Покровка с,Оренбургская обл,покровка,8.927002337413736,43.95134,131.63847,Покровка,Приморский Край,,Россия,ok
Покрово-Пригородное с,Тамбовская обл,,,,,,,,,not_found
Покровское пгт,Орловская обл,покровское,14.8426611813185,52.60669,36.86751,Покровское,Орловская Область,,Россия,ok
Покровское с,Ростовская обл,покровское,14.943962502804716,47.41436,38.89883,Покровское,Ростовская Область,,Россия,ok
Покровское с,Свердловская обл,покровское,14.818144069571938,56.4704,61.6092,Покровское,Свердловская Область,,Россия,ok
Пола п,Новгородская обл,пола,14.0,57.9369,31.83056,Пола,Новгородская Область,,Россия,ok
Полевской г,Свердловская обл,полевской,15.109393429068032,56.44222,60.18778,Полевской,Свердловская Область,,Россия,ok
Полесск г,Калининградская обл,полесск,14.896648377906445,54.86205,21.10279,Полесск,Калининградская Область,,Россия,ok
Полетаево п,Челябинская обл,полетаево,14.878462153484076,55.0336,61.1138,Полетаево,Челябинская,,Россия,ok
Полотняный Завод п,Калужская обл,полотняный завод,14.84446224985814,54.72139,35.96611,Полотняный Завод,Калужская Область,,Россия,ok
Полтавка рп,Омская обл,полтавка,14.8868413284672,54.36312,71.7621,Полтавка,Омская Область,,Россия,ok
Полтавская ст-ца,Краснодарский край,,,,,,,,,not_found
Полысаево г,Кемеровская область - Кузбасс обл,полысаево,9.024092361024682,54.60343,86.27577,Полысаево,Кузба́сс,,Россия,ok
Поляны с,Рязанская обл,поляны,14.872761617832106,54.71801,39.82932,Поляны,Рязанская Область,,Россия,ok
Полярные Зори г,Мурманская обл,полярные зори,14.962198633915945,67.36611,32.49806,Полярные Зори,Мурманская Область,,Россия,ok
Полярный г.,Мурманская обл,полярный,14.976036747794131,69.20279,33.43697,Полярный,Мурманская Область,,Россия,ok
Помоздино с,Коми Респ,помоздино,14.0,62.19551,54.1873,Помоздино,Коми,,Россия,ok
Понежукай аул,Адыгея Респ,понежукай,14.812888014212565,44.88761,39.38551,Понежукай,Адыгея,,Россия,ok
Поныри рп,Курская обл,поныри,14.0,52.31839,36.29766,Поныри,Курская Область,,Россия,ok
Поповка с,Воронежская обл,поповка,8.0,47.66611,39.67167,Поповка,Ростовская Область,,Россия,ok
Порецкое с,Чувашская Республика - Чувашия,порецкое,8.876732914779405,55.19742,46.32908,Порецкое,Чувашия,,Россия,ok
Поречье д,Тверская обл,поречье,14.528826703069454,57.08528,37.92583,Поречье,Тверская Область,,Россия,ok
Поречье-Рыбное рп,Ярославская обл,,,,,,,,,not_found
Порошкино д,Ленинградская обл,порошкино,14.599893656194668,60.10876,30.34681,Порошкино,Ленинградская область,,Россия,ok
Порхов г,Псковская обл,порхов,14.938320064498065,57.76502,29.55612,Порхов,Псковская Область,,Россия,ok
Поселки с,Пензенская обл,поселки,14.802943284058124,53.13236,46.50307,Поселки,Пензенская Область,,Россия,ok
Поспелиха с,Алтайский край,поспелиха,14.951686873222432,51.95,81.76667,Поспелиха,Алтайский Край,,Россия,ok
Потьма рп,Мордовия Респ,потьма,8.0,54.32722,46.94142,Потьма,Ульяновская Область,,Россия,ok
Похвистнево г,Самарская обл,похвистнево,15.025065241869608,53.65237,52.12738,Похвистнево,Самарская Область,,Россия,ok
Почеп г,Брянская обл,почеп,14.96225162457758,52.9331,33.44702,Почеп,Брянская Область,Почепский Район,Россия,ok
Починки д,Московская обл,починки,14.0,56.295,37.47373,Починки,Московская область,,Россия,ok
Починки с,Нижегородская обл,починки,14.936947859331449,54.70146,44.85762,Починки,Нижегородская Область,,Россия,ok
Починок г,Смоленская обл,починок,14.913895177588852,54.40539,32.43909,Починок,Смоленская Область,,Россия,ok
Пошехонье г,Ярославская обл,пошехонье,14.88394216076206,58.49928,39.13531,Пошехонье,Ярославская Область,,Россия,ok
Правдинск г,Калининградская обл,правдинск,14.841538192526956,54.44289,21.01785,Правдинск,Калининградская Область,,Россия,ok
Правдинский рп,Московская обл,правдинский,14.924696155543185,56.06034,37.86266,Правдинский,Московская область,,Россия,ok
Прасковея с,Ставропольский край,прасковея,8.93432090450506,44.74444,44.20306,Прасковея,Ставрополье,,Россия,ok
Преображенская ст-ца,Волгоградская обл,,,,,,,,,not_found
Прибельский с,Башкортостан Респ,прибельский,14.0,54.3842,56.4519,Прибельский,Башкортостан,,Россия,ok
Приводино рп,Архангельская обл,приводино,14.805229649953866,61.07599,46.50238,Приводино,Архангельская Область,,Россия,ok
Приволжск г,Ивановская обл,приволжск,14.979059877045753,57.38395,41.29165,Приволжск,Ивановская Область,,Россия,ok
Приволжский пгт,Марий Эл Респ,приволжский,14.832142158689788,55.96135,48.41512,Приволжский,Марий Эл,,Россия,ok
Приволжский рп,Саратовская обл,приволжский,15.036879266100032,51.40944,46.04833,Приволжский,Саратовская Область,,Россия,ok
Приволжье с,Самарская обл,приволжье,8.0,56.20025,34.55476,Приволжье,Тверская Область,,Россия,ok
Привольная ст-ца,Краснодарский край,,,,,,,,,not_found
Привольное с,Ставропольский край,привольное,8.0,57.7564,36.99081,Привольное,Тверская Область,,Россия,ok
Пригородный п,Астраханская обл,пригородный,14.0,46.33333,48.0,Пригородный,Астраханская Область,,Россия,ok
Пригородный п,Воронежская обл,пригородный,8.807806788181544,51.76608,55.26648,Пригородный,Оренбургская Область,,Россия,ok
Пригородный п,Кировская обл,пригородный,8.807806788181544,51.76608,55.26648,Пригородный,Оренбургская Область,,Россия,ok
Пригородный п,Оренбургская обл,пригородный,14.807806788181544,51.76608,55.26648,Пригородный,Оренбургская Область,,Россия,ok
Пригородный п,Тамбовская обл,пригородный,8.807806788181544,51.76608,55.26648,Пригородный,Оренбургская Область,,Россия,ok
Пригорское с,Смоленская обл,пригорское,14.0,54.68141,32.14683,Пригорское,Смоленская Область,,Россия,ok
Приданниково д,Свердловская обл,приданниково,14.0,56.64562,57.76185,Приданниково,Свердловская Область,,Россия,ok
Придорожный п,Самарская обл,придорожный,8.0,56.35,41.0,Придорожный,Владимирская область,,Россия,ok
Приладожский гп,Ленинградская обл,,,,,,,,,not_found
Приморка с,Ростовская обл,приморка,14.823774380389091,47.27946,39.05333,Приморка,Ростовская Область,,Россия,ok
Приморск г,Ленинградская обл,приморск,14.875384509275523,60.36622,28.60615,Приморск,Ленинградская область,,Россия,ok
Приморский п,Челябинская обл,приморский,14.0,53.5454,59.1213,Приморский,Челябинская,,Россия,ok
Приморско-Ахтарск г,Краснодарский край,,,,,,,,,not_found
Приобский п,Новосибирская обл,приобский,14.0,55.0664,82.769,Приобский,Новосибирская Область,,Россия,ok
Приобье пгт,Ханты-Мансийский Автономный округ - Югра АО,приобье,8.890937040519747,62.52056,65.59639,Приобье,Ханты-Мансийский АО,,Россия,ok
Приозерск г,Ленинградская обл,приозерск,14.981471098214527,61.04027,30.13915,Приозерск,Ленинградская область,,Россия,ok
Пристень рп,Курская обл,пристень,14.860593640125062,51.23738,36.69796,Пристень,Курская Область,,Россия,ok
Приютное с,Калмыкия Респ,приютное,14.863639743889472,46.10104,43.51092,Приютное,Калмыкия,,Россия,ok
Приютово рп,Башкортостан Респ,приютово,14.994501329936462,53.9,53.93333,Приютово,Башкортостан,,Россия,ok
Пробуждение п,Саратовская обл,пробуждение,8.0,56.88333,34.53333,Пробуждение,Тверская Область,,Россия,ok
Прогресс п,Новгородская обл,прогресс,8.919227822915778,49.74529,129.67216,Прогресс,Амурская Область,,Россия,ok
Прокопьевск г,Кемеровская область - Кузбасс обл,прокопьевск,9.229683157499826,53.91518,86.71891,Прокопьевск,Кузба́сс,,Россия,ok
Пролетарий рп,Новгородская обл,пролетарий,14.856426759880216,58.43423,31.70462,Пролетарий,Новгородская Область,,Россия,ok
Пролетарск г,Ростовская обл,пролетарск,14.987786200489715,46.70241,41.72487,Пролетарск,Ростовская Область,,Россия,ok
Пролетарский п,Белгородская обл,пролетарский,14.908102863549583,50.79139,35.77306,Пролетарский,Белгородская Область,,Россия,ok
Пролетарский рп,Московская обл,пролетарский,14.831139827843664,55.02219,37.39019,Пролетарский,Московская область,,Россия,ok
Промышленная пгт,Кемеровская область - Кузбасс обл,промышленная,8.975365254677648,54.91443,85.63971,Промышленная,Кузба́сс,,Россия,ok
Пронск рп,Рязанская обл,пронск,14.834830105493394,54.11361,39.59909,Пронск,Рязанская Область,,Россия,ok
Просница ж/д_ст,Кировская обл,,,,,,,,,not_found
Протасы п,Пермский край,протасы,14.0,57.8745,55.8387,Протасы,Пермский край,,Россия,ok
Протвино г,Московская обл,протвино,15.052755257190864,54.86821,37.21583,Протвино,Московская область,,Россия,ok
Прохладный г,Кабардино-Балкарская Респ,прохладный,9.101536151518742,43.75741,44.0297,Прохладный,Кабардино-Балкария,,Россия,ok
Прохладный п,Свердловская обл,прохладный,14.0,56.7497,60.9362,Прохладный,Свердловская Область,,Россия,ok
Прохоровка пгт,Белгородская обл,прохоровка,14.92239473753824,51.03594,36.73138,Прохоровка,Белгородская Область,,Россия,ok
Пряжа пгт,Карелия Респ,пряжа,14.833254893925265,61.69812,33.62948,Пряжа,Карелия,,Россия,ok
Прямицыно пгт,Курская обл,прямицыно,14.854110501146256,51.65608,35.9373,Прямицыно,Курская Область,,Россия,ok
Псебай пгт,Краснодарский край,псебай,14.9278092474027,44.1234,40.8107,Псебай,Краснодарский край,,Россия,ok
Псков г,Псковская обл,псков,15.225725043324708,57.81922,28.33181,Псков,Псковская Область,,Россия,ok
Псыж аул,Карачаево-Черкесская Респ,псыж,8.8830689198761,44.23306,42.01833,Псыж,Карачаево-Черкессия,,Россия,ok
Птичье с,Ставропольский край,птичье,8.0,45.5252,41.71602,Птичье,Ставрополье,,Россия,ok
Пугачев г,Саратовская обл,пугачев,8.0,54.101,45.8988,Пугачёв,Мордовия,,Россия,ok
Пудож г.,Карелия Респ,пудож,14.926917515769707,61.80415,36.5277,Пудож,Карелия,,Россия,ok
Пудомяги д,Ленинградская обл,пудомяги,14.0,59.605,30.32778,Пудомяги,Ленинградская область,,Россия,ok
Пудость п,Ленинградская обл,пудость,14.0,59.61611,30.05194,Пудость,Ленинградская область,,Россия,ok
Пурех с,Нижегородская обл,пурех,14.750714107972762,56.64684,43.06772,Пурех,Нижегородская Область,,Россия,ok
Пустошка г,Псковская обл,пустошка,14.85667449702455,56.33535,29.36891,Пустошка,Псковская Область,,Россия,ok
Путятино с,Рязанская обл,путятино,8.0,58.82355,30.16667,Путятино,Ленинградская область,,Россия,ok
Пучеж г,Ивановская обл,пучеж,14.919847019940567,56.9761,43.16656,Пучеж,Ивановская Область,,Россия,ok
Пушкино г,Московская обл,пушкино,15.154070598798096,55.99456,37.82897,Пушкино,Московская область,,Россия,ok
Пушкино рп,Саратовская обл,пушкино,14.791169052070837,51.235,46.97417,Пушкино,Саратовская Область,,Россия,ok
Пушкинские Горы рп,Псковская обл,пушкинские горы,14.868626063253178,57.01712,28.92488,Пушкинские Горы,Псковская Область,,Россия,ok
Пушное п,Ленинградская обл,пушное,14.0,60.405,29.46972,Пушное,Ленинградская область,,Россия,ok
Пущино г,Московская обл,пущино,14.990713090745093,54.83373,37.61138,Пущино,Московская область,,Россия,ok
Пшехская ст-ца,Краснодарский край,,,,,,,,,not_found
Пыталово г,Псковская обл,пыталово,14.881996090128606,57.06925,27.91542,Пыталово,Псковская Область,,Россия,ok
Пыть-Ях г,Ханты-Мансийский Автономный округ - Югра АО,,,,,,,,,not_found
Пышлицы с,Московская обл,пышлицы,14.0,55.28403,40.07979,Пышлицы,Московская область,,Россия,ok
Пышма пгт,Свердловская обл,пышма,14.921979553074694,56.95327,63.25231,Пышма,Свердловская Область,,Россия,ok
Пяльма п,Карелия Респ,пяльма,14.0,62.4016,35.8917,Пяльма,Карелия,,Россия,ok
Пятигорск г,Ставропольский край,пятигорск,9.186966240698704,44.05,43.05036,Пятигорск,Ставрополье,,Россия,ok
Пятигорский п,Ставропольский край,пятигорский,8.85167931113949,43.97417,43.25833,Пятигорский,Ставрополье,,Россия,ok
Пятницкое п,Белгородская обл,пятницкое,14.848797033273934,50.4233,37.8273,Пятницкое,Белгородская Область,,Россия,ok
Пятовский п,Калужская обл,пятовский,14.78984110928116,54.68908,36.05634,Пятовский,Калужская Область,,Россия,ok
Работки с,Нижегородская обл,работки,14.767415292128169,56.04147,44.60265,Работки,Нижегородская Область,Кстовский Район,Россия,ok
Рабочеостровск п,Карелия Респ,рабочеостровск,14.79728107841214,64.98507,34.77587,Рабочеостровск,Карелия,,Россия,ok
Радищево рп,Ульяновская обл,радищево,14.848590890137649,52.85176,47.8645,Радищево,Ульяновская Область,,Россия,ok
Радовицкий п,Московская обл,радовицкий,14.754327334670544,55.1282,39.7956,Радовицкий,Московская область,,Россия,ok
Радужный г,Владимирская обл,радужный,14.97876276664416,56.0038,40.33905,Радужный,Владимирская область,,Россия,ok
Радужный г,Ханты-Мансийский Автономный округ - Югра АО,радужный,9.077226730173924,62.09611,77.475,Радужный,Ханты-Мансийский АО,,Россия,ok
Радужный п,Московская обл,радужный,14.78811822022271,55.1368,38.72803,Радужный,Московская область,,Россия,ok
Раевский с,Башкортостан Респ,раевский,14.990653291072208,54.06398,54.93378,Раевский,Башкортостан,,Россия,ok
Развильное с,Ростовская обл,развильное,14.0,46.23779,41.29592,Развильное,Ростовская Область,,Россия,ok
Раздольная ст-ца,Краснодарский край,,,,,,,,,not_found
Разметелево д,Ленинградская обл,разметелево,14.0,59.90038,30.67514,Разметелево,Ленинградская область,,Россия,ok
Разумное пгт,Белгородская обл,разумное,14.965052891614274,50.53439,36.68462,Разумное,Белгородская Область,,Россия,ok
Райманово с,Башкортостан Респ,райманово,14.0,54.6329,53.71056,Райманово,Башкортостан,,Россия,ok
Райсеменовское д,Московская обл,райсеменовское,14.67765069923722,55.00786,37.33515,Райсемёновское,Московская область,,Россия,ok
Ракино д,Ярославская обл,ракино,14.0,57.711,39.848,Ракино,Ярославская Область,,Россия,ok
Ракитное п,Белгородская обл,ракитное,14.926832622117484,50.84076,35.85212,Ракитное,Белгородская Область,,Россия,ok
Раменское г,Московская обл,раменское,15.14721138870624,55.56341,38.24152,Раменское,Московская область,Раменский Городской Округ,Россия,ok
Рамешки пгт,Тверская обл,рамешки,14.832142158689788,57.34378,36.04418,Рамешки,Тверская Область,,Россия,ok
Рамонь рп,Воронежская обл,рамонь,14.89782822032724,51.91378,39.33676,Рамонь,Воронежская Область,,Россия,ok
Рассвет п,Ленинградская обл,рассвет,8.84692626576587,46.83333,40.75,Рассвет,Ростовская Область,,Россия,ok
Рассвет п,Ростовская обл,рассвет,14.84692626576587,46.83333,40.75,Рассвет,Ростовская Область,,Россия,ok
Рассвет п,Тульская обл,рассвет,8.84692626576587,46.83333,40.75,Рассвет,Ростовская Область,,Россия,ok
Рассказово г,Тамбовская обл,рассказово,15.073548321491488,52.66384,41.88915,Рассказово,Тамбовская Область,,Россия,ok
Рассоха п,Свердловская обл,рассоха,14.0,56.7133,61.0432,Рассоха,Свердловская Область,,Россия,ok
Растущий п,Свердловская обл,растущий,14.0,56.7759,60.9535,Растущий,Свердловская Область,,Россия,ok
Расшеватская ст-ца,Ставропольский край,,,,,,,,,not_found
Рахманово с,Московская обл,рахманово,14.791352101728387,55.74401,38.61124,Рахманово,Московская область,,Россия,ok
Рахья гп,Ленинградская обл,,,,,,,,,not_found
Ребриха с,Алтайский край,ребриха,14.908918917041204,53.07933,82.33939,Ребриха,Алтайский Край,,Россия,ok
Ревда г,Свердловская обл,ревда,15.103143208056553,56.80239,59.93774,Ревда,Свердловская Область,,Россия,ok
Ревда пгт,Мурманская обл,ревда,14.918819700729047,67.9371,34.56149,Ревда,Мурманская Область,,Россия,ok
Ревякино п,Тульская обл,ревякино,14.80774471493312,54.36517,37.66249,Ревякино,Тульская Область,,Россия,ok
Реж г,Свердловская обл,реж,15.05299873231482,57.37116,61.40398,Реж,Свердловская Область,,Россия,ok
Реконструктор п,Ростовская обл,реконструктор,14.0,47.30547,39.94732,Реконструктор,Ростовская Область,,Россия,ok
Реммаш п,Московская обл,реммаш,14.0,56.45452,38.0896,Реммаш,Московская область,,Россия,ok
Ремонтное с,Ростовская обл,ремонтное,14.890585118120802,46.56081,43.64882,Ремонтное,Ростовская Область,,Россия,ok
Репное с,Белгородская обл,репное,14.0,50.54913,37.0257,Репное,Белгородская Область,,Россия,ok
Репьевка с,Воронежская обл,репьевка,14.0,51.08278,38.64337,Репьевка,Воронежская Область,,Россия,ok
Реутов г,Московская обл,реутов,15.12692092399502,55.76273,37.86303,Реутов,Московская область,,Россия,ok
Рефтинский пгт,Свердловская обл,рефтинский,14.977984991207794,57.09013,61.67692,Рефтинский,Свердловская Область,,Россия,ok
Речица п,Брянская обл,речица,14.0,53.37041,33.92483,Речица,Брянская Область,,Россия,ok
Решетиха рп,Нижегородская обл,решетиха,14.881150325015824,56.21566,43.28802,Решетиха,Нижегородская Область,,Россия,ok
Решетниково рп,Московская обл,решетниково,14.806871619271478,56.45,36.56667,Решетниково,Московская область,,Россия,ok
Решоткино д,Московская обл,,,,,,,,,not_found
Ржакса рп,Тамбовская обл,ржакса,14.864699262895108,52.13917,42.02759,Ржакса,Тамбовская Область,,Россия,ok
Ржаница с,Брянская обл,ржаница,14.857206009285708,53.42844,33.92297,Ржаница,Брянская Область,,Россия,ok
Ржев г,Тверская обл,ржев,15.103886562039456,56.26289,34.3289,Ржев,Тверская Область,,Россия,ok
Рикасиха д,Архангельская обл,рикасиха,14.0,64.5364,40.1715,Рикасиха,Архангельская Область,,Россия,ok
Ровеньки п,Белгородская обл,ровеньки,14.930018107597595,49.91786,38.9074,Ровеньки,Белгородская Область,,Россия,ok
Ровное рп,Саратовская обл,ровное,14.856197533418811,50.77577,46.04946,Ровное,Саратовская Область,,Россия,ok
Рогачево с,Московская обл,рогачево,14.812563098847706,56.43212,37.16078,Рогачево,Московская область,,Россия,ok
Рогнедино рп,Брянская обл,рогнедино,14.809803475617606,53.80238,33.55898,Рогнедино,Брянская Область,,Россия,ok
Роговатое с,Белгородская обл,роговатое,14.802715010683276,51.23,38.3818,Роговатое,Белгородская Область,,Россия,ok
Роговская ст-ца,Краснодарский край,,,,,,,,,not_found
Родина д,Псковская обл,родина,14.0,57.8301,28.264,Родина,Псковская Область,,Россия,ok
Родионовка д,Московская обл,родионовка,14.0,55.02458,37.42729,Родионовка,Московская область,,Россия,ok
Родионово-Несветайская сл,Ростовская обл,,,,,,,,,not_found
Родники г,Ивановская обл,родники,15.022853766145666,57.10501,41.73565,Родники,Ивановская Область,,Россия,ok
Родники с,Пермский край,родники,14.0,59.8362,56.2835,Родники,Пермский край,,Россия,ok
Родниковская ст-ца,Краснодарский край,,,,,,,,,not_found
Рождествено с,Ленинградская обл,рождествено,14.758528107863912,59.32457,29.94901,Рождествено,Ленинградская область,,Россия,ok
Рождествено с,Московская обл,рождествено,14.802715010683276,55.85444,37.04935,Рождествено,Московская область,,Россия,ok
Рождественская Хава с,Воронежская обл,рождественская хава,14.0,51.6557,39.6969,Рождественская Хава,Воронежская Область,,Россия,ok
Романовка п,Ленинградская обл,романовка,14.863905677917309,60.0443,30.714,Романовка,Ленинградская область,,Россия,ok
Романовка рп,Саратовская обл,романовка,14.89550609506319,51.74311,42.75256,Романовка,Саратовская Область,,Россия,ok
Романовская ст-ца,Ростовская обл,,,,,,,,,not_found
Ромашки п,Ленинградская обл,ромашки,14.713409372119289,60.72115,29.80833,Ромашки,Ленинградская область,,Россия,ok
Ромоданово п,Мордовия Респ,ромоданово,14.917440226517057,54.42006,45.34037,Ромоданово,Мордовия,,Россия,ok
Рославль г,Смоленская обл,рославль,15.095031519805447,53.95387,32.86409,Рославль,Смоленская Область,,Россия,ok
Рослятино с,Вологодская обл,рослятино,14.0,59.76391,44.21863,Рослятино,Вологодская Область,,Россия,ok
Россошь г,Воронежская обл,россошь,15.107168809097391,51.1209,38.5116,Россошь,Воронежская Область,,Россия,ok
Ростов Великий г,Ярославская обл,ростов великий,15.034303197429717,57.19081,39.41307,Ростов Великий,Ярославская Область,Ростовский Район,Россия,ok
Ростов-на-Дону г,Ростовская обл,,,,,,,,,not_found
Ростовка п,Омская обл,ростовка,14.859858882962024,55.3842,71.88913,Ростовка,Омская Область,,Россия,ok
Рошаль г,Московская обл,,,,,,,,,not_found
Рощино гп,Ленинградская обл,,,,,,,,,not_found
Рощино п,Челябинская обл,рощино,14.856254889313703,55.31012,61.26363,Рощино,Челябинская,,Россия,ok
Рощинский пгт,Самарская обл,рощинский,14.929688497337636,53.05111,50.49667,Рощинский,Самарская Область,,Россия,ok
Ртищево г,Саратовская обл,ртищево,15.069226304410948,52.25973,43.78678,Ртищево,Саратовская Область,,Россия,ok
Рубцовск г,Алтайский край,рубцовск,15.19895694978532,51.51473,81.20613,Рубцовск,Алтайский Край,,Россия,ok
Рудня г,Смоленская обл,рудня,14.9171183656775,54.94712,31.09228,Рудня,Смоленская Область,,Россия,ok
Рудня рп,Волгоградская обл,рудня,14.899504097468505,50.806,44.55626,Рудня,Волгоградская Область,,Россия,ok
Руза г.,Московская обл,руза,14.950903656569109,55.70172,36.19321,Руза,Московская область,,Россия,ok
Рузаевка г,Мордовия Респ,рузаевка,15.080592273811984,54.06004,44.94899,Рузаевка,Мордовия,,Россия,ok
Румянцево п,Московская обл,румянцево,14.890191122637962,55.97278,36.53417,Румянцево,Московская область,,Россия,ok
Русская Поляна рп,Омская обл,русская поляна,14.877261030328077,53.77999,73.88384,Русская Поляна,Омская Область,,Россия,ok
Русская Тавра с,Свердловская обл,русская тавра,14.0,56.12166,57.96799,Русская Тавра,Свердловская Область,,Россия,ok
Русский Акташ с,Татарстан Респ,русский акташ,14.0,55.03957,52.12162,Русский Акташ,Татарстан,,Россия,ok
Русский Брод с,Орловская обл,русский брод,14.0,52.60538,37.35562,Русский Брод,Орловская Область,,Россия,ok
Русский Камешкир с,Пензенская обл,русский камешкир,14.857659353469767,52.85955,46.08861,Русский Камешкир,Пензенская Область,,Россия,ok
Русско-Высоцкое с,Ленинградская обл,,,,,,,,,not_found
Руэм п,Марий Эл Респ,руэм,14.0,56.63066,47.75634,Руэм,Марий Эл,,Россия,ok
Рыбинск г,Ярославская обл,рыбинск,15.228638454773684,58.04562,38.83811,Рыбинск,Ярославская Область,,Россия,ok
Рыбная Слобода пгт,Татарстан Респ,рыбная слобода,14.88805855231025,55.46247,50.14443,Рыбная Слобода,Татарстан,,Россия,ok
Рыбное г,Рязанская обл,рыбное,14.986058005152485,54.72531,39.51305,Рыбное,Рязанская Область,,Россия,ok
Рыздвяный п,Ставропольский край,рыздвяный,8.893629818522843,45.2656,41.8389,Рыздвяный,Ставрополье,,Россия,ok
Рыльск г,Курская обл,рыльск,14.974143910058173,51.57141,34.68324,Рыльск,Курская Область,,Россия,ok
Рябово гп,Ленинградская обл,,,,,,,,,not_found
Ряжск г,Рязанская обл,ряжск,15.00007050032515,53.70588,40.08045,Ряжск,Рязанская Область,,Россия,ok
Рязаново с,Ульяновская обл,рязаново,14.0,53.9857,49.4057,Рязаново,Ульяновская Область,,Россия,ok
Рязанская ст-ца,Краснодарский край,,,,,,,,,not_found
Рязанцево п,Ярославская обл,рязанцево,14.0,56.71055,39.21245,Рязанцево,Ярославская Область,,Россия,ok
Рязань г,Рязанская обл,рязань,15.319740220189484,54.62696,39.70415,Рязань,Рязанская Область,,Россия,ok
СУ-847 п,Московская обл,,,,,,,,,not_found
Савельево д,Московская обл,савельево,14.0,56.13333,37.03333,Савельево,Московская область,,Россия,ok
Савино п,Ивановская обл,савино,14.87216023446742,56.59298,41.21314,Савино,Ивановская Область,,Россия,ok
Савинская (Белавинское с/п) д,Московская обл,,,,,,,,,not_found
Савинский рп,Архангельская обл,савинский,14.0,62.95149,40.13226,Савинский,Архангельская Область,,Россия,ok
Садгород п,Самарская обл,садгород,14.0,53.3858,51.1719,Садгород,Самарская Область,,Россия,ok
Садовое с,Воронежская обл,садовое,14.851959031601597,51.53064,40.50155,Садовое,Воронежская Область,,Россия,ok
Садовый п,Владимирская обл,садовый,14.0,56.22112,40.40718,Садовый,Владимирская область,,Россия,ok
Сазоново рп,Вологодская обл,сазоново,14.81633713164599,59.0919,35.2268,Сазоново,Вологодская Область,,Россия,ok
Сакмара с,Оренбургская обл,сакмара,14.84327240347898,51.98438,55.3338,Сакмара,Оренбургская Область,,Россия,ok
Салават г,Башкортостан Респ,салават,15.198226637466586,53.3828,55.91094,Салават,Башкортостан,,Россия,ok
Салаир г,Кемеровская область - Кузбасс обл,салаир,8.911569996782205,54.2312,85.7972,Салаир,Кузба́сс,,Россия,ok
Салехард г,Ямало-Ненецкий АО,салехард,15.080395373406333,66.53373,66.60955,Салехард,Ямало-Ненецкий АО,,Россия,ok
Салми п,Карелия Респ,салми,14.824301946898926,61.36971,31.85185,Салми,Карелия,,Россия,ok
Сальск г,Ростовская обл,сальск,15.10186455364637,46.47494,41.54159,Сальск,Ростовская Область,,Россия,ok
Самара г,Самарская обл,самара,15.39668573104588,53.20767,50.13553,Самара,Самарская Область,,Россия,ok
Самарское с,Ростовская обл,самарское,14.927228177351637,46.93611,39.68255,Самарское,Ростовская Область,,Россия,ok
Самойловка рп,Саратовская обл,самойловка,14.905777177333157,51.1854,43.70883,Самойловка,Саратовская Область,,Россия,ok
Самотовино д,Московская обл,самотовино,14.0,56.65,37.81667,Самотовино,Московская область,,Россия,ok
Сампур с,Тамбовская обл,сампур,14.0,52.3145,41.62959,Сампур,Тамбовская Область,,Россия,ok
Сандово пгт,Тверская обл,сандово,14.824485939591126,58.46418,36.4153,Сандово,Тверская Область,,Россия,ok
Санкт-Петербург г,Санкт-Петербург г,,,,,,,,,not_found
Санчурск пгт,Кировская обл,санчурск,14.862065189978448,56.9412,47.24951,Санчурск,Кировская Область,,Россия,ok
Сапожок рп,Рязанская обл,сапожок,14.836264243156764,53.94272,40.68286,Сапожок,Рязанская Область,,Россия,ok
Сараи рп,Рязанская обл,сараи,14.87702838190984,53.72947,41.00219,Сараи,Рязанская Область,,Россия,ok
Саракташ п,Оренбургская обл,саракташ,14.976502975938857,51.7874,56.35987,Саракташ,Оренбургская Область,,Россия,ok
Саракташ-7 пгт,Оренбургская обл,,,,,,,,,not_found
Саранск г,Мордовия Респ,саранск,15.267245096126086,54.18485,45.17166,Саранск,Мордовия,,Россия,ok
Сарапул г,Удмуртская Респ,сарапул,9.150116659970417,56.47633,53.79782,Сарапул,Удмуртия,,Россия,ok
Саратов г,Саратовская обл,саратов,15.364692502851064,51.54048,45.9901,Саратов,Саратовская Область,Saratovskiy Rayon,Россия,ok
Сарафоново с,Ярославская обл,сарафоново,14.0,57.46115,39.98451,Сарафоново,Ярославская Область,,Россия,ok
Саргазы п,Челябинская обл,саргазы,14.75109777520141,55.02064,61.24985,Саргазы,Челябинская,,Россия,ok
Саргатское рп,Омская обл,саргатское,14.902232262263734,55.61008,73.49869,Саргатское,Омская Область,,Россия,ok
Сарманово с,Татарстан Респ,сарманово,14.875463404743128,55.25439,52.58784,Сарманово,Татарстан,,Россия,ok
Саров г,Нижегородская обл,саров,15.138510345703214,54.94802,43.31521,Саров,Нижегородская Область,,Россия,ok
Сарс пгт,Пермский край,сарс,14.85950797300733,56.55017,57.13658,Сарс,Пермский край,,Россия,ok
Сасово г,Рязанская обл,сасово,15.030424158091416,54.35369,41.91986,Сасово,Рязанская Область,,Россия,ok
Сатинка п,Тамбовская обл,сатинка,14.81886891244442,52.37532,41.67161,Сатинка,Тамбовская Область,,Россия,ok
Сатис п,Нижегородская обл,сатис,14.801961279440029,54.9229,43.22977,Сатис,Нижегородская Область,,Россия,ok
Сатка г,Челябинская обл,сатка,15.080740201334224,55.04103,59.04746,Сатка,Челябинская,,Россия,ok
Сафоново г,Смоленская обл,сафоново,15.073641841436537,55.11091,33.23728,Сафоново,Смоленская Область,Сафоновский Район,Россия,ok
Сахзаводской п,Орловская обл,сахзаводской,14.0,52.43036,37.51624,Сахзаводской,Орловская Область,,Россия,ok
Саяногорск г,Хакасия Респ,саяногорск,15.081857756383377,53.09975,91.40736,Саяногорск,Хакасия,,Россия,ok
Сватково с,Московская обл,сватково,14.75234813125735,56.38333,38.21667,Сватково,Московская область,,Россия,ok
Светлогорск г,Калининградская обл,светлогорск,14.930574145673944,54.93987,20.15479,Светлогорск,Калининградская Область,Светлогорск,Россия,ok
Светлоград г,Ставропольский край,светлоград,9.058981150774796,45.32736,42.8562,Светлоград,Ставрополье,,Россия,ok
Светлый Путь Ленина п,Краснодарский край,светлый путь ленина,14.0,45.20011,37.66045,Светлый Путь Ленина,Краснодарский край,,Россия,ok
Светлый Яр рп,Волгоградская обл,светлый яр,14.948280727862148,48.47449,44.78504,Светлый Яр,Волгоградская Область,,Россия,ok
Светлый г,Калининградская обл,светлый,15.000423745563626,54.67501,20.13473,Светлый,Калининградская Область,,Россия,ok
Светлый п,Оренбургская обл,светлый,14.910242102975667,50.81964,60.85075,Светлый,Оренбургская Область,,Россия,ok
Светлый п,Саратовская обл,светлый,14.941107470177728,51.6737,45.63054,Светлый,Саратовская Область,,Россия,ok
Светлый п,Свердловская обл,светлый,9.000423745563626,54.67501,20.13473,Светлый,Калининградская Область,,Россия,ok
Светогорск г,Ленинградская обл,светогорск,14.966357925488918,61.11213,28.86321,Светогорск,Ленинградская область,,Россия,ok
Свеча пгт,Кировская обл,свеча,14.85115774526306,58.27795,47.51226,Свеча,Кировская Область,,Россия,ok
Свияжский п,Татарстан Респ,,,,,,,,,not_found
Свобода м,Курская обл,,,,,,,,,not_found
Себеж г,Псковская обл,себеж,14.88082196651184,56.28607,28.48327,Себеж,Псковская Область,,Россия,ok
Северное с,Новосибирская обл,северное,14.858932778917543,56.35023,78.36481,Северное,Новосибирская Область,,Россия,ok
Северное с,Оренбургская обл,северное,14.845446636150792,54.0928,52.54184,Северное,Оренбургская Область,,Россия,ok
Северный п,Московская обл,северный,14.82419665602318,56.73333,37.65,Северный,Московская область,,Россия,ok
Северный пгт,Белгородская обл,северный,14.895583514421896,50.6754,36.55869,Северный,Белгородская Область,,Россия,ok
Северодвинск г,Архангельская обл,северодвинск,15.21771226079538,64.55825,39.82971,Северодвинск,Архангельская Область,,Россия,ok
Североморск г,Мурманская обл,североморск,15.089529383688642,69.06936,33.40807,Североморск,Мурманская Область,,Россия,ok
Североонежск рп,Архангельская обл,,,,,,,,,not_found
Североуральск г,Свердловская обл,североуральск,15.04193305681139,60.15328,59.95205,Североуральск,Свердловская Область,,Россия,ok
Северск г,Томская обл,северск,15.160682556016328,56.60056,84.88639,Северск,Томская Область,,Россия,ok
Северская ст-ца,Краснодарский край,,,,,,,,,not_found
Севск г,Брянская обл,севск,14.893524541502988,52.14904,34.49347,Севск,Брянская Область,Севский Район,Россия,ok
Сегежа г,Карелия Респ,сегежа,15.041496296514362,63.74549,34.31614,Сегежа,Карелия,,Россия,ok
Селижарово пгт,Тверская обл,селижарово,14.886742743852498,56.85188,33.44869,Селижарово,Тверская Область,,Россия,ok
Селты с,Удмуртская Респ,селты,8.861685751452919,57.3132,52.1345,Селты,Удмуртия,,Россия,ok
Сельниково д,Московская обл,сельниково,14.683625927727707,55.13643,39.15971,Сельниково,Московская область,,Россия,ok
Сельцо г,Брянская обл,сельцо,14.98074170837854,53.36831,34.10328,Сельцо,Брянская Область,,Россия,ok
Сельцо п,Ленинградская обл,сельцо,14.0,59.9425,34.22278,Сельцо,Ленинградская область,,Россия,ok
Сельцо с,Владимирская обл,сельцо,8.98074170837854,53.36831,34.10328,Сельцо,Брянская Область,,Россия,ok
Селятино рп,Московская обл,селятино,14.946923709299622,55.51514,36.97746,Селятино,Московская область,,Россия,ok
Семенково п,Вологодская обл,семенково,14.0,59.93333,41.2,Семёнково,Вологодская Область,,Россия,ok
Семенов г,Нижегородская обл,семенов,15.009827278074528,56.78758,44.49619,Семёнов,Нижегородская Область,,Россия,ok
Семибратово рп,Ярославская обл,семибратово,14.89242570208881,57.30461,39.53688,Семибратово,Ярославская Область,,Россия,ok
Семикаракорск г,Ростовская обл,семикаракорск,15.006832379498906,47.51683,40.80831,Семикаракорск,Ростовская Область,,Россия,ok
Семилетка с,Башкортостан Респ,семилетка,14.833423142973484,55.36028,54.61528,Семилетка,Башкортостан,Дюртюлинский Район,Россия,ok
Семилуки г,Воронежская обл,семилуки,15.017572598349403,51.6821,39.0302,Семилуки,Воронежская Область,,Россия,ok
Семрино п,Ленинградская обл,семрино,14.0,59.5425,30.38556,Семрино,Ленинградская область,,Россия,ok
Сенгилей г,Ульяновская обл,сенгилей,14.898956900480703,53.95849,48.79503,Сенгилей,Ульяновская Область,,Россия,ok
Сенной п,Краснодарский край,сенной,14.0,45.2985,36.99696,Сенной,Краснодарский край,,Россия,ok
Сенной рп,Саратовская обл,сенной,14.885080419575642,52.1509,46.96309,Сенной,Саратовская Область,,Россия,ok
Серафимович г,Волгоградская обл,серафимович,14.919502366786428,49.57572,42.73227,Серафимович,Волгоградская Область,,Россия,ok
Серафимовский с,Башкортостан Респ,серафимовский,14.924580403625177,54.42408,53.7964,Серафимовский,Башкортостан,,Россия,ok
Сергач г,Нижегородская обл,сергач,15.001511836870732,55.52771,45.45679,Сергач,Нижегородская Область,,Россия,ok
Сергиев Посад г,Московская обл,сергиев посад,15.160142157253503,56.31204,38.13869,Сергиев Посад,Московская область,,Россия,ok
Сергиевск с,Самарская обл,сергиевск,14.0,53.9431,51.16853,Сергиевск,Самарская Область,,Россия,ok
Сергиевская ст-ца,Краснодарский край,,,,,,,,,not_found
Сергиевский п,Московская обл,сергиевский,8.823244015847033,44.33749,131.66142,Сергиевский,Приморский Край,,Россия,ok
Сердобск г,Пензенская обл,сердобск,15.050925055935364,52.45861,44.21689,Сердобск,Пензенская Область,,Россия,ok
Серебрянский п,Ленинградская обл,серебрянский,14.0,58.58425,29.61735,Серебрянский,Ленинградская область,Лужский Район,Россия,ok
Серебряные Пруды пгт.,Московская обл,серебряные пруды,14.909985563880092,54.4748,38.72791,Серебряные Пруды,Московская область,,Россия,ok
Середа с,Ярославская обл,середа,14.0,58.00242,40.43947,Середа,Ярославская Область,,Россия,ok
Середка с,Псковская обл,середка,14.822282213081364,58.15838,28.18576,Серёдка,Псковская Область,,Россия,ok
Середниково с,Московская обл,середниково,14.464439089914135,55.93307,37.22451,Середниково,Московская область,,Россия,ok
Серноводск п,Самарская обл,серноводск,14.818060094759446,53.92293,51.25704,Серноводск,Самарская Область,,Россия,ok
Сернур пгт,Марий Эл Респ,сернур,14.90962754156882,56.93583,49.14923,Сернур,Марий Эл,,Россия,ok
Серов г,Свердловская обл,серов,15.149719234598123,59.59737,60.58608,Серов,Свердловская Область,,Россия,ok
Серпухов г,Московская обл,серпухов,15.176102695952515,54.9198,37.41618,Серпухов,Московская область,,Россия,ok
Сертолово г,Ленинградская обл,сертолово,15.06833398131816,60.1444,30.20165,Сертолово,Ленинградская область,,Россия,ok
Сеченово с,Нижегородская обл,сеченово,14.85471402677842,55.22448,45.88864,Сеченово,Нижегородская Область,,Россия,ok
Сеща п,Брянская обл,сеща,14.85249629286806,53.7361,33.3387,Сеща,Брянская Область,,Россия,ok
Сибай г.,Башкортостан Респ,сибай,15.10282710349513,52.71793,58.66667,Сибай,Башкортостан,,Россия,ok
Сива с,Пермский край,сива,14.846484671104404,58.38057,54.37377,Сива,Пермский край,,Россия,ok
Сиверский пгт,Ленинградская обл,сиверский,14.939905809627538,59.35444,30.07833,Сиверский,Ленинградская область,,Россия,ok
Сизый Бугор с,Астраханская обл,сизый бугор,14.7367077059881,46.21343,48.50462,Сизый Бугор,Астраханская Область,,Россия,ok
Силикатный п,Марий Эл Респ,силикатный,14.0,56.37806,48.1975,Силикатный,Марий Эл,,Россия,ok
Силикатный рп,Ульяновская обл,силикатный,14.819284713459286,53.98957,48.32749,Силикатный,Ульяновская Область,,Россия,ok
Сим г,Челябинская обл,сим,14.965713934357732,54.993,57.6982,Сим,Челябинская,,Россия,ok
Сима с,Владимирская обл,сима,14.0,56.68413,39.55289,Сима,Владимирская область,,Россия,ok
Симбухово д,Московская обл,симбухово,14.0,55.38333,36.31806,Симбухово,Московская область,,Россия,ok
Синдор пгт,Коми Респ,синдор,14.796589273508452,62.86286,51.89051,Синдор,Коми,,Россия,ok
Синегорский п,Ростовская обл,синегорский,14.880402490241318,48.01389,40.84468,Синегорский,Ростовская Область,,Россия,ok
Синьково д,Московская обл,синьково,14.55683445037611,56.38906,37.30648,Синьково,Московская область,,Россия,ok
Синявино гп,Ленинградская обл,,,,,,,,,not_found
Синявское с,Ростовская обл,синявское,14.822040309993373,47.27691,39.27843,Синявское,Ростовская Область,,Россия,ok
Сириус пгт.,Краснодарский край,сириус,14.953017496744437,43.40504,39.95963,Сириус,Краснодарский край,,Россия,ok
Скобелевка д,Пермский край,скобелевка,14.0,58.2347,56.2895,Скобелевка,Пермский край,,Россия,ok
Скопин г,Рязанская обл,скопин,15.010061561664706,53.82499,39.5531,Скопин,Рязанская Область,,Россия,ok
Скородное с,Белгородская обл,скородное,14.821012440516428,51.071,37.22756,Скородное,Белгородская Область,,Россия,ok
Скоропусковский рп,Московская обл,скоропусковский,14.860061479955531,56.36667,38.16667,Скоропусковский,Московская область,,Россия,ok
Скотное д,Ленинградская обл,скотное,14.0,60.17885,30.36746,Скотное,Ленинградская область,,Россия,ok
Скрябино д,Брянская обл,скрябино,14.0,53.13966,34.11779,Скрябино,Брянская Область,,Россия,ok
Славгород г,Алтайский край,славгород,15.04382835769407,52.99997,78.64733,Славгород,Алтайский Край,,Россия,ok
Славный пгт,Тульская обл,славный,14.75342283262741,53.54654,36.47387,Славный,Тульская Область,,Россия,ok
Славянск-на-Кубани г,Краснодарский край,,,,,,,,,not_found
Сланцы г,Ленинградская обл,сланцы,15.049709060275967,59.1179,28.08826,Сланцы,Ленинградская область,,Россия,ok
Слобода (Слободское с/п) д,Ярославская обл,,,,,,,,,not_found
Слобода д,Московская обл,слобода,8.0,55.07004,36.0579,Слобода,Калужская Область,Медынский Район,Россия,ok
Слободской г.,Кировская обл,слободской,15.038474017395975,58.73133,50.17119,Слободской,Кировская Область,,Россия,ok
Смирновка п,Московская обл,смирновка,8.0,54.39861,41.27722,Смирновка,Рязанская Область,,Россия,ok
Смоленск г,Смоленская обл,смоленск,15.270692671821784,54.77826,32.05088,Смоленск,Смоленская Область,,Россия,ok
Смоленская ст-ца,Краснодарский край,,,,,,,,,not_found
Смоленское с,Алтайский край,смоленское,14.91518634422172,52.30358,85.07597,Смоленское,Алтайский Край,,Россия,ok
Смышляевка пгт,Самарская обл,смышляевка,14.868423189134568,53.23913,50.39072,Смышляевка,Самарская Область,,Россия,ok
Снегири дп,Московская обл,,,,,,,,,not_found
Снежинск г,Челябинская обл,снежинск,15.0821516772364,56.07834,60.74785,Снежинск,Челябинская,,Россия,ok
Снежногорск г,Мурманская обл,снежногорск,14.939391114817058,69.19333,33.25314,Снежногорск,Мурманская Область,,Россия,ok
Снопок Новый п,Московская обл,снопок новый,14.687005341179812,55.77016,39.16039,Снопок Новый,Московская область,,Россия,ok
Собинка г,Владимирская обл,собинка,14.992617816245582,55.99003,40.02052,Собинка,Владимирская область,,Россия,ok
Соболево д,Московская обл,соболево,8.0,54.1888,40.0482,Соболево,Рязанская Область,,Россия,ok
Советск г,Калининградская обл,советск,15.067613883420869,55.08392,21.87851,Советск,Калининградская Область,,Россия,ok
Советск г,Кировская обл,советск,14.979087860815348,57.58937,48.95525,Советск,Кировская Область,,Россия,ok
Советск г,Тульская обл,советск,14.893022956502072,53.93601,37.62774,Советск,Тульская Область,,Россия,ok
Советская ст-ца,Краснодарский край,,,,,,,,,not_found
Советская ст-ца,Ростовская обл,,,,,,,,,not_found
Советский г,Ханты-Мансийский Автономный округ - Югра АО,советский,9.007263943528145,61.36139,63.58417,Советский,Ханты-Мансийский АО,,Россия,ok
Советский гп,Ленинградская обл,,,,,,,,,not_found
Советский пгт,Марий Эл Респ,советский,14.927565983809682,56.76209,48.47568,Советский,Марий Эл,,Россия,ok
"Совхоз ""Победа"" с",Калужская обл,,,,,,,,,not_found
Совхозный п,Свердловская обл,совхозный,14.81738574547736,56.5599,61.426,Совхозный,Свердловская Область,,Россия,ok
Сокол г,Вологодская обл,сокол,15.064958290741416,59.46167,40.12056,Сокол,Вологодская Область,,Россия,ok
Сокол п,Владимирская обл,сокол,9.095082409052244,55.8,37.51667,Сокол,Москва,,Россия,ok
Соколовское с,Краснодарский край,соколовское,14.805165955684195,45.25833,40.67972,Соколовское,Краснодарский край,,Россия,ok
Сокольское рп,Нижегородская обл,сокольское,14.877570388656777,57.13947,43.16263,Сокольское,Нижегородская Область,,Россия,ok
Сокуры с,Татарстан Респ,сокуры,14.0,55.61847,49.39946,Сокуры,Татарстан,,Россия,ok
Солдато-Александровское с,Ставропольский край,,,,,,,,,not_found
Солдатское с,Воронежская обл,солдатское,8.0,60.5,29.01667,Солдатское,Ленинградская область,,Россия,ok
Солигалич г,Костромская обл,солигалич,14.88373908555447,59.0784,42.28713,Солигалич,Костромская Область,,Россия,ok
Солидарность п,Липецкая обл,солидарность,14.0,52.59155,38.57977,Солидарность,Липецкая Область,,Россия,ok
Соликамск г,Пермский край,соликамск,15.152102259455768,59.66686,56.74267,Соликамск,Пермский край,,Россия,ok
Солнечногорск г,Московская обл,солнечногорск,15.09834605369853,56.17527,36.97082,Солнечногорск,Московская область,,Россия,ok
Солнечнодольск п,Ставропольский край,солнечнодольск,8.947799829259704,45.3179,41.5407,Солнечнодольск,Ставрополье,,Россия,ok
Солнечный п,Красноярский край,солнечный,14.0,55.28538,89.82829,Солнечный,Красноярский Край,,Россия,ok
Солнечный п,Ханты-Мансийский Автономный округ - Югра АО,солнечный,8.956296713306834,50.72498,136.63562,Солнечный,Хабаровский Край,,Россия,ok
Солнцево рп,Курская обл,солнцево,14.838366179879172,51.41552,36.75667,Солнцево,Курская Область,,Россия,ok
Солонцы п,Красноярский край,солонцы,8.0,54.25,56.86667,Солонцы,Башкортостан,,Россия,ok
Соль-Илецк г,Оренбургская обл,,,,,,,,,not_found
Сольвычегодск г,Архангельская обл,сольвычегодск,14.78103526837243,61.33046,46.91559,Сольвычегодск,Архангельская Область,,Россия,ok
Сольцы г,Новгородская обл,сольцы,14.927105910701089,58.12229,30.31831,Сольцы,Новгородская Область,,Россия,ok
Сонково пгт,Тверская обл,сонково,14.839660622842713,57.78184,37.16458,Сонково,Тверская Область,,Россия,ok
Сорочинск г.,Оренбургская обл,сорочинск,15.033305973598752,52.42882,53.15025,Сорочинск,Оренбургская Область,,Россия,ok
Сорск г,Хакасия Респ,сорск,14.947547003995744,54.00126,90.25154,Сорск,Хакасия,,Россия,ok
Сортавала г,Карелия Респ,сортавала,14.994083150567654,61.71233,30.70953,Сортавала,Карелия,,Россия,ok
Сосенский г,Калужская обл,сосенский,14.943228320271388,54.05899,35.96228,Сосенский,Калужская Область,,Россия,ok
Сосково с,Орловская обл,сосково,14.764730883235623,52.74752,35.38277,Сосково,Орловская Область,,Россия,ok
Сосновка г,Кировская обл,сосновка,14.94218161184227,56.25496,51.28419,Сосновка,Кировская Область,,Россия,ok
Сосновка п,Вологодская обл,сосновка,9.11008586132275,60.01667,30.35,Сосновка,Санкт-Петербург,,Россия,ok
Сосновка рп,Тамбовская обл,сосновка,14.92568422056276,53.23088,41.36562,Сосновка,Тамбовская Область,,Россия,ok
Сосновка с,Кемеровская область - Кузбасс обл,сосновка,9.11008586132275,60.01667,30.35,Сосновка,Санкт-Петербург,,Россия,ok
Сосновка с,Пензенская обл,сосновка,9.11008586132275,60.01667,30.35,Сосновка,Санкт-Петербург,,Россия,ok
Сосново п,Ленинградская обл,сосново,14.868676717538769,60.55145,30.21441,Сосново,Ленинградская область,,Россия,ok
Сосновоборск г,Красноярский край,сосновоборск,15.03619561584666,56.1218,93.33814,Сосновоборск,Красноярский Край,,Россия,ok
Сосновоборск рп,Пензенская обл,сосновоборск,14.889562962713647,53.29066,46.24849,Сосновоборск,Пензенская Область,,Россия,ok
Сосновское рп,Нижегородская обл,сосновское,14.901286456741056,55.80623,43.1719,Сосновское,Нижегородская Область,Сосновский Район,Россия,ok
Сосновый Бор г,Ленинградская обл,сосновый бор,15.113552289462694,59.8996,29.08574,Сосновый Бор,Ленинградская область,,Россия,ok
Сосновый Бор п,Татарстан Респ,сосновый бор,9.113552289462694,59.8996,29.08574,Сосновый Бор,Ленинградская область,,Россия,ok
Сосновый Бор рп,Псковская обл,сосновый бор,9.113552289462694,59.8996,29.08574,Сосновый Бор,Ленинградская область,,Россия,ok
Сосногорск г,Коми Респ,сосногорск,15.02868433750562,63.59669,53.89178,Сосногорск,Коми,,Россия,ok
Сосны п,Ростовская обл,сосны,14.0,48.172,40.8182,Сосны,Ростовская Область,,Россия,ok
Сосьва пгт,Свердловская обл,сосьва,14.916910162395958,59.17662,61.85579,Сосьва,Свердловская Область,,Россия,ok
Соузга с,Алтай Респ,соузга,14.709090982207998,51.88722,85.84944,Соузга,Алтай,,Россия,ok
Софрино рп,Московская обл,софрино,14.963338341235842,56.15,37.93333,Софрино,Московская область,,Россия,ok
Софрино с,Московская обл,софрино,14.963338341235842,56.15,37.93333,Софрино,Московская область,,Россия,ok
Сочи г,Краснодарский край,сочи,15.269957610311115,43.59699,39.72477,Сочи,Краснодарский край,Sochi City,Россия,ok
Спас-Деменск г,Калужская обл,,,,,,,,,not_found
Спас-Заулок с,Московская обл,,,,,,,,,not_found
Спас-Клепики г,Рязанская обл,,,,,,,,,not_found
Спасск г,Пензенская обл,спасск,14.887849740373865,53.92559,43.18394,Спасск,Пензенская Область,,Россия,ok
Спасск-Рязанский г,Рязанская обл,,,,,,,,,not_found
Спасское с,Нижегородская обл,спасское,14.830003171177957,55.85811,45.69608,Спасское,Нижегородская Область,,Россия,ok
Спасское с,Тульская обл,спасское,8.87059937143079,44.61208,132.79884,Спасское,Приморский Край,,Россия,ok
Спиридоновка с,Самарская обл,спиридоновка,14.838662882139513,53.09248,50.64621,Спиридоновка,Самарская Область,,Россия,ok
Спирово пгт.,Тверская обл,спирово,14.880101783354071,57.41963,34.98102,Спирово,Тверская Область,,Россия,ok
Спицевка с,Ставропольский край,спицевка,8.812415060330663,45.12306,42.5125,Спицевка,Ставрополье,,Россия,ok
Спутник нп,Мурманская обл,,,,,,,,,not_found
Среднеуральск г,Свердловская обл,среднеуральск,14.991195163094826,56.98921,60.46662,Среднеуральск,Свердловская Область,,Россия,ok
Средний Икорец с,Воронежская обл,средний икорец,14.809376775793108,51.06749,39.75838,Средний Икорец,Воронежская Область,,Россия,ok
Средняя Ахтуба рп,Волгоградская обл,средняя ахтуба,14.953878043690011,48.71004,44.86723,Средняя Ахтуба,Волгоградская Область,,Россия,ok
Ставрово п,Владимирская обл,ставрово,14.896482339168507,56.13311,40.01295,Ставрово,Владимирская область,,Россия,ok
Ставрополь г,Ставропольский край,ставрополь,8.0,46.61722,42.25806,Ставрополь,Ростовская Область,,Россия,ok
Становое д,Орловская обл,становое,14.0,53.10327,36.28856,Становое,Орловская Область,,Россия,ok
Становое с,Липецкая обл,становое,14.855871893824474,52.76115,38.3439,Становое,Липецкая Область,,Россия,ok
Станционно-Ояшинский рп,Новосибирская обл,,,,,,,,,not_found
Старая Вичуга п,Ивановская обл,старая вичуга,14.863052187672324,57.26833,41.87873,Старая Вичуга,Ивановская Область,,Россия,ok
Старая Кулатка рп,Ульяновская обл,старая кулатка,14.870334075304372,52.72932,47.62145,Старая Кулатка,Ульяновская Область,,Россия,ok
Старая Купавна г,Московская обл,старая купавна,15.000333288750584,55.80799,38.1805,Старая Купавна,Московская область,,Россия,ok
Старая Майна рп,Ульяновская обл,старая майна,14.884332645024228,54.60596,48.92487,Старая Майна,Ульяновская Область,,Россия,ok
Старая Рачейка с,Самарская обл,,,,,,,,,not_found
Старая Русса г,Новгородская обл,старая русса,15.044301724443049,57.99618,31.36003,Старая Русса,Новгородская Область,,Россия,ok
Старая Станица х,Ростовская обл,старая,8.8399535147948,59.92749,30.62765,Старая,Ленинградская область,,Россия,ok
Старица г,Тверская обл,старица,14.911986846881211,56.50542,34.93396,Старица,Тверская Область,,Россия,ok
Старобалтачево с,Башкортостан Респ,старобалтачево,14.86328406149422,56.0014,55.91644,Старобалтачево,Башкортостан,,Россия,ok
Старобжегокай аул,Адыгея Респ,,,,,,,,,not_found
Старовеличковская ст-ца,Краснодарский край,,,,,,,,,not_found
Стародеревянковская ст-ца,Краснодарский край,,,,,,,,,not_found
Стародуб г,Брянская обл,стародуб,14.982768583911984,52.58501,32.76314,Стародуб,Брянская Область,,Россия,ok
Стародубское с,Ставропольский край,стародубское,8.831996102188652,44.56306,44.01528,Стародубское,Ставрополье,,Россия,ok
Старое Дрожжаное с,Татарстан Респ,старое дрожжаное,14.811342663994363,54.72384,47.55652,Старое Дрожжаное,Татарстан,,Россия,ok
Старое Михайловское д,Удмуртская Респ,,,,,,,,,not_found
Старое Субханкулово с,Башкортостан Респ,,,,,,,,,not_found
Старое Шигалеево с,Татарстан Респ,старое шигалеево,14.0,55.82788,49.51023,Старое Шигалеево,Татарстан,,Россия,ok
Старожилово рп,Рязанская обл,старожилово,14.854636356871602,54.23296,39.9093,Старожилово,Рязанская Область,,Россия,ok
Старокучергановка с,Астраханская обл,старокучергановка,14.864100247714251,46.32476,47.9555,Старокучергановка,Астраханская Область,,Россия,ok
Старолеушковская ст-ца,Краснодарский край,,,,,,,,,not_found
Старомарьевка с,Ставропольский край,старомарьевка,8.0,45.09389,42.24167,Старомарьевка,Ставрополье,,Россия,ok
Староминская ст-ца,Краснодарский край,,,,,,,,,not_found
Старомышастовская ст-ца,Краснодарский край,,,,,,,,,not_found
Старонижестеблиевская ст-ца,Краснодарский край,,,,,,,,,not_found
Старосубхангулово с,Башкортостан Респ,старосубхангулово,14.83783907885358,53.10375,57.42873,Старосубхангулово,Башкортостан,,Россия,ok
Старотимошкино рп,Ульяновская обл,старотимошкино,14.830943074214034,53.71908,47.53116,Старотимошкино,Ульяновская Область,,Россия,ok
Старотитаровская ст-ца,Краснодарский край,,,,,,,,,not_found
Старошешминск с,Татарстан Респ,старошешминск,14.0,55.38004,51.24526,Старошешминск,Татарстан,,Россия,ok
Старощербиновская ст-ца,Краснодарский край,,,,,,,,,not_found
Староюрьево с,Тамбовская обл,староюрьево,14.88394216076206,53.31949,40.70227,Староюрьево,Тамбовская Область,,Россия,ok
Старые Ерыклы д,Татарстан Респ,старые ерыклы,14.0,55.6225,52.2412,Старые Ерыклы,Татарстан,,Россия,ok
Старый Городок п,Московская обл,старый городок,8.0,52.17071,32.15164,Старый Городок,Брянская Область,,Россия,ok
Старый Оскол г,Белгородская обл,старый оскол,15.233260837546728,51.3025,37.84613,Старый Оскол,Белгородская Область,,Россия,ok
Старь рп,Брянская обл,старь,14.851619269108266,53.62362,34.15183,Старь,Брянская Область,,Россия,ok
Стеклянный п,Ленинградская обл,стеклянный,8.0,54.89762,43.60232,Стеклянный,Нижегородская Область,,Россия,ok
Степанцево п,Владимирская обл,степанцево,14.791753635394365,56.13143,41.7032,Степанцево,Владимирская область,,Россия,ok
Степанщино д,Московская обл,степанщино,14.637672694789863,55.24862,38.52785,Степанщино,Московская область,,Россия,ok
Степное рп,Саратовская обл,степное,14.954938073670313,51.37985,46.84885,Степное,Саратовская Область,,Россия,ok
Степное с,Ставропольский край,степное,8.954938073670311,51.37985,46.84885,Степное,Саратовская Область,,Россия,ok
Стерлибашево с,Башкортостан Респ,стерлибашево,14.866336930157384,53.43795,55.25726,Стерлибашево,Башкортостан,,Россия,ok
Стерлитамак г,Башкортостан Респ,стерлитамак,15.249587247395295,53.63793,55.9533,Стерлитамак,Башкортостан,,Россия,ok
Стодолище п,Смоленская обл,стодолище,14.807059353994951,54.18594,32.64925,Стодолище,Смоленская Область,,Россия,ok
Столбище с,Татарстан Респ,столбище,8.0,52.589,35.2926,Столбище,Орловская Область,,Россия,ok
Сторожевая ст-ца,Карачаево-Черкесская Респ,,,,,,,,,not_found
Стрежевой г,Томская обл,стрежевой,15.07096285409093,60.7333,77.5889,Стрежевой,Томская Область,,Россия,ok
Стрелецкие Выселки с,Рязанская обл,стрелецкие выселки,14.0,54.19858,38.94938,Стрелецкие Выселки,Рязанская Область,,Россия,ok
Стрелецкое с,Белгородская обл,стрелецкое,14.0,50.73635,36.31534,Стрелецкое,Белгородская Область,,Россия,ok
Стрелица рп,Воронежская обл,стрелица,14.84684230270468,51.60538,38.90601,Стрелица,Воронежская Область,,Россия,ok
Стрелка п,Краснодарский край,стрелка,14.860043078998627,45.20633,37.2865,Стрелка,Краснодарский край,,Россия,ok
Стрельцы с,Тамбовская обл,стрельцы,14.0,52.72504,41.32036,Стрельцы,Тамбовская Область,,Россия,ok
Стрехнино с,Тюменская обл,,,,,,,,,not_found
Стрижи пгт,Кировская обл,стрижи,14.826410576372895,58.465,49.261,Стрижи,Кировская Область,,Россия,ok
Строитель г,Белгородская обл,строитель,14.983290413108069,50.78816,36.47751,Строитель,Белгородская Область,,Россия,ok
Строитель п,Тамбовская обл,строитель,8.983290413108067,50.78816,36.47751,Строитель,Белгородская Область,,Россия,ok
Стройкерамика пгт,Самарская обл,,,,,,,,,not_found
Струги Красные рп,Псковская обл,,,,,,,,,not_found
Струнино г,Владимирская обл,струнино,14.964756251169751,56.37328,38.58321,Струнино,Владимирская область,,Россия,ok
Стулово д,Кировская обл,стулово,14.815737044118675,58.7225,50.14389,Стулово,Кировская Область,,Россия,ok
Ступино г,Московская обл,ступино,15.101862914315545,54.89735,38.06796,Ступино,Московская область,,Россия,ok
Суворов г,Тульская обл,суворов,14.995513078568797,54.1223,36.49657,Суворов,Тульская Область,,Россия,ok
Суворовская ст-ца,Ставропольский край,,,,,,,,,not_found
Суда п,Вологодская обл,суда,14.862748154531037,59.15254,37.5582,Суда,Вологодская Область,,Россия,ok
Судиславль пгт,Костромская обл,судиславль,14.856350409427948,57.88201,41.70745,Судиславль,Костромская Область,,Россия,ok
Судоверфь п,Ярославская обл,судоверфь,14.775018416225784,58.11696,38.64175,Судоверфь,Ярославская Область,,Россия,ok
Судогда г,Владимирская обл,судогда,14.94938638092791,55.95171,40.87354,Судогда,Владимирская область,,Россия,ok
Суздаль г,Владимирская обл,суздаль,14.932223946447358,56.42408,40.44978,Суздаль,Владимирская область,,Россия,ok
Суземка п,Брянская обл,суземка,14.914793291184756,52.31834,34.07899,Суземка,Брянская Область,,Россия,ok
Сузун рп,Новосибирская обл,сузун,14.96399125554276,53.78457,82.31595,Сузун,Новосибирская Область,,Россия,ok
Сукко с,Краснодарский край,сукко,14.743897159239586,44.79945,37.42145,Сукко,Краснодарский край,,Россия,ok
Суксун рп,Пермский край,суксун,14.902220192986066,57.14508,57.39514,Суксун,Пермский край,,Россия,ok
Сулея рп,Челябинская обл,сулея,14.852793528794814,55.17111,58.78139,Сулея,Челябинская,,Россия,ok
Сумино п,Ленинградская обл,сумино,14.0,59.47379,29.47893,Сумино,Ленинградская область,,Россия,ok
Суна пгт,Кировская обл,суна,14.778364059622126,57.83233,50.0591,Суна,Кировская Область,,Россия,ok
Суоранда д,Ленинградская обл,суоранда,14.0,59.94427,30.61097,Суоранда,Ленинградская область,Всеволожский Район,Россия,ok
Суоярви г.,Карелия Респ,суоярви,14.929044461621784,62.08807,32.37327,Суоярви,Карелия,,Россия,ok
Супонево д,Московская обл,супонево,14.0,55.88122,37.94063,Супонево,Московская область,,Россия,ok
Супонево с,Брянская обл,супонево,14.896775912676947,53.21014,34.30708,Супонево,Брянская Область,,Россия,ok
Супсех с,Краснодарский край,супсех,14.0,44.86285,37.36629,Супсех,Краснодарский край,,Россия,ok
Сураж г,Брянская обл,сураж,14.93895738321709,53.01747,32.39178,Сураж,Брянская Область,,Россия,ok
Сургут г,Ханты-Мансийский Автономный округ - Югра АО,сургут,9.261276366856414,61.25757,73.41775,Сургут,Ханты-Мансийский АО,,Россия,ok
Сургут п,Самарская обл,сургут,14.845531778769814,53.92498,51.20348,Сургут,Самарская Область,,Россия,ok
Суроватиха п/ст,Нижегородская обл,,,,,,,,,not_found
Суровикино г,Волгоградская обл,суровикино,14.993682561214664,48.60974,42.8569,Суровикино,Волгоградская Область,,Россия,ok
Сурск г,Пензенская обл,сурск,14.893905644533405,53.07542,45.68461,Сурск,Пензенская Область,,Россия,ok
Сурское рп,Ульяновская обл,сурское,14.889904843388528,54.48042,46.72114,Сурское,Ульяновская Область,,Россия,ok
Сусанино п,Ленинградская обл,сусанино,14.0,59.49056,30.35444,Сусанино,Ленинградская область,,Россия,ok
Суслонгер пгт,Марий Эл Респ,суслонгер,14.818813341451047,56.31556,48.25306,Суслонгер,Марий Эл,,Россия,ok
Сухая Лубна с,Липецкая обл,сухая лубна,14.0,52.8004,39.3426,Сухая Лубна,Липецкая Область,,Россия,ok
Сухиничи г,Калужская обл,сухиничи,14.968663666084494,54.09989,35.34254,Сухиничи,Калужская Область,,Россия,ok
Сухово д,Кемеровская область - Кузбасс обл,сухово,8.0,55.999,59.2488,Сухово,Челябинская,,Россия,ok
Суходол пгт,Самарская обл,суходол,14.956780500402916,53.90063,51.2117,Суходол,Самарская Область,,Россия,ok
Сухой Лог г,Свердловская обл,сухой лог,15.050039912521523,56.90832,62.03433,Сухой Лог,Свердловская Область,,Россия,ok
Сухоногово п,Костромская обл,сухоногово,14.0,57.59983,41.03556,Сухоногово,Костромская Область,,Россия,ok
Сухоноска д,Нижегородская обл,сухоноска,14.0,57.02417,43.77926,Сухоноска,Нижегородская Область,,Россия,ok
Съяново-1 д,Московская обл,,,,,,,,,not_found
Сызрань г,Самарская обл,сызрань,15.215129433816475,53.1585,48.4681,Сызрань,Самарская Область,,Россия,ok
Сыктывкар г,Коми Респ,сыктывкар,15.240935628790764,61.66393,50.8163,Сыктывкар,Коми,Сыктывдинский Район,Россия,ok
Сылва п,Пермский край,сылва,14.89432449331328,58.0327,56.7713,Сылва,Пермский край,,Россия,ok
Сысерть г,Свердловская обл,сысерть,14.999620346103589,56.50171,60.81978,Сысерть,Свердловская Область,,Россия,ok
Сычевка г,Смоленская обл,сычевка,14.904911472347695,55.82956,34.27699,Сычевка,Смоленская Область,,Россия,ok
Сюмси с,Удмуртская Респ,сюмси,8.862748154531037,57.11108,51.61494,Сюмси,Удмуртия,,Россия,ok
Сямжа с,Вологодская обл,сямжа,14.825764495820822,60.01577,41.06139,Сямжа,Вологодская Область,,Россия,ok
Сяськелево д,Ленинградская обл,сяськелево,14.0,59.55306,29.84578,Сяськелево,Ленинградская область,,Россия,ok
Сясьстрой г,Ленинградская обл,сясьстрой,14.949559449935329,60.13669,32.56906,Сясьстрой,Ленинградская область,,Россия,ok
Таборы с,Свердловская обл,таборы,14.763191651307125,58.5201,64.54839,Таборы,Свердловская Область,,Россия,ok
Таватуй п,Свердловская обл,таватуй,14.63279367837292,57.1517,60.2088,Таватуй,Свердловская Область,,Россия,ok
Тавда г,Свердловская обл,тавда,15.05835748225073,58.04203,65.27165,Тавда,Свердловская Область,,Россия,ok
Таврическое рп,Омская обл,таврическое,14.94776156346503,54.58744,73.63733,Таврическое,Омская Область,,Россия,ok
Таврово с,Белгородская обл,таврово,14.0,50.51286,36.57697,Таврово,Белгородская Область,,Россия,ok
Тагай с,Ульяновская обл,тагай,14.0,54.3057,47.6339,Тагай,Ульяновская Область,,Россия,ok
Таганрог г,Ростовская обл,таганрог,15.253917134101217,47.23627,38.9053,Таганрог,Ростовская Область,,Россия,ok
Тазовский п,Ямало-Ненецкий АО,тазовский,14.869651023918989,67.4715,78.7162,Тазовский,Ямало-Ненецкий АО,,Россия,ok
Тайга г,Кемеровская область - Кузбасс обл,тайга,9.009942433341212,56.06541,85.62179,Тайга,Кузба́сс,,Россия,ok
Тайцы гп,Ленинградская обл,,,,,,,,,not_found
Талдом г,Московская обл,талдом,14.948135938353143,56.73097,37.52824,Талдом,Московская область,,Россия,ok
Талинка пгт,Ханты-Мансийский Автономный округ - Югра АО,талинка,8.811192806331073,61.55065,66.44216,Талинка,Ханты-Мансийский АО,,Россия,ok
Талица г,Свердловская обл,талица,14.9831078137018,57.01094,63.73347,Талица,Свердловская Область,,Россия,ok
Талица с,Липецкая обл,талица,8.9831078137018,57.01094,63.73347,Талица,Свердловская Область,,Россия,ok
Талицы с,Ивановская обл,талицы,14.870018119275336,56.52801,42.3323,Талицы,Ивановская Область,,Россия,ok
Таловая рп,Воронежская обл,таловая,14.950061907027523,51.11962,40.7251,Таловая,Воронежская Область,,Россия,ok
Тальменка рп,Алтайский край,тальменка,14.984697010970097,53.82146,83.57063,Тальменка,Алтайский Край,,Россия,ok
Тамала рп,Пензенская обл,тамала,14.898180732337751,52.54097,43.25145,Тамала,Пензенская Область,,Россия,ok
Тамань ст-ца,Краснодарский край,,,,,,,,,not_found
Тамбов г,Тамбовская обл,тамбов,15.259018472509103,52.73632,41.44102,Тамбов,Тамбовская Область,,Россия,ok
Таптыково с,Башкортостан Респ,таптыково,14.0,54.60576,55.78861,Таптыково,Башкортостан,,Россия,ok
Тара г,Омская обл,тара,15.020311054755556,56.89603,74.36938,Тара,Омская Область,,Россия,ok
Тарабердино с,Башкортостан Респ,тарабердино,14.0,55.08528,55.39806,Тарабердино,Башкортостан,,Россия,ok
Тарасовский п,Ростовская обл,тарасовский,14.90994088112689,48.7296,40.36392,Тарасовский,Ростовская Область,,Россия,ok
Таратино д,Владимирская обл,таратино,14.0,56.01425,39.65172,Таратино,Владимирская область,,Россия,ok
Таремское с,Нижегородская обл,таремское,14.802617019494642,55.92889,43.04433,Таремское,Нижегородская Область,,Россия,ok
Тарко-Сале г,Ямало-Ненецкий АО,,,,,,,,,not_found
Тарногский Городок с,Вологодская обл,,,,,,,,,not_found
Таруса г,Калужская обл,таруса,14.92282785171072,54.72467,37.1722,Таруса,Калужская Область,,Россия,ok
Татаново с,Тамбовская обл,татаново,14.0,52.844,41.475,Татаново,Тамбовская Область,,Россия,ok
Татарка с,Ставропольский край,татарка,8.870996000607173,44.95889,41.95171,Татарка,Ставрополье,,Россия,ok
Татарск г,Новосибирская обл,татарск,15.013265293616882,55.2213,75.98154,Татарск,Новосибирская Область,,Россия,ok
Татарская Каргала с,Оренбургская обл,,,,,,,,,not_found
Татищево рп,Саратовская обл,татищево,14.890625787815662,51.67277,45.5924,Татищево,Саратовская Область,,Россия,ok
Тахтамукай аул,Адыгея Респ,тахтамукай,14.854110501146256,44.92198,38.99486,Тахтамукай,Адыгея,,Россия,ok
Тацинская ст-ца,Ростовская обл,,,,,,,,,not_found
Ташбулатово с,Башкортостан Респ,ташбулатово,14.0,53.6227,58.7017,Ташбулатово,Башкортостан,,Россия,ok
Таширово д,Московская обл,таширово,14.0,55.42119,36.65489,Таширово,Московская область,,Россия,ok
Ташла с,Оренбургская обл,ташла,14.880267284031282,51.77191,52.74104,Ташла,Оренбургская Область,,Россия,ok
Таштагол г,Кемеровская область - Кузбасс обл,таштагол,9.003363823700116,52.76797,87.88803,Таштагол,Кузба́сс,,Россия,ok
Таштып с,Хакасия Респ,таштып,14.876092337633883,52.79936,89.89352,Таштып,Хакасия,,Россия,ok
Тбилисская ст-ца,Краснодарский край,,,,,,,,,not_found
Тверь г,Тверская обл,тверь,15.294816712077104,56.85836,35.90057,Тверь,Тверская Область,,Россия,ok
Тегульдет с,Томская обл,тегульдет,14.847657950853094,57.30584,88.164,Тегульдет,Томская Область,,Россия,ok
Тейково г,Ивановская обл,тейково,15.04917185631465,56.85853,40.54028,Тейково,Ивановская Область,,Россия,ok
Тельмана г.,Ленинградская обл,,,,,,,,,not_found
Темерницкий п,Ростовская обл,,,,,,,,,not_found
Темижбекская ст-ца,Краснодарский край,,,,,,,,,not_found
Темиргоевская ст-ца,Краснодарский край,,,,,,,,,not_found
Темиртау пгт,Кемеровская область - Кузбасс обл,темиртау,8.846041117731726,53.1377,87.4538,Темиртау,Кузба́сс,,Россия,ok
Темкино с,Смоленская обл,темкино,14.78984110928116,55.10917,35.01389,Тёмкино,Смоленская Область,,Россия,ok
Темников г,Мордовия Респ,темников,14.901833204959267,54.63059,43.21918,Темников,Мордовия,,Россия,ok
Темрюк г,Краснодарский край,темрюк,15.050635438246587,45.26885,37.39752,Темрюк,Краснодарский край,,Россия,ok
Тенгинка с,Краснодарский край,тенгинка,14.0,44.32583,38.78333,Тенгинка,Краснодарский край,,Россия,ok
Теньгушево с,Мордовия Респ,теньгушево,14.835042997353812,54.76878,42.72005,Теньгушево,Мордовия,,Россия,ok
Теньки с,Татарстан Респ,теньки,14.0,55.436,48.98033,Теньки,Татарстан,,Россия,ok
Тепловка с,Саратовская обл,тепловка,14.0,52.06915,46.12979,Тепловка,Саратовская Область,,Россия,ok
Теплое рп,Тульская обл,теплое,14.854675199365778,53.61691,37.5887,Теплое,Тульская Область,,Россия,ok
Тербуны с,Липецкая обл,тербуны,14.88446246833853,52.14526,38.28114,Тербуны,Липецкая Область,,Россия,ok
Терволово п,Ленинградская обл,,,,,,,,,not_found
Теренино д,Московская обл,теренино,14.0,56.2651,36.4411,Теренино,Московская область,,Россия,ok
Терентьевское с,Кемеровская область - Кузбасс обл,терентьевское,8.0,54.0967,86.9495,Терентьевское,Кузба́сс,,Россия,ok
Тереньга рп,Ульяновская обл,тереньга,14.854578064826814,53.71614,48.36916,Тереньга,Ульяновская Область,,Россия,ok
Терновка с,Воронежская обл,терновка,14.845616848957846,51.678,41.60047,Терновка,Воронежская Область,,Россия,ok
Тетюши г,Татарстан Респ,тетюши,14.937814033225113,54.93768,48.83267,Тетюши,Татарстан,,Россия,ok
Тетюшское с,Ульяновская обл,тетюшское,14.0,54.31525,48.02422,Тетюшское,Ульяновская Область,,Россия,ok
Тим рп,Курская обл,тим,14.820903626577508,51.62576,37.12733,Тим,Курская Область,,Россия,ok
Тимашево с,Самарская обл,тимашево,14.0,53.34828,51.17431,Тимашево,Самарская Область,,Россия,ok
Тимашевск г,Краснодарский край,тимашевск,15.08956461356394,45.61694,38.94528,Тимашёвск,Краснодарский край,,Россия,ok
Тимирязевский п,Ульяновская обл,тимирязевский,8.0,43.85526,131.95795,Тимирязевский,Приморский Край,,Россия,ok
Тимирязевский п,Челябинская обл,тимирязевский,8.0,43.85526,131.95795,Тимирязевский,Приморский Край,,Россия,ok
Тимофеевка с,Самарская обл,тимофеевка,14.0,53.5635,49.3982,Тимофеевка,Самарская Область,,Россия,ok
Тисуль пгт,Кемеровская область - Кузбасс обл,тисуль,8.913237883050646,55.75739,88.31053,Тисуль,Кузба́сс,,Россия,ok
Тихвин г,Ленинградская обл,тихвин,15.103611471979152,59.63924,33.52555,Тихвин,Ленинградская область,,Россия,ok
Тихорецк г,Краснодарский край,тихорецк,15.107268255932611,45.85307,40.11874,Тихорецк,Краснодарский край,,Россия,ok
Тлюстенхабль пгт,Адыгея Респ,тлюстенхабль,14.851016857647927,44.982,39.09773,Тлюстенхабль,Адыгея,,Россия,ok
Тобольск г,Тюменская обл,тобольск,9.164220658798198,58.19807,68.25457,Тобольск,Тюмень,,Россия,ok
Товарково п,Калужская обл,товарково,14.95258078304359,54.67617,35.9386,Товарково,Калужская Область,,Россия,ok
Товарковский п,Тульская обл,,,,,,,,,not_found
Тогур с,Томская обл,тогур,14.90410929746695,58.3631,82.8265,Тогур,Томская Область,,Россия,ok
Тогучин г,Новосибирская обл,тогучин,14.999364813224409,55.238,84.40282,Тогучин,Новосибирская Область,,Россия,ok
Токаревка рп,Тамбовская обл,токаревка,14.8774776816044,52.00014,41.14972,Токарёвка,Тамбовская Область,,Россия,ok
Токарёвка рп,Тамбовская обл,токаревка,14.8774776816044,52.00014,41.14972,Токарёвка,Тамбовская Область,,Россия,ok
Токсово гп,Ленинградская обл,,,,,,,,,not_found
Толбазы с,Башкортостан Респ,толбазы,14.922857314023725,54.01106,55.88688,Толбазы,Башкортостан,,Россия,ok
Толмачево с,Брянская обл,толмачево,8.827435700675629,54.9824,82.7363,Толмачево,Новосибирская Область,,Россия,ok
Толмачево с,Новосибирская обл,толмачево,14.827435700675627,54.9824,82.7363,Толмачево,Новосибирская Область,,Россия,ok
Тольятти г,Самарская обл,тольятти,15.34629414592096,53.5303,49.3461,Тольятти,Самарская Область,,Россия,ok
Томаровка п,Белгородская обл,томаровка,14.897676762517143,50.68337,36.23443,Томаровка,Белгородская Область,,Россия,ok
Томилино пгт.,Московская обл,томилино,15.025100570068943,55.65619,37.94713,Томилино,Московская область,,Россия,ok
Томилино рп,Московская обл,томилино,15.025100570068943,55.65619,37.94713,Томилино,Московская область,,Россия,ok
Томск г,Томская обл,томск,15.326038990176889,56.50049,84.98216,Томск,Томская Область,То́мский райо́н,Россия,ok
Тонкино рп,Нижегородская обл,тонкино,14.8595449689382,57.37138,46.45823,Тонкино,Нижегородская Область,,Россия,ok
Тоновка п,Тамбовская обл,,,,,,,,,not_found
Тоншаево рп,Нижегородская обл,тоншаево,14.842836197770962,57.73622,47.01226,Тоншаево,Нижегородская Область,,Россия,ok
Тоншалово п,Вологодская обл,тоншалово,14.84151604658511,59.19483,37.94746,Тоншалово,Вологодская Область,,Россия,ok
Топки г,Кемеровская область - Кузбасс обл,топки,9.03278725454968,55.27705,85.6135,Топки,Кузба́сс,,Россия,ok
Топки с,Кемеровская область - Кузбасс обл,топки,9.03278725454968,55.27705,85.6135,Топки,Кузба́сс,,Россия,ok
Топчиха с,Алтайский край,топчиха,14.913798470978405,52.82207,83.12082,Топчиха,Алтайский Край,,Россия,ok
Торбеево рп,Мордовия Респ,торбеево,14.91203062492722,54.07743,43.24993,Торбеево,Мордовия,,Россия,ok
Торжок г,Тверская обл,торжок,15.079028767984322,57.0436,34.96221,Торжок,Тверская Область,,Россия,ok
Торопец г,Тверская обл,торопец,14.95601518158935,56.49954,31.6392,Торопец,Тверская Область,,Россия,ok
Тосно г,Ленинградская обл,тосно,15.06015973986758,59.54,30.8775,Тосно,Ленинградская область,,Россия,ok
Тотьма г,Вологодская обл,тотьма,14.9259225769706,59.97375,42.76487,Тотьма,Вологодская Область,,Россия,ok
Тоцкое Второе с,Оренбургская обл,тоцкое второе,14.0,52.5416,52.8294,Тоцкое Второе,Оренбургская Область,,Россия,ok
Тоцкое с,Оренбургская обл,тоцкое,14.887654455055838,52.52784,52.74648,Тоцкое,Оренбургская Область,,Россия,ok
Травники с,Челябинская обл,травники,14.0,54.90778,60.55889,Травники,Челябинская,,Россия,ok
Трехгорный г,Челябинская обл,трехгорный,15.044874358810665,54.81716,58.44753,Трёхгорный,Челябинская,,Россия,ok
Три Протока с,Астраханская обл,три протока,14.0,46.32525,48.12409,Три Протока,Астраханская Область,,Россия,ok
Троекурово с,Липецкая обл,троекурово,14.0,53.41666,39.71652,Троекурово,Липецкая Область,,Россия,ok
Троицк г,Челябинская обл,троицк,15.131860015048456,54.09224,61.56756,Троицк,Челябинская,,Россия,ok
Троицк с,Мордовия Респ,троицк,14.0,54.09013,43.82312,Троицк,Мордовия,,Россия,ok
Троицкая ст-ца,Краснодарский край,,,,,,,,,not_found
Троицкие Озерки с,Московская обл,,,,,,,,,not_found
Троицкий п,Белгородская обл,троицкий,14.873825457652613,51.35885,37.5253,Троицкий,Белгородская Область,,Россия,ok
Троицкий п,Свердловская обл,троицкий,14.93130774494273,57.06028,63.74811,Троицкий,Свердловская Область,,Россия,ok
Троицко-Печорск пгт,Коми Респ,,,,,,,,,not_found
Троицкое с,Алтайский край,троицкое,14.92954165443313,52.9826,84.68031,Троицкое,Алтайский Край,,Россия,ok
Троицкое с,Липецкая обл,троицкое,8.92954165443313,52.9826,84.68031,Троицкое,Алтайский Край,,Россия,ok
Троицкое с,Омская обл,троицкое,8.92954165443313,52.9826,84.68031,Троицкое,Алтайский Край,,Россия,ok
Троицкое с,Ростовская обл,троицкое,8.92954165443313,52.9826,84.68031,Троицкое,Алтайский Край,,Россия,ok
Троицкое с,Свердловская обл,троицкое,8.92954165443313,52.9826,84.68031,Троицкое,Алтайский Край,,Россия,ok
Тросна с,Орловская обл,тросна,14.78739783796045,52.44482,35.78014,Тросна,Орловская Область,,Россия,ok
Трубичино д,Новгородская обл,трубичино,14.0,57.6715,31.1285,Трубичино,Новгородская Область,,Россия,ok
Трубчевск г,Брянская обл,трубчевск,14.968663666084494,52.58031,33.76574,Трубчевск,Брянская Область,,Россия,ok
Трудобеликовский х,Краснодарский край,трудобеликовский,14.91065342032506,45.26853,38.15376,Трудобеликовский,Краснодарский край,,Россия,ok
Труновское с,Ставропольский край,труновское,8.877338459677665,45.48778,42.13583,Труновское,Ставрополье,,Россия,ok
Туапсе г,Краснодарский край,туапсе,15.107030351246571,44.10083,39.08326,Туапсе,Краснодарский край,Туапсинский Район,Россия,ok
Туголесский Бор п,Московская обл,туголесский бор,14.770436116791032,55.55051,39.82422,Туголесский Бор,Московская область,,Россия,ok
Тугулым пгт,Свердловская обл,тугулым,14.87225800211412,57.05863,64.64702,Тугулым,Свердловская Область,,Россия,ok
Тугулым рп,Свердловская обл,тугулым,14.87225800211412,57.05863,64.64702,Тугулым,Свердловская Область,,Россия,ok
Тужа пгт,Кировская обл,тужа,14.85177930114882,57.60638,47.93533,Тужа,Кировская Область,,Россия,ok
Туймазы г,Башкортостан Респ,туймазы,15.11393949753924,54.60638,53.71179,Туймазы,Башкортостан,,Россия,ok
Тула г,Тульская обл,тула,15.308751102903711,54.19609,37.61822,Тула,Тульская Область,,Россия,ok
Тулома с,Мурманская обл,тулома,14.0,68.81644,32.68724,Тулома,Мурманская Область,,Россия,ok
Тульский п,Адыгея Респ,тульский,14.0,44.51665,40.17725,Тульский,Адыгея,,Россия,ok
Тума рп,Рязанская обл,тума,14.8769196271411,55.14798,40.55374,Тума,Рязанская Область,,Россия,ok
Тумботино рп,Нижегородская обл,тумботино,14.882350072799118,55.99926,43.02359,Тумботино,Нижегородская Область,Павловский Район,Россия,ok
Туношна с,Ярославская обл,туношна,14.805610965954504,57.54589,40.12543,Туношна,Ярославская Область,,Россия,ok
Тургенево рп,Мордовия Респ,тургенево,14.855043452519604,54.84555,46.32968,Тургенево,Мордовия,Ардатовский Район,Россия,ok
Туринск г,Свердловская обл,туринск,14.982854846587164,58.04575,63.69605,Туринск,Свердловская Область,,Россия,ok
Туринская Слобода с,Свердловская обл,туринская слобода,14.870350676947972,57.62125,64.38252,Туринская Слобода,Свердловская Область,,Россия,ok
Турки рп,Саратовская обл,турки,14.88279079629786,51.98692,43.27482,Турки,Саратовская Область,,Россия,ok
Турлатово д,Рязанская обл,турлатово,14.0,54.5499,39.8227,Турлатово,Рязанская Область,,Россия,ok
Турово с,Московская обл,турово,14.0,54.87582,37.82702,Турово,Московская область,,Россия,ok
Туртас п,Тюменская обл,туртас,8.852734152246805,58.93867,69.13393,Туртас,Тюмень,,Россия,ok
Тутаев г.,Ярославская обл,тутаев,15.068805097772936,57.87292,39.52969,Тутаев,Ярославская Область,,Россия,ok
Тырныауз г,Кабардино-Балкарская Респ,тырныауз,8.990872381933137,43.38278,42.91833,Тырныауз,Кабардино-Балкария,,Россия,ok
Тюкалинск г,Омская обл,тюкалинск,14.938731432244357,55.87245,72.19796,Тюкалинск,Омская Область,,Россия,ok
Тюльган п,Оренбургская обл,тюльган,14.923024103368252,52.34127,56.16157,Тюльган,Оренбургская Область,,Россия,ok
Тюлячи с,Татарстан Респ,тюлячи,14.798956044933387,55.88889,50.23416,Тюлячи,Татарстан,,Россия,ok
Тюмень г,Тюменская обл,тюмень,9.355201235082674,57.15222,65.52722,Тюмень,Тюмень,,Россия,ok
Тюменяк с,Башкортостан Респ,тюменяк,14.0,54.6832,53.7912,Тюменяк,Башкортостан,,Россия,ok
Тюнево с,Тюменская обл,тюнево,8.0,57.39032,65.69738,Тюнево,Тюмень,,Россия,ok
Тяжинский пгт,Кемеровская область - Кузбасс обл,тяжинский,8.952639121847842,56.11028,88.51904,Тяжинский,Кузба́сс,,Россия,ok
Тямша д,Псковская обл,тямша,14.0,57.7439,28.1494,Тямша,Псковская Область,,Россия,ok
Тёсово-Нетыльский п,Новгородская обл,,,,,,,,,not_found
Убинское с,Новосибирская обл,убинское,14.867982211486446,55.30713,79.68169,Убинское,Новосибирская Область,,Россия,ok
Ува п,Удмуртская Респ,ува,8.98597446295882,56.99081,52.18517,Ува,Удмуртия,,Россия,ok
Уварово г,Тамбовская обл,уварово,15.026715797098724,51.982,42.26175,Уварово,Тамбовская Область,,Россия,ok
Уват с,Тюменская обл,уват,8.842989086301344,59.14227,68.88881,Уват,Тюмень,,Россия,ok
Увельский п,Челябинская обл,увельский,14.93320268902328,54.44321,61.35548,Увельский,Челябинская,,Россия,ok
Углегорский п,Ростовская обл,углегорский,14.781843027207064,48.24274,41.2531,Углегорский,Ростовская Область,,Россия,ok
Углич г,Ярославская обл,углич,15.053829032212183,57.52322,38.32258,Углич,Ярославская Область,,Россия,ok
Угловка рп,Новгородская обл,угловка,14.815277405274408,58.23917,33.51083,Угловка,Новгородская Область,,Россия,ok
Углово п,Ленинградская обл,углово,14.0,60.06779,30.732,Углово,Ленинградская область,,Россия,ok
Углянец с,Воронежская обл,углянец,14.820193435119425,51.8205,39.5955,Углянец,Воронежская Область,,Россия,ok
Угра с,Смоленская обл,угра,14.845998771764544,54.77775,34.32674,Угра,Смоленская Область,,Россия,ok
Удомля г,Тверская обл,удомля,15.03851109104939,57.87597,35.00702,Удомля,Тверская Область,,Россия,ok
Ужовка п,Нижегородская обл,ужовка,14.0,54.79421,44.92455,Ужовка,Нижегородская Область,,Россия,ok
Ужур г,Красноярский край,ужур,14.965745912868446,55.3175,89.83129,Ужур,Красноярский Край,,Россия,ok
Узловая г,Тульская обл,узловая,15.097608093280565,53.9839,38.15984,Узловая,Тульская Область,,Россия,ok
Узюково с,Самарская обл,узюково,14.0,53.6397,49.6897,Узюково,Самарская Область,,Россия,ok
Уинское с,Пермский край,уинское,14.83758600152996,56.88085,56.58056,Уинское,Пермский край,,Россия,ok
Уйское с,Челябинская обл,уйское,14.894494150776486,54.3775,60.00472,Уйское,Челябинская,Уйский Район,Россия,ok
Улитино д,Московская обл,улитино,8.0,62.97202,39.32383,Улитино,Архангельская Область,,Россия,ok
Улу-Теляк с,Башкортостан Респ,,,,,,,,,not_found
Улукулево д,Башкортостан Респ,улукулево,14.8422222953825,54.4355,56.3221,Улукулево,Башкортостан,,Россия,ok
Ульяновка гп,Ленинградская обл,,,,,,,,,not_found
Ульяново с,Калужская обл,ульяново,14.0,53.72306,35.535,Ульяново,Калужская Область,,Россия,ok
Ульяново с,Нижегородская обл,ульяново,14.0,55.04799,44.39986,Ульяново,Нижегородская Область,,Россия,ok
Ульяновск г,Ульяновская обл,ульяновск,15.334796949411391,54.32824,48.38657,Ульяновск,Ульяновская Область,Ульяновский район,Россия,ok
Умба пгт,Мурманская обл,умба,14.872078688348571,66.68706,34.34291,Умба,Мурманская Область,,Россия,ok
Умет рп,Мордовия Респ,умет,14.800670084544036,54.11611,42.6975,Умёт,Мордовия,,Россия,ok
Умет рп,Тамбовская обл,умет,14.0,52.5628,42.97214,Умет,Тамбовская Область,,Россия,ok
Ундоры с,Ульяновская обл,ундоры,14.812474302038556,54.60849,48.39276,Ундоры,Ульяновская Область,,Россия,ok
Унеча г,Брянская обл,унеча,15.027605060930169,52.84294,32.68761,Унеча,Брянская Область,,Россия,ok
Уни пгт,Кировская обл,уни,14.84696822087452,57.75545,51.48927,Уни,Кировская Область,,Россия,ok
Уразовка с,Нижегородская обл,уразовка,14.754168309988213,55.40068,45.61552,Уразовка,Нижегородская Область,,Россия,ok
Уразово пгт,Белгородская обл,уразово,14.884893999503012,50.0836,38.0395,Уразово,Белгородская Область,,Россия,ok
Урай г,Ханты-Мансийский Автономный округ - Югра АО,урай,9.059360514853571,60.13044,64.78896,Урай,Ханты-Мансийский АО,,Россия,ok
Уральский рп,Пермский край,уральский,14.879890749208824,57.9349,55.5513,Уральский,Пермский край,,Россия,ok
Урдома рп,Архангельская обл,урдома,14.840312823512829,61.75335,48.5442,Урдома,Архангельская Область,,Россия,ok
Урень г,Нижегородская обл,урень,14.94181672191785,57.46125,45.78558,Урень,Нижегородская Область,,Россия,ok
Уржум г,Кировская обл,уржум,14.933556233672956,57.11442,49.99925,Уржум,Кировская Область,,Россия,ok
Урмаево с,Чувашская Республика - Чувашия,урмаево,8.0,55.72337,46.73797,Урмаево,Чувашия,,Россия,ok
Урмары пгт,Чувашская Республика - Чувашия,урмары,8.874145611599836,55.67894,47.94396,Урмары,Чувашия,,Россия,ok
Урняк п,Татарстан Респ,урняк,14.0,56.30455,49.90762,Урняк,Татарстан,,Россия,ok
Уруссу пгт,Татарстан Респ,уруссу,14.933078652505204,54.59701,53.45625,Уруссу,Татарстан,,Россия,ok
Уршельский п,Владимирская обл,уршельский,14.84519077247176,55.67833,40.21692,Уршельский,Владимирская область,,Россия,ok
Урюпинск г,Волгоградская обл,урюпинск,15.063693659236945,50.806,42.00923,Урюпинск,Волгоградская Область,,Россия,ok
Усады с,Татарстан Респ,усады,14.0,55.99319,49.30537,Усады,Татарстан,,Россия,ok
Усвяты п,Псковская обл,усвяты,14.80264969389454,55.74283,30.75194,Усвяты,Псковская Область,,Россия,ok
Усинск г,Коми Респ,усинск,15.069373875754405,66.00866,57.53054,Усинск,Коми,,Россия,ok
Усинское с,Самарская обл,усинское,14.0,53.325,48.69278,Усинское,Самарская Область,,Россия,ok
Усмань г,Липецкая обл,усмань,14.989902762181403,52.04479,39.72569,Усмань,Липецкая Область,,Россия,ok
Усогорск пгт,Коми Респ,усогорск,14.857715877258368,63.41064,48.68722,Усогорск,Коми,,Россия,ok
Усолье г,Пермский край,усолье,14.85943394005929,59.42209,56.68413,Усолье,Пермский край,,Россия,ok
Усолье-Сибирское г,Иркутская обл,,,,,,,,,not_found
Успенская ст-ца,Краснодарский край,,,,,,,,,not_found
Успенское с,Краснодарский край,успенское,8.0,53.32385,44.40375,Успенское,Пензенская Область,,Россия,ok
Успенское с,Московская обл,успенское,14.0,55.71691,37.06755,Успенское,Московская область,,Россия,ok
Усть-Абакан рп,Хакасия Респ,,,,,,,,,not_found
Усть-Джегута г,Карачаево-Черкесская Респ,,,,,,,,,not_found
Усть-Донецкий рп,Ростовская обл,,,,,,,,,not_found
Усть-Заостровка с,Омская обл,,,,,,,,,not_found
Усть-Калманка с,Алтайский край,,,,,,,,,not_found
Усть-Катав г,Челябинская обл,,,,,,,,,not_found
Усть-Качка с,Пермский край,,,,,,,,,not_found
Усть-Кишерть с,Пермский край,,,,,,,,,not_found
Усть-Кулом с,Коми Респ,,,,,,,,,not_found
Усть-Лабинск г,Краснодарский край,,,,,,,,,not_found
Усть-Луга п,Ленинградская обл,,,,,,,,,not_found
Усть-Цильма с,Коми Респ,,,,,,,,,not_found
Устье с,Вологодская обл,устье,14.833134542484572,59.63043,39.73596,Устье,Вологодская Область,,Россия,ok
Устьинский п,Тамбовская обл,,,,,,,,,not_found
Устюжна г,Вологодская обл,устюжна,14.926549121644102,58.8394,36.4321,Устюжна,Вологодская Область,,Россия,ok
Утевка с,Самарская обл,утевка,14.842441979126388,52.9035,50.9495,Утевка,Самарская Область,,Россия,ok
Уфа г,Башкортостан Респ,уфа,15.392932840932431,54.74306,55.96779,Уфа,Башкортостан,,Россия,ok
Ухолово рп,Рязанская обл,ухолово,14.862317351495347,53.79212,40.48658,Ухолово,Рязанская Область,,Россия,ok
Ухта г,Коми Респ,ухта,15.15345695330281,63.56904,53.69141,Ухта,Коми,,Россия,ok
Ухтинка с,Пензенская обл,ухтинка,14.0,53.2752,45.0127,Ухтинка,Пензенская Область,,Россия,ok
Учалы г,Башкортостан Респ,учалы,15.053977333396642,54.35806,59.43611,Учалы,Башкортостан,,Россия,ok
Учалы с,Башкортостан Респ,учалы,15.053977333396642,54.35806,59.43611,Учалы,Башкортостан,,Россия,ok
Ушаки п,Ленинградская обл,ушаки,14.0,59.48333,30.98333,Ушаки,Ленинградская область,,Россия,ok
Уяр г,Красноярский край,уяр,14.948554492291684,55.81473,94.32718,Уяр,Красноярский Край,,Россия,ok
Фабрики им П.Л.Войкова п,Владимирская обл,,,,,,,,,not_found
Фаленки пгт,Кировская обл,фаленки,14.85762165318657,58.36127,51.59461,Фалёнки,Кировская Область,,Россия,ok
Фалилеево д,Ленинградская обл,фалилеево,14.0,59.53643,28.93229,Фалилеево,Ленинградская область,,Россия,ok
Фастовецкая ст-ца,Краснодарский край,,,,,,,,,not_found
Фатеево д,Московская обл,фатеево,14.0,55.74882,38.64481,Фатеево,Московская область,,Россия,ok
Фатеж г,Курская обл,фатеж,14.86522484224091,52.08972,35.85906,Фатеж,Курская Область,,Россия,ok
Фаустово с,Московская обл,фаустово,14.0,55.43785,38.48329,Фаустово,Московская область,,Россия,ok
Фащевка с,Липецкая обл,фащевка,14.0,52.45544,39.71114,Фащевка,Липецкая Область,,Россия,ok
Федоровка с,Башкортостан Респ,федоровка,14.0,53.17896,55.18559,Федоровка,Башкортостан,,Россия,ok
Федоровский пгт,Ханты-Мансийский Автономный округ - Югра АО,федоровский,9.005946513399048,61.6063,73.71415,Федоровский,Ханты-Мансийский АО,,Россия,ok
Федорцово д,Московская обл,,,,,,,,,not_found
Федосеевка с,Белгородская обл,федосеевка,14.0,51.35306,37.79528,Федосеевка,Белгородская Область,,Россия,ok
Федотово п,Вологодская обл,федотово,14.0,60.09962,42.80178,Федотово,Вологодская Область,,Россия,ok
Ферзиково п,Калужская обл,ферзиково,14.83767810376995,54.51913,36.75671,Ферзиково,Калужская Область,,Россия,ok
Ферма п,Пермский край,ферма,14.81324126745009,57.9016,56.3064,Ферма,Пермский край,,Россия,ok
Фершампенуаз с,Челябинская обл,фершампенуаз,14.839026849784258,53.52356,59.81844,Фершампенуаз,Челябинская,Нагайбакский Район,Россия,ok
Филипповка с,Пермский край,филипповка,14.761134771740362,57.4373,57.01934,Филипповка,Пермский край,,Россия,ok
Филипповское с,Владимирская обл,филипповское,14.0,56.1,38.61667,Филипповское,Владимирская область,,Россия,ok
Фирово пгт,Тверская обл,фирово,14.791826468609528,57.48135,33.70211,Фирово,Тверская Область,,Россия,ok
Фирсово с,Алтайский край,фирсово,14.64861607889441,53.3175,83.95361,Фирсово,Алтайский Край,,Россия,ok
Фокино г,Брянская обл,фокино,14.0,53.45472,34.41345,Фокино,Брянская Область,,Россия,ok
Форносово гп,Ленинградская обл,,,,,,,,,not_found
Фосфоритный рп,Московская обл,фосфоритный,14.833302993974293,55.32892,38.89509,Фосфоритный,Московская область,,Россия,ok
Фролово г,Волгоградская обл,фролово,15.061846960770358,49.7688,43.65417,Фролово,Волгоградская Область,,Россия,ok
Фролово д,Рязанская обл,фролово,9.061846960770358,49.7688,43.65417,Фролово,Волгоградская Область,,Россия,ok
Фролы с,Пермский край,фролы,14.802224091680651,57.9214,56.2728,Фролы,Пермский край,,Россия,ok
Фрязино г,Московская обл,фрязино,15.08639099957702,55.96131,38.04643,Фрязино,Московская область,,Россия,ok
Фурманов г,Ивановская обл,фурманов,15.055531782445936,57.25417,41.11122,Фурманов,Ивановская Область,,Россия,ok
Фёдоровское гп,Ленинградская обл,,,,,,,,,not_found
Хабары с,Алтайский край,хабары,14.868202943386915,53.62663,79.53657,Хабары,Алтайский Край,,Россия,ok
Хадыженск г,Краснодарский край,хадыженск,14.998442217003213,44.4258,39.5362,Хадыженск,Краснодарский край,,Россия,ok
Хакуринохабль аул,Адыгея Респ,,,,,,,,,not_found
Ханты-Мансийск г,Ханты-Мансийский Автономный округ - Югра АО,,,,,,,,,not_found
Хапо-Ое д,Ленинградская обл,,,,,,,,,not_found
Харабали г,Астраханская обл,харабали,14.981049468568695,47.40769,47.25391,Харабали,Астраханская Область,,Россия,ok
Харлово д,Архангельская обл,харлово,14.0,64.1846,41.6557,Харлово,Архангельская Область,,Россия,ok
Харовск г,Вологодская обл,харовск,14.93161407908624,59.96425,40.19121,Харовск,Вологодская Область,,Россия,ok
Хатукай аул,Адыгея Респ,хатукай,14.842046200245647,45.19074,39.6632,Хатукай,Адыгея,,Россия,ok
Хвалынск г,Саратовская обл,хвалынск,14.95058417934801,52.49114,48.10606,Хвалынск,Саратовская Область,,Россия,ok
Хвастовичи с,Калужская обл,хвастовичи,14.842200300441249,53.46814,35.09294,Хвастовичи,Калужская Область,,Россия,ok
Хвойная рп,Новгородская обл,хвойная,14.880056599227991,58.89665,34.512,Хвойная,Новгородская Область,,Россия,ok
Хворостянка с,Самарская обл,хворостянка,14.849699048409873,52.61127,48.96008,Хворостянка,Самарская Область,,Россия,ok
Хвощевка с,Нижегородская обл,хвощевка,14.0,55.89487,43.55375,Хвощевка,Нижегородская Область,,Россия,ok
Химки г,Московская обл,химки,15.238826086010112,55.9001,37.42848,Химки,Московская область,Городской округ Химки,Россия,ok
Хиславичи пгт,Смоленская обл,хиславичи,14.84111657867707,54.18714,32.15817,Хиславичи,Смоленская Область,,Россия,ok
Хлевное с,Липецкая обл,хлевное,14.872436994920836,52.19472,39.08909,Хлевное,Липецкая Область,,Россия,ok
Хмелинец д,Липецкая обл,хмелинец,14.0,52.65413,38.43709,Хмелинец,Липецкая Область,,Россия,ok
Хоботово п,Тамбовская обл,хоботово,14.0,53.0672,40.386,Хоботово,Тамбовская Область,,Россия,ok
Холм г,Новгородская обл,холм,14.83497208374725,59.26667,32.85,Холм,Новгородская Область,,Россия,ok
Холм-Жирковский пгт,Смоленская обл,холм жирковский,14.822335889947926,55.511,33.48667,Холм Жирковский,Смоленская Область,,Россия,ok
Холмогоры с,Архангельская обл,холмогоры,14.839344238398006,64.22814,41.65109,Холмогоры,Архангельская Область,,Россия,ok
Холмская ст-ца,Краснодарский край,,,,,,,,,not_found
Хомутовка рп,Курская обл,хомутовка,14.850451313825886,51.9207,34.5619,Хомутовка,Курская Область,,Россия,ok
Хомутово пгт,Орловская обл,хомутово,14.844419229853177,52.85219,37.4408,Хомутово,Орловская Область,,Россия,ok
Хорлово рп,Московская обл,хорлово,14.825660734462616,55.3327,38.81365,Хорлово,Московская область,,Россия,ok
Хотеичи с,Московская обл,хотеичи,14.0,55.50428,38.78038,Хотеичи,Московская область,,Россия,ok
Хотынец пгт,Орловская обл,хотынец,14.83387839714422,53.1286,35.3966,Хотынец,Орловская Область,,Россия,ok
Хотьково г,Московская обл,хотьково,14.994621173674592,56.25699,37.99544,Хотьково,Московская область,,Россия,ok
Хохлово п,Вологодская обл,хохлово,14.78156105320352,59.14923,37.39978,Хохлово,Вологодская Область,,Россия,ok
Хохол с,Воронежская обл,хохол,14.0,51.5694,38.7577,Хохол,Воронежская Область,,Россия,ok
Хохольский рп,Воронежская обл,хохольский,14.898268666518408,51.56955,38.77088,Хохольский,Воронежская Область,,Россия,ok
Хохряки д,Удмуртская Респ,хохряки,8.817329343896622,56.91561,53.3221,Хохряки,Удмуртия,,Россия,ok
Хреновое с,Воронежская обл,хреновое,14.860831278478372,51.1183,40.2904,Хреновое,Воронежская Область,,Россия,ok
Хрящевка с,Самарская обл,хрящевка,14.807433769408952,53.8119,49.0916,Хрящевка,Самарская Область,,Россия,ok
Цвылево п,Ленинградская обл,цвылево,14.0,59.65572,33.20722,Цвылево,Ленинградская область,,Россия,ok
Целина п,Ростовская обл,целина,14.931253588429083,46.53421,41.03158,Целина,Ростовская Область,,Россия,ok
Целинное с,Курганская обл,целинное,14.865032450401944,54.5039,63.67647,Целинное,Курганская Область,,Россия,ok
Цементный п,Свердловская обл,цементный,14.869500459273231,57.4693,60.1536,Цементный,Свердловская Область,,Россия,ok
Центральный п,Тульская обл,центральный,9.227665225747838,59.93111,30.36072,Центральный,Санкт-Петербург,,Россия,ok
Центральный рп,Нижегородская обл,центральный,14.799260665240022,56.297,42.78869,Центральный,Нижегородская Область,Володарский Район,Россия,ok
Центральный сп.,Нижегородская обл,,,,,,,,,not_found
Цивильск г,Чувашская Республика - Чувашия,цивильск,8.949197922088068,55.86974,47.47874,Цивильск,Чувашия,,Россия,ok
Цильна рп,Ульяновская обл,цильна,14.83243363327069,54.59533,48.1414,Цильна,Ульяновская Область,,Россия,ok
Цимлянск г,Ростовская обл,цимлянск,14.963834944451923,47.64801,42.09345,Цимлянск,Ростовская Область,,Россия,ok
Чаадаевка рп,Пензенская обл,чаадаевка,14.8864039997036,53.1427,45.9122,Чаадаевка,Пензенская Область,,Россия,ok
Чаадаево с,Владимирская обл,чаадаево,14.0,55.66667,42.03333,Чаадаево,Владимирская область,,Россия,ok
Чагода п,Вологодская обл,чагода,14.88941216413822,59.164,35.3285,Чагода,Вологодская Область,,Россия,ok
Чажемто с,Томская обл,чажемто,14.0,58.0656,82.8259,Чажемто,Томская Область,,Россия,ok
Чайковская п/ст,Пермский край,,,,,,,,,not_found
Чайковский г,Пермский край,чайковский,15.137035909385828,56.76323,54.11256,Чайковский,Пермский край,,Россия,ok
Чайковского п,Московская обл,чайковского,14.0,56.28679,36.7887,Чайковского,Московская область,,Россия,ok
Чална п,Карелия Респ,чална,14.0,61.88399,34.0638,Чална,Карелия,,Россия,ok
Чалтырь с,Ростовская обл,чалтырь,14.959492226916792,47.28477,39.48232,Чалтырь,Ростовская Область,,Россия,ok
Чамзинка рп,Мордовия Респ,чамзинка,14.915915233520677,54.405,45.78779,Чамзинка,Мордовия,,Россия,ok
Чамлыкская ст-ца,Краснодарский край,,,,,,,,,not_found
Чанки с,Московская обл,чанки,14.0,55.13068,38.82314,Чанки,Московская область,,Россия,ok
Чаны рп,Новосибирская обл,чаны,14.909649955555242,55.31193,76.76024,Чаны,Новосибирская Область,,Россия,ok
Чапаевск г,Самарская обл,чапаевск,15.115836257478918,52.9771,49.7086,Чапаевск,Самарская Область,,Россия,ok
Чаплыгин г,Липецкая обл,чаплыгин,14.950962981746969,53.2342,39.96135,Чаплыгин,Липецкая Область,,Россия,ok
Частые с,Пермский край,частые,14.84986218058308,57.2919,54.97201,Частые,Пермский край,,Россия,ok
Часцы п,Московская обл,часцы,14.0,55.61806,36.86444,Часцы,Московская область,,Россия,ok
Чебаркуль г,Челябинская обл,чебаркуль,15.07472721056234,54.97763,60.36582,Чебаркуль,Челябинская,Чебаркульский Район,Россия,ok
Чебеньки п,Оренбургская обл,чебеньки,14.0,51.93872,55.70098,Чебеньки,Оренбургская Область,,Россия,ok
Чебоксары г,Чувашская Республика - Чувашия,чебоксары,9.310690856464946,56.13218,47.246,Чебоксары,Чувашия,Чебоксарский район,Россия,ok
Чегем г,Кабардино-Балкарская Респ,чегем,5.97981825908907,43.56722,43.58528,Чегем Первый,Кабардино-Балкария,Чегемский Район,Россия,ok
Чекмагуш с,Башкортостан Респ,чекмагуш,14.932598779550217,55.14182,54.64305,Чекмагуш,Башкортостан,,Россия,ok
Челбасская ст-ца,Краснодарский край,,,,,,,,,not_found
Челно-Вершины с,Самарская обл,,,,,,,,,not_found
Челябинск г,Челябинская обл,челябинск,15.399980683038995,55.1611,61.42877,Челябинск,Челябинская,Город Челябинск,Россия,ok
Чемал с,Алтай Респ,чемал,14.80971219309187,51.4216,85.99055,Чемал,Алтай,,Россия,ok
Чемодановка с,Пензенская обл,чемодановка,14.85177930114882,53.23162,45.24738,Чемодановка,Пензенская Область,,Россия,ok
Чемодурово д,Московская обл,чемодурово,14.0,55.35735,38.66445,Чемодурово,Московская область,,Россия,ok
Червишево с,Тюменская обл,червишево,8.804366335239393,56.94635,65.42782,Червишёво,Тюмень,,Россия,ok
Чердаклы рп,Ульяновская обл,чердаклы,14.93876493869466,54.35495,48.84538,Чердаклы,Ульяновская Область,,Россия,ok
Чердынь г,Пермский край,чердынь,14.862801874650511,60.40104,56.47962,Чердынь,Пермский край,,Россия,ok
Черевково с,Архангельская обл,черевково,14.0,61.78321,45.26609,Черевково,Архангельская Область,,Россия,ok
Черемисиново пгт,Курская обл,черемисиново,14.829004161870447,51.88553,37.2646,Черемисиново,Курская Область,,Россия,ok
Черемисское с,Свердловская обл,черемисское,14.0,57.44906,60.89257,Черемисское,Свердловская Область,,Россия,ok
Черемшан с,Татарстан Респ,черемшан,14.863887970967284,54.66128,51.51143,Черемшан,Татарстан,,Россия,ok
Черепаново г,Новосибирская обл,черепаново,14.990976779049328,54.2239,83.38056,Черепаново,Новосибирская Область,,Россия,ok
Череповец г.,Вологодская обл,череповец,15.266267120191785,59.13333,37.9,Череповец,Вологодская Область,,Россия,ok
Черкесск г,Карачаево-Черкесская Респ,черкесск,9.17150169687878,44.22375,42.04624,Черкесск,Карачаево-Черкессия,,Россия,ok
Черкизово дп,Московская обл,,,,,,,,,not_found
Черкизово с,Московская обл,черкизово,14.814322675036744,55.97583,37.7875,Черкизово,Московская область,,Россия,ok
Черлак рп,Омская обл,черлак,14.94028597537466,54.15437,74.80886,Черлак,Омская Область,,Россия,ok
Чермоз г,Пермский край,чермоз,14.83138522673982,58.7813,56.1577,Чермоз,Пермский край,,Россия,ok
Чернава с,Липецкая обл,чернава,14.0,52.49565,38.06132,Чернава,Липецкая Область,,Россия,ok
Черницыно с,Курская обл,черницыно,14.799294454731813,51.50749,36.05067,Черницыно,Курская Область,,Россия,ok
Черново д,Московская обл,черново,14.0,56.05,38.55,Черново,Московская область,,Россия,ok
Черновский п,Самарская обл,черновский,14.0,53.18127,50.45859,Черновский,Самарская Область,,Россия,ok
Черновское с,Пермский край,черновское,14.0,57.49596,54.54703,Черновское,Пермский край,,Россия,ok
Черноголовка г,Московская обл,черноголовка,14.992739937258245,56.00121,38.36492,Черноголовка,Московская область,,Россия,ok
Черногорск г,Хакасия Респ,черногорск,15.117861289459013,53.82878,91.30953,Черногорск,Хакасия,,Россия,ok
Черноисточинск п,Свердловская обл,черноисточинск,14.820166019080869,57.73639,59.87194,Черноисточинск,Свердловская Область,,Россия,ok
Черноморский пгт,Краснодарский край,черноморский,14.904251326133268,44.85056,38.49361,Черноморский,Краснодарский край,,Россия,ok
Черноречье с,Самарская обл,черноречье,14.0,53.16312,50.38334,Черноречье,Самарская Область,,Россия,ok
Чернуха с,Нижегородская обл,чернуха,14.814583961293684,55.59739,43.7556,Чернуха,Нижегородская Область,Арзамасский Район,Россия,ok
Чернушка г,Пермский край,чернушка,15.0489689629308,56.50718,56.07707,Чернушка,Пермский край,,Россия,ok
Черный Яр с,Астраханская обл,черный яр,14.898807143807264,48.06242,46.10911,Чёрный Яр,Астраханская Область,,Россия,ok
Чернышиха с,Нижегородская обл,чернышиха,14.0,56.85889,45.42833,Чернышиха,Нижегородская Область,,Россия,ok
Чернышковский рп,Волгоградская обл,чернышковский,14.860502090178176,48.42435,42.22914,Чернышковский,Волгоградская Область,,Россия,ok
Чернь рп,Тульская обл,чернь,14.880836915312228,53.45209,36.91184,Чернь,Тульская Область,,Россия,ok
Чернянка п,Белгородская обл,чернянка,14.96331213578496,50.93816,37.81509,Чернянка,Белгородская Область,,Россия,ok
Чернятино д,Тульская обл,чернятино,14.0,53.16359,38.15163,Чернятино,Тульская Область,,Россия,ok
Черняховск г,Калининградская обл,черняховск,15.071858684384685,54.63345,21.81557,Черняховск,Калининградская Область,,Россия,ok
Чертково п,Ростовская обл,чертково,14.930574145673944,49.38364,40.15231,Чертково,Ростовская Область,,Россия,ok
Чертовицы с,Воронежская обл,чертовицы,14.0,51.8176,39.27,Чертовицы,Воронежская Область,,Россия,ok
Черусти рп,Московская обл,черусти,14.796137020171953,55.54976,40.01071,Черусти,Московская область,,Россия,ok
Чесма с,Челябинская обл,чесма,14.866388757056704,53.80855,60.64901,Чесма,Челябинская,,Россия,ok
Чесноковка с,Башкортостан Респ,чесноковка,14.811192806331071,54.61242,55.94575,Чесноковка,Башкортостан,,Россия,ok
Чехов г,Московская обл,чехов,15.123379340344716,55.14552,37.46193,Чехов,Московская область,Городской Округ Чехов,Россия,ok
Чехов-2 г,Московская обл,,,,,,,,,not_found
Чеховский п,Московская обл,чеховский,8.0,49.13694,40.01111,Чеховский,Ростовская Область,,Россия,ok
Чечулино д,Новгородская обл,чечулино,14.0,58.66092,31.36912,Чечулино,Новгородская Область,,Россия,ok
Чешково д,Московская обл,чешково,14.0,55.39714,36.61575,Чешково,Московская область,,Россия,ok
Чик рп,Новосибирская обл,чик,14.853601494565682,54.9928,82.4311,Чик,Новосибирская Область,,Россия,ok
Чикча с,Тюменская обл,чикча,8.708086789669078,57.1464,65.97829,Чикча,Тюмень,,Россия,ok
Чистогорский п,Кемеровская область - Кузбасс обл,чистогорский,8.83525543694746,53.9835,87.3843,Чистогорский,Кузба́сс,,Россия,ok
Чистоозерное рп,Новосибирская обл,чистоозерное,14.85816692106006,54.71125,76.58227,Чистоозерное,Новосибирская Область,,Россия,ok
Чистополь г,Татарстан Респ,чистополь,15.103812635576846,55.36612,50.64399,Чистополь,Татарстан,,Россия,ok
Чистые Боры пгт,Костромская обл,,,,,,,,,not_found
Чишмы рп,Башкортостан Респ,чишмы,14.999884318585288,54.59015,55.38201,Чишмы,Башкортостан,,Россия,ok
Чкаловск г,Нижегородская обл,чкаловск,14.95162061148616,56.76492,43.2469,Чкаловск,Нижегородская Область,,Россия,ok
Чудово г,Новгородская обл,чудово,14.976296031739915,59.12225,31.68125,Чудово,Новгородская Область,,Россия,ok
Чулково с,Рязанская обл,чулково,14.0,54.2355,39.5662,Чулково,Рязанская Область,,Россия,ok
Чупа пгт,Карелия Респ,чупа,14.828273588020176,66.27001,33.05486,Чупа,Карелия,,Россия,ok
Чуприяновка ж/д_ст,Тверская обл,,,,,,,,,not_found
Чупряково д,Московская обл,чупряково,14.757660976697304,55.55282,36.62721,Чупряково,Московская область,,Россия,ok
Чусовой г,Пермский край,чусовой,15.082388982045,58.28915,57.81261,Чусовой,Пермский край,,Россия,ok
Чухлома г,Костромская обл,чухлома,14.859987855803483,58.75304,42.68633,Чухлома,Костромская Область,,Россия,ok
Чучково рп,Рязанская обл,чучково,14.839049553837029,54.27021,41.44746,Чучково,Рязанская Область,,Россия,ok
Чёрная д,Московская обл,черная,8.0,68.587,56.581,Черная,Ненецкий АО,,Россия,ok
Шаблыкино пгт,Орловская обл,шаблыкино,14.825556865328377,52.85639,35.19746,Шаблыкино,Орловская Область,,Россия,ok
Шадейка п,Пермский край,шадейка,14.0,57.4334,56.7901,Шадейка,Пермский край,,Россия,ok
Шадринск г,Курганская обл,шадринск,15.128326069666576,56.08616,63.63816,Шадринск,Курганская Область,,Россия,ok
Шаля пгт,Свердловская обл,шаля,14.880836915312228,57.2471,58.7298,Шаля,Свердловская Область,,Россия,ok
Шаля рп,Свердловская обл,шаля,14.880836915312228,57.2471,58.7298,Шаля,Свердловская Область,,Россия,ok
Шамары п,Свердловская обл,шамары,14.819035440376329,57.3434,58.21988,Шамары,Свердловская Область,,Россия,ok
Шамонино д,Башкортостан Респ,шамонино,14.0,54.6676,56.2115,Шамонино,Башкортостан,,Россия,ok
Шангалы с,Архангельская обл,шангалы,14.768017564043658,61.12842,43.33427,Шангалы,Архангельская Область,,Россия,ok
Шаран с,Башкортостан Респ,шаран,14.862263370387424,54.82106,53.99223,Шаран,Башкортостан,,Россия,ok
Шаранга рп,Нижегородская обл,шаранга,14.881135422996572,57.17704,46.538,Шаранга,Нижегородская Область,,Россия,ok
Шарапово с,Московская обл,шарапово,14.0,56.25227,38.25264,Шарапово,Московская область,,Россия,ok
Шаркан с,Удмуртская Респ,шаркан,8.87832429637409,57.29885,53.87122,Шаркан,Удмуртия,,Россия,ok
Шарлык с,Оренбургская обл,шарлык,14.8996280439395,52.92596,54.74091,Шарлык,Оренбургская Область,,Россия,ok
Шарыпово г,Красноярский край,шарыпово,15.066368572034568,55.54004,89.20062,Шарыпово,Красноярский Край,,Россия,ok
Шарья г,Костромская обл,шарья,15.030229722897746,58.36848,45.51622,Шарья,Костромская Область,,Россия,ok
Шаталово 1-е п,Смоленская обл,,,,,,,,,not_found
Шатки рп,Нижегородская обл,шатки,14.907954808172615,55.18774,44.12071,Шатки,Нижегородская Область,,Россия,ok
Шатск п,Тульская обл,шатск,11.0,54.13351,37.84069,Шатск Второй,Тульская Область,,Россия,ok
Шатура г,Московская обл,шатура,15.031128327598257,55.57259,39.53417,Шатура,Московская область,,Россия,ok
Шатурторф п,Московская обл,шатурторф,14.81056094022999,55.56711,39.42129,Шатурторф,Московская область,,Россия,ok
Шаховская пгт.,Московская обл,шаховская,14.924512819746184,56.03082,35.50638,Шаховская,Московская область,,Россия,ok
Шахты г,Ростовская обл,шахты,15.23073332681005,47.71916,40.21603,Шахты,Ростовская Область,,Россия,ok
Шахунья г,Нижегородская обл,шахунья,15.00168608797038,57.67603,46.61171,Шахунья,Нижегородская Область,,Россия,ok
Шацк г,Рязанская обл,шацк,14.86459381473068,54.02369,41.71699,Шацк,Рязанская Область,,Россия,ok
Шварцевский п,Тульская обл,шварцевский,14.853385363230936,54.09174,37.99053,Шварцевский,Тульская Область,,Россия,ok
Шексна рп,Вологодская обл,шексна,14.99616621165872,59.20998,38.51066,Шексна,Вологодская Область,,Россия,ok
Шелехов г,Иркутская обл,шелехов,15.076764252998975,52.21591,104.09934,Шелехов,Иркутская Область,,Россия,ok
Шелокша с,Нижегородская обл,шелокша,14.0,56.07144,44.14585,Шелокша,Нижегородская Область,,Россия,ok
Шеметово с,Московская обл,шеметово,14.834307787116938,56.52764,38.07518,Шемётово,Московская область,,Россия,ok
Шемордан с,Татарстан Респ,шемордан,14.868067166040872,56.1856,50.3972,Шемордан,Татарстан,,Россия,ok
Шемурша с,Чувашская Республика - Чувашия,шемурша,8.821365270303,54.88663,47.51893,Шемурша,Чувашия,,Россия,ok
Шемышейка рп,Пензенская обл,шемышейка,14.879785064893106,52.89196,45.39282,Шемышейка,Пензенская Область,,Россия,ok
Шентала ж/д_ст,Самарская обл,,,,,,,,,not_found
Шепси с,Краснодарский край,шепси,14.805579245097777,44.0355,39.1474,Шепси,Краснодарский край,,Россия,ok
Шербакуль рп,Омская обл,шербакуль,14.888903257187474,54.63084,72.39675,Шербакуль,Омская Область,,Россия,ok
Шерегеш пгт,Кемеровская область - Кузбасс обл,шерегеш,8.922177474960185,52.9209,87.9869,Шерегеш,Кузба́сс,,Россия,ok
Шереметьевка с,Татарстан Респ,шереметьевка,14.0,55.38458,51.55827,Шереметьевка,Татарстан,,Россия,ok
Шигоны с,Самарская обл,шигоны,14.856959587020928,53.38621,48.67405,Шигоны,Самарская Область,,Россия,ok
Шилово рп,Рязанская обл,шилово,14.969029433207508,54.32005,40.87958,Шилово,Рязанская Область,,Россия,ok
Шилыково с,Ивановская обл,шилыково,14.0,56.92269,40.73772,Шилыково,Ивановская Область,,Россия,ok
Шимск рп,Новгородская обл,шимск,14.823110984032816,58.20997,30.7179,Шимск,Новгородская Область,,Россия,ok
Шипицыно рп,Архангельская обл,шипицыно,14.823774380389091,61.28056,46.52083,Шипицыно,Архангельская Область,,Россия,ok
Шипуново с,Алтайский край,шипуново,14.93441717196097,52.21731,82.26747,Шипуново,Алтайский Край,Шипуновский Район,Россия,ok
Шира с,Хакасия Респ,шира,14.914409372615726,54.49384,89.97046,Шира,Хакасия,,Россия,ok
Шиханы г,Саратовская обл,шиханы,14.88082196651184,52.11614,47.19898,Шиханы,Саратовская Область,,Россия,ok
Шихово д,Кировская обл,шихово,14.0,58.63398,49.83876,Шихово,Кировская Область,,Россия,ok
Шлиссельбург г,Ленинградская обл,шлиссельбург,14.940228217214711,59.9473,31.03845,Шлиссельбург,Ленинградская область,Кировский Район,Россия,ok
Шмидтово д,Башкортостан Респ,,,,,,,,,not_found
Шолоховский рп,Ростовская обл,шолоховский,14.921662060993333,48.28071,41.04592,Шолоховский,Ростовская Область,,Россия,ok
Шопша с,Ярославская обл,шопша,14.0,57.42057,39.64398,Шопша,Ярославская Область,,Россия,ok
Шуберское п,Воронежская обл,шуберское,14.0,51.7566,39.4292,Шуберское,Воронежская Область,,Россия,ok
Шугозеро п,Ленинградская обл,шугозеро,14.0,59.92722,34.21583,Шугозеро,Ленинградская область,,Россия,ok
Шуйское с,Вологодская обл,шуйское,14.777904864492555,59.37356,41.03047,Шуйское,Вологодская Область,,Россия,ok
Шум с,Ленинградская обл,шум,14.0,59.88511,31.77373,Шум,Ленинградская область,,Россия,ok
Шумейка с,Саратовская обл,шумейка,14.722329567956232,51.56361,46.24833,Шумейка,Саратовская Область,,Россия,ok
Шумерля г,Чувашская Республика - Чувашия,шумерля,9.046939777460569,55.5005,46.41288,Шумерля,Чувашия,,Россия,ok
Шумиха г.,Курганская обл,шумиха,14.982552601106642,55.22874,63.28552,Шумиха,Курганская Область,,Россия,ok
Шумячи п,Смоленская обл,шумячи,14.843554920237573,53.8578,32.42551,Шумячи,Смоленская Область,,Россия,ok
Шушенское пгт,Красноярский край,шушенское,14.984006840466648,53.32361,91.93614,Шушенское,Красноярский Край,,Россия,ok
Шуя г,Ивановская обл,шуя,15.101379781895004,56.84864,41.3869,Шуя,Ивановская Область,,Россия,ok
Щеглово п,Ленинградская обл,щеглово,14.803786623470964,60.02839,30.75289,Щеглово,Ленинградская область,,Россия,ok
Щедрино п,Ярославская обл,щедрино,14.0,57.54776,39.82528,Щедрино,Ярославская Область,,Россия,ok
Щекино г,Тульская обл,щекино,15.101371545137647,54.00734,37.50647,Щекино,Тульская Область,,Россия,ok
Щепкин п,Ростовская обл,щепкин,14.0,47.61667,38.91667,Щепкин,Ростовская Область,,Россия,ok
Щигры г,Курская обл,щигры,14.986261347332617,51.87598,36.90535,Щигры,Курская Область,,Россия,ok
Щучье г,Курганская обл,щучье,14.899056613813158,55.36361,66.0925,Щучье,Курганская Область,,Россия,ok
Щёлково г,Московская обл,щелково,15.163515194721285,55.92497,37.97218,Щёлково,Московская область,,Россия,ok
Экономическое с,Краснодарский край,экономическое,14.0,44.9924,37.9384,Экономическое,Краснодарский край,,Россия,ok
Электрогорск г,Московская обл,электрогорск,14.99390959800035,55.88431,38.7864,Электрогорск,Московская область,,Россия,ok
Электросталь г.,Московская обл,электросталь,15.188025939949458,55.78647,38.45713,Электросталь,Московская область,,Россия,ok
Электроугли г,Московская обл,электроугли,14.990353755128616,55.72445,38.20908,Электроугли,Московская область,,Россия,ok
Элиста г,Калмыкия Респ,элиста,15.158032239695627,46.30794,44.25537,Элиста,Калмыкия,,Россия,ok
Элитный п,Новосибирская обл,элитный,14.736073990305828,54.9118,82.9539,Элитный,Новосибирская Область,,Россия,ok
Эммаусс п,Тверская обл,эммаусс,14.81330002185836,56.78055,36.115,Эммаусс,Тверская Область,,Россия,ok
Эммаусс с,Тверская обл,эммаусс,14.81330002185836,56.78055,36.115,Эммаусс,Тверская Область,,Россия,ok
Энгельс г,Саратовская обл,энгельс,15.21859311608283,51.48389,46.10528,Энгельс,Саратовская Область,,Россия,ok
Энем пгт,Адыгея Респ,энем,14.977939716730509,44.9264,38.90584,Энем,Адыгея,,Россия,ok
Энергетик п,Оренбургская обл,энергетик,14.912008738299862,51.7445,58.7934,Энергетик,Оренбургская Область,,Россия,ok
Эртиль г,Воронежская обл,эртиль,14.944327582575289,51.83818,40.80169,Эртиль,Воронежская Область,,Россия,ok
Юбилейный п,Вологодская обл,юбилейный,9.038927225305864,55.93333,37.83333,Юбилейный,Московская область,,Россия,ok
Юг п,Пермский край,юг,14.778862606562504,57.7293,56.172,Юг,Пермский край,,Россия,ok
Юганец рп,Нижегородская обл,юганец,14.800369733909436,56.2508,43.23069,Юганец,Нижегородская Область,Володарский Район,Россия,ok
Юго-Камский п,Пермский край,,,,,,,,,not_found
Югорск г,Ханты-Мансийский Автономный округ - Югра АО,югорск,9.033783162019468,61.31226,63.33067,Югорск,Ханты-Мансийский АО,,Россия,ok
Юдино с,Московская обл,юдино,14.0,56.68333,37.41667,Юдино,Московская область,,Россия,ok
Южа г,Ивановская обл,южа,14.959417317995722,56.58374,42.01177,Южа,Ивановская Область,,Россия,ok
Южноуральск г,Челябинская обл,южноуральск,15.057645753565726,54.44845,61.26434,Южноуральск,Челябинская,,Россия,ok
Южный Урал с,Оренбургская обл,южный урал,14.0,51.72812,55.04127,Южный Урал,Оренбургская Область,,Россия,ok
Южный п,Краснодарский край,южный,8.987898992093573,53.25417,83.69361,Южный,Алтайский Край,,Россия,ok
Юкаменское с,Удмуртская Респ,юкаменское,8.836147461641682,57.8878,52.245,Юкаменское,Удмуртия,,Россия,ok
Юкки д,Ленинградская обл,юкки,14.65496507422338,60.11024,30.28503,Юкки,Ленинградская область,,Россия,ok
Юмагузино с,Башкортостан Респ,юмагузино,14.85855992240803,52.90412,56.39329,Юмагузино,Башкортостан,,Россия,ok
Юрга г,Кемеровская область - Кузбасс обл,юрга,8.0,56.50146,70.84308,Юрга,Тюмень,,Россия,ok
Юргамыш рп,Курганская обл,юргамыш,14.89732246630951,55.3749,64.46043,Юргамыш,Курганская Область,,Россия,ok
Юргинское с,Тюменская обл,юргинское,8.843533216493592,56.81911,67.39294,Юргинское,Тюмень,,Россия,ok
Юрино пгт,Марий Эл Респ,юрино,14.834283980427148,56.29441,46.30198,Юрино,Марий Эл,,Россия,ok
Юрла с,Пермский край,юрла,14.83086919168389,59.32379,54.32209,Юрла,Пермский край,,Россия,ok
Юровка с,Краснодарский край,юровка,14.816365617616842,45.1147,37.41882,Юровка,Краснодарский край,,Россия,ok
Юрьев-Польский г,Владимирская обл,,,,,,,,,not_found
Юрьевец г,Ивановская обл,юрьевец,14.934914533485337,57.31213,43.10395,Юрьевец,Ивановская Область,,Россия,ok
Юрьево д,Московская обл,юрьево,14.0,56.00654,35.54212,Юрьево,Московская область,,Россия,ok
Юрюзань г,Челябинская обл,юрюзань,14.950487391937706,54.86333,58.42194,Юрюзань,Челябинская,,Россия,ok
Юсьва с,Пермский край,юсьва,14.0,58.96521,54.96012,Юсьва,Пермский край,,Россия,ok
Ютаза с,Татарстан Респ,ютаза,14.0,54.59127,53.26541,Ютаза,Татарстан,,Россия,ok
Юхнов г,Калужская обл,юхнов,14.897903863296053,54.74403,35.23233,Юхнов,Калужская Область,,Россия,ok
Юшала п,Свердловская обл,юшала,14.833567131479285,57.07611,64.26011,Юшала,Свердловская Область,,Россия,ok
Яблоновский пгт,Адыгея Респ,яблоновский,15.041726880412774,44.98901,38.94324,Яблоновский,Адыгея,Тахтамукайский Район,Россия,ok
Явас рп,Мордовия Респ,явас,14.895982562386584,54.4159,42.8491,Явас,Мордовия,,Россия,ok
Ягодное с,Самарская обл,ягодное,14.0,53.60972,49.04389,Ягодное,Самарская Область,,Россия,ok
Ягул с,Удмуртская Респ,ягул,8.0,58.2396,52.671,Ягул,Удмуртия,,Россия,ok
Ягунино д,Московская обл,,,,,,,,,not_found
Ягуново с,Кемеровская область - Кузбасс обл,ягуново,8.781278281857759,55.24645,86.01097,Ягуново,Кузба́сс,,Россия,ok
Ядрин г,Чувашская Республика - Чувашия,ядрин,8.928135785921146,55.94052,46.20622,Ядрин,Чувашия,,Россия,ok
Яжелбицы с,Новгородская обл,яжелбицы,14.0,58.0369,32.95768,Яжелбицы,Новгородская Область,,Россия,ok
Языково с,Башкортостан Респ,языково,14.868777949199178,55.21988,56.13532,Языково,Башкортостан,,Россия,ok
Яковлево п,Белгородская обл,яковлево,14.78747391251718,50.85475,36.44614,Яковлево,Белгородская Область,,Россия,ok
Якшур-Бодья с,Удмуртская Респ,,,,,,,,,not_found
Ялуторовск г,Тюменская обл,ялуторовск,9.048829756939169,56.65317,66.30048,Ялуторовск,Тюмень,,Россия,ok
Яльчики с,Чувашская Республика - Чувашия,яльчики,8.0,55.16315,48.0014,Яльчики,Чувашия,,Россия,ok
Ям-Тесово д,Ленинградская обл,,,,,,,,,not_found
Ямкино с,Московская обл,ямкино,14.753155238140728,55.92088,38.40417,Ямкино,Московская область,,Россия,ok
Ямное с,Воронежская обл,ямное,14.0,51.7924,39.1444,Ямное,Воронежская Область,,Россия,ok
Янаул г,Башкортостан Респ,янаул,15.023867324763188,56.27233,54.92964,Янаул,Башкортостан,,Россия,ok
Янгантау с,Башкортостан Респ,,,,,,,,,not_found
Янино-1 гп,Ленинградская обл,,,,,,,,,not_found
Янишполе с,Карелия Респ,янишполе,14.697541392745595,62.11095,34.27013,Янишполе,Карелия,,Россия,ok
Янтарный п,Ростовская обл,янтарный,14.0,47.28879,39.83763,Янтарный,Ростовская Область,,Россия,ok
Янтиково с,Чувашская Республика - Чувашия,янтиково,8.811132800328673,55.82158,47.91036,Янтиково,Чувашия,,Россия,ok
Яр п,Удмуртская Респ,яр,8.887108426397836,58.2458,52.1054,Яр,Удмуртия,,Россия,ok
Яр с,Тюменская обл,яр,8.887108426397836,58.2458,52.1054,Яр,Удмуртия,,Россия,ok
Яранск г,Кировская обл,яранск,14.98811396888722,57.30496,47.87387,Яранск,Кировская Область,,Россия,ok
Яренск с,Архангельская обл,яренск,14.82763947048633,62.17359,49.0978,Яренск,Архангельская Область,,Россия,ok
Ярково с,Новосибирская обл,ярково,14.854675199365778,54.8056,82.5989,Ярково,Новосибирская Область,,Россия,ok
Ярково с,Тюменская обл,ярково,8.884303772496237,57.40332,67.06787,Ярково,Тюмень,,Россия,ok
Ярлуково с,Липецкая обл,ярлуково,14.0,52.0191,40.3337,Ярлуково,Липецкая Область,,Россия,ok
Яровое г,Алтайский край,яровое,14.996156776361266,52.92656,78.57508,Яровое,Алтайский Край,,Россия,ok
Ярославль г,Ярославская обл,ярославль,15.331911859921256,57.62987,39.87368,Ярославль,Ярославская Область,,Россия,ok
Ярославская ст-ца,Краснодарский край,,,,,,,,,not_found
Ярцево г,Смоленская обл,ярцево,15.087250355303317,55.06491,32.69693,Ярцево,Смоленская Область,,Россия,ok
Ясашная Ташла с,Ульяновская обл,ясашная ташла,14.0,53.91111,48.27528,Ясашная Ташла,Ульяновская Область,,Россия,ok
Ясенево д,Московская обл,ясенево,14.489034912822175,56.37021,36.78129,Ясенево,Московская область,,Россия,ok
Ясенская ст-ца,Краснодарский край,,,,,,,,,not_found
Ясенцы д,Нижегородская обл,,,,,,,,,not_found
Ясная Поляна д,Липецкая обл,ясная поляна,8.853010941668279,44.0225,42.7539,Ясная Поляна,Ставрополье,,Россия,ok
Ясная Поляна п,Ставропольский край,ясная поляна,8.853010941668279,44.0225,42.7539,Ясная Поляна,Ставрополье,,Россия,ok
Ясногорск г,Тульская обл,ясногорск,14.97994039989928,54.48091,37.6982,Ясногорск,Тульская Область,,Россия,ok
Ясногорский п,Кемеровская область - Кузбасс обл,ясногорский,8.0,52.56667,54.01667,Ясногорский,Оренбургская Область,,Россия,ok
Ясный г,Оренбургская обл,ясный,14.976192398821434,51.03534,59.87234,Ясный,Оренбургская Область,,Россия,ok
Яхрома г,Московская обл,яхрома,14.944675546548364,56.30055,37.4577,Яхрома,Московская область,,Россия,ok
Яшкино пгт,Кемеровская область - Кузбасс обл,яшкино,8.962891911922974,55.87377,85.4338,Яшкино,Кузба́сс,,Россия,ok
Яшкуль п,Калмыкия Респ,яшкуль,14.888239170629586,46.1709,45.34213,Яшкуль,Калмыкия,,Россия,ok
Яя пгт,Кемеровская область - Кузбасс обл,яя,8.949092229793767,56.19905,86.43421,Яя,Кузба́сс,,Россия,ok
дома отдыха Бекасово п,Московская обл,,,,,,,,,not_found
им Бабушкина с,Вологодская обл,,,,,,,,,not_found
им Карла Маркса п,Владимирская обл,,,,,,,,,not_found
им Тимирязева п,Нижегородская обл,,,,,,,,,not_found
им. Воровского рп,Московская обл,,,,,,,,,not_found
им. Карла Либкнехта рп,Курская обл,,,,,,,,,not_found
им. Цюрупы рп,Московская обл,,,,,,,,,not_found
имени 9 Января с,Оренбургская обл,,,,,,,,,not_found
имени Морозова гп,Ленинградская обл,,,,,,,,,not_found
имени Свердлова гп,Ленинградская обл,,,,,,,,,not_found
"опытного хоз-ва ""Ермолино"" п",Московская обл,,,,,,,,,not_found
рп Рамонь,Воронежская обл,,,,,,,,,not_found
"санатория ""Алкино"" с",Башкортостан Респ,,,,,,,,,not_found
сельский Культура п,Нижегородская обл,,,,,,,,,not_found
"совхоза ""Воронежский"" п",Воронежская обл,,,,,,,,,not_found
"совхоза ""Комсомолец"" п",Тамбовская обл,,,,,,,,,not_found
"совхоза ""Мамадышский"" п",Татарстан Респ,,,,,,,,,not_found
совхоза Останкино п,Московская обл,,,,,,,,,not_found
станции Манихино п,Московская обл,,,,,,,,,not_found
"учхоза ""Стенькино"" п",Рязанская обл,,,,,,,,,not_found
"центральной усадьбы совхоза ""Мир"" п",Московская обл,,,,,,,,,not_found
"центральной усадьбы совхоза ""Озёры"" п",Московская обл,,,,,,,,,not_found
