Precatalyst,Cocatalyst,ratio,solvent,T,P,time,Activity,C4,C6,C8,1-C4,1-C6,Precatalyst_metal,ligand_type
C1C=CN2[Cr]3(Cl)(Cl)(Cl)N4C5C=CC=CC=5SC=4C4C=CC5C=CC=1C=2C=5N=43,MMAO,1500.0,Cc1ccccc1,333.15,10.0,0.5,1310000.0,30.5,31.0,,,,Cr,"(N,N,N)"
C1C=CN2[Cr]3(Cl)(Cl)(Cl)N4C5C=CC=CC=5SC=4C4C=CC5C=CC=1C=2C=5N=43,MMAO,1500.0,Cc1ccccc1,333.15,1.0,0.5,419000.00000000006,29.5,33.0,,,,Cr,"(N,N,N)"
C1C=CC(F)=C(N2[Fe]3(Cl)(Cl)(Cl)N4=C(C5N(C)C6C=CC=CC=6N=53)C=CC=C4C=2C)C=1F,MAO,1000.0,Cc1ccccc1,293.15,10.0,0.5,865000.0,51.6,28.3,,,,Fe,"(N,N,N)"
C1N=C2C3N=CC=CC=3/C(=N3/NC(=O[Ni]4/3(/N(=C3\C5C=CC=NC=5C5N=CC=CC\3=5)/NC(C3C=CC([N+]([O-])=O)=CC=3)=O4)(Cl)Cl)C3C=CC([N+]([O-])=O)=CC=3)/C2=CC=1,MAO,1500.0,Cc1ccccc1,303.15,1.0,0.5,51400.0,92.9,5.3,1.8,100.0,100.0,Ni,"(N,N,O,O)"
C1C=CN2[Fe]3(Cl)(Cl)N4=C(C(C)=N3C3C(CC)=CC=CC=3)C=CC3C=CC=1C=2C=34,MMAO,200.0,Cc1ccccc1,293.15,1.0,0.5,469000.0,48.4,30.8,20.8,,,Fe,"(N,N,N)"
C1C=CC(C2C=C(CCCC)C=C3C(C)=N([Ni](Br)(Br)N=23)C2C(C(C)C)=CC=CC=2C(C)C)=CC=1,EASC,150.0,Clc1ccccc1,303.15,1.3,0.5,34450000.00000001,86.0,14.0,,97.7,64.3,Ni,"(N,N)"
C(N(CCC(=O)NCCN1C2N([Ni](Cl)(Cl)N3C=CC=CC1=3)=CC=CC=2)CCCC)CC(=O)NCCN1C2N([Ni](Cl)(Cl)N3C=CC=CC1=3)=CC=CC=2,MAO,700.0,C1CCCCC1,328.15,40.0,0.5,53000.0,75.55,10.15,7.63,,,Ni,"(N,N)"
C1C=CC(C)=C(N2[Fe]3(Cl)(Cl)N4C5C=CC=C(C)C=5NC=4C4C=CC=C(N=43)C=2C)C=1C,MMAO,200.0,Cc1ccccc1,333.15,30.0,0.5,420000.0,34.4,22.0,13.2,,,Fe,"(N,N,N)"
C1C=CN2[Fe]3(Cl)(Cl)N4=C(C(C)=N3C3C(Br)=CC(Br)=CC=3)C=CC3C=CC=1C=2C=34,MAO,1000.0,Cc1ccccc1,313.15,10.0,1.0,22300000.0,42.8,39.4,17.8,,,Fe,"(N,N,N)"
C1C=CC(C2C=C(CCCC)C=C3C(C)=N([Ni](Br)(Br)N=23)C2C(C(C)C)=CC=CC=2C(C)C)=CC=1,EASC,150.0,Clc1ccccc1,303.15,5.5,0.5,232650000.0,83.0,17.0,,96.4,82.4,Ni,"(N,N)"
C1C2C3C=NC4C=CC=CC=4N=3[Ni]3(Cl)(Cl)N=2C(C(C)=N3C2C(F)=CC=CC=2F)=CC=1,DEAC,700.0,Cc1ccccc1,293.15,10.0,0.5,110000.00000000001,99.1,0.9,,,,Ni,"(N,N,N)"
C1C=CC(C)=C(N2[Fe]3(Cl)(Cl)N4C5C=CC=C(Cl)C=5NC=4C4C=CC=C(N=43)C=2C)C=1C,MAO,250.0,Cc1ccccc1,313.15,30.0,0.5,2410000.0,33.6,22.8,13.2,,,Fe,"(N,N,N)"
C1C(CO)=N2[Ni](Cl)(Cl)N(C3C(CC)=CC=CC=3CC)=C3CCCC(C=1)=C23,DEAC,800.0,Cc1ccccc1,303.15,10.0,0.5,663000.0,26.6,73.4,,99.0,33.2,Ni,"(N,N)"
C1=CC=N2[Co]3(Cl)(Cl)N4C5C=CC=CC=5N(C)C=4C4C=CC5=CC=C1C2=C5N=43,MMAO,1500.0,Cc1ccccc1,293.15,30.0,0.33,1039999.9999999999,87.5,12.5,,75.0,,Co,"(N,N,N)"
CCCCCCCCCCCCN1CCC(=O)NCCCCCCCCN2[Co]3(OC4C=CC=CC=4C=N3CCCCCCCCNC(=O)CC1)OC1=CC=CC=C1C=2,MAO,500.0,Clc1ccccc1,298.15,5.0,0.5,108500.0,78.01,18.76,1.7,,,Co,"(N,N,O,O)"
C1CC[P+]([Cr](O2CCCC2)(Cl)(Cl)(Cl)[NH2+]1)(C1C=CC=CC=1)C1C=CC=CC=1,MAO,800.0,Cc1ccccc1,318.15,45.0,0.78,21762000.0,,25.8,66.7,,93.5,Cr,"(N,O,P)"
C(CCCC)CCCCCCCCCCCCCN1CCC(=O)NCCN2[Fe]3(N(=CC4C(O3)=CC=CC=4)CCNC(=O)CC1)OC1C=CC=CC=1C=2,MAO,500.0,CCCCCC,298.15,5.0,0.5,51300.0,15.97,73.74,0.69,,,Fe,"(N,N,O,O)"
C1C(CO)=N2[Ni](Cl)(Cl)N(C3C(C(C)(C)C)=CC(C(C)(C)C)=CC=3C(C)(C)C)=C3CCCC(C=1)=C23,DEAC,900.0,Cc1ccccc1,303.15,10.0,0.5,670000.0,57.4,42.6,,98.1,38.7,Ni,"(N,N)"
[Ni]1([P+](N(C2CCCC2)[Si](C)(C)C[P+]1(C1C=CC=CC=1)C1C=CC=CC=1)(C1C=CC=CC=1)C1C=CC=CC=1)(Br)Br,EADC,500.0,CC1CCCCC1,333.15,10.0,0.5,16000000.0,64.8,35.2,,34.1,10.4,Ni,"(P,P)"
N12CCCO([Ni](Cl)(Cl)N1=C(C)C=C2C)C1C=CC=CC=1,"MAO,PPh3",250.0,Cc1ccccc1,303.15,20.0,0.3333333333333333,3318315.0,91.4,8.6,,15.0,16.0,Ni,"(N,O)"
C1C=CN2[Cr]3(Cl)(Cl)(Cl)N(C4C(C(C)C)=CC=CC=4C(C)C)=C(C4C=CC=CC=4)C4C=CC5C=CC=1C=2C=5N=43,MAO,1000.0,Cc1ccccc1,293.15,1.0,1.0,71000.0,85.1,10.5,4.3,,,Cr,"(N,N,N)"
C1C(C)=CC(C(C2C=CC=CC=2)C2C=CC=CC=2)=C(N2=C(C)C3N4[Ni]2(Cl)(Cl)N(C2C(C)=CC=CC=2C)=C(C)C=4C=CC=3)C=1C(C1C=CC=CC=1)C1C=CC=CC=1,EASC,500.0,Cc1ccccc1,313.15,10.0,0.5,278000.0,97.3,2.7,,93.4,,Ni,"(N,N,N)"
N12[Ni]3([S+](C4C=CC=CC=4)C4C(N3=CC1=CC=C2)=CC=CC=4)Cl,EASC,250.0,Cc1ccccc1,303.15,20.0,0.33,1999965.0,94.8,5.2,,72.0,22.0,Ni,"(N,N,S)"
C1=CC=CC=C1[P+](C1=CC=CC=C1)(C1C=CC=CC=1)[Ni]([P+](C1C=CC=CC=1)(C1=CC=CC=C1)C1C=CC=CC=1)Cl,[B-]([O+](CC)CC)(F)(F)F,2.0,Not_defined,285.15,1.0,0.13,13463.485999999999,98.8,1.2,0.0,49.3,,Ni,"(P,P)"
CC(C)CN1[P+](C2C=CC=CC=2)(C2C=CC=CC=2)[Cr]2(Cl[Cr]3(Cl)(Cl)([P+](N(CC(C)C)[P+]3(C3C=CC=CC=3)C3C=CC=CC=3)(C3C=CC=CC=3)C3C=CC=CC=3)Cl2)(Cl)(Cl)[P+]1(C1C=CC=CC=1)C1C=CC=CC=1,MMAO,300.0,Cc1ccccc1,318.15,45.0,0.33,5122000.0,,18.7,69.8,,36.5,Cr,"(P,P)"
C1C=CC2[P+](C3C=CC=CC=3)(C3C=CC=CC=3)[Ni](Br)(Br)N3C(CC)COC=3C=2C=1,MAO,1000.0,Cc1ccccc1,298.15,1.0,0.5,71000.0,99.38,0.62,,,,Ni,"(N,P)"
C12C=N3[Ni]4(N(=CC5C(O4)=C(C)C=CC=5)CC3)OC=1C(C)=CC=C2,MAO,500.0,C1CCCCC1,323.15,10.0,0.5,540000.0,49.8,38.4,4.7,79.9,64.2,Ni,"(N,N,O,O)"
C1C=CC(C(C)C)=C(N2=C(C)C3N4[Ni]2(Cl)(Cl)N2C5C=CC=C(C)C=5NC=2C=4C=CC=3)C=1C(C)C,DEAC,700.0,Cc1ccccc1,303.15,10.0,0.5,1700000.0,94.0,6.0,,,,Ni,"(N,N,N)"
C1C=CC=C2N3[Ni]4(Br[Ni]5(Br)(N6C7C=CC=CC=7N=CC=6C6N5=CC=CC=6)Br4)(Br)N4=CC=CC=C4C=3C=NC=12,MAO,1000.0,Cc1ccccc1,333.15,1.0,0.5,10000.0,100.0,0.0,,100.0,,Ni,"(N,N)"
C1=C2N([Ni]([P+](OC2)(C2=CC=CC=C2)C2=CC=CC=C2)(Cl)Cl)=CC=C1,EADC,2.0,Clc1ccccc1,300.65,10.0,0.5833333333333334,30855.0,97.0,2.0,1.0,72.0,,Ni,"(N,P)"
C1(=O[Co]2(Cl)(Cl)N3C4C=CC=CC=4N(C)C=3C3C=CC=C1N=32)C,DEAC,200.0,Cc1ccccc1,293.15,20.0,0.5,160000.0,48.5,51.5,,,,Co,"(N,N,O)"
C1C=CC(Cl)=C(N2=C(C)C3N4[Co]2(Cl)(Cl)N2C5C=CC=CC=5OC=2C=4C=CC=3)C=1Cl,MAO,1000.0,Cc1ccccc1,293.15,10.0,0.5,724000.0,96.4,0.6,,100.0,,Co,"(N,N,N)"
C1C(CO)=N2[Ni](Cl)(Cl)N(C3C(C(C)(C)C)=CC(C(C)(C)C)=CC=3C(C)(C)C)=C3CCCC(C=1)=C23,MMAO,4000.0,Cc1ccccc1,303.15,10.0,0.5,1520000.0,21.6,78.4,,47.4,48.8,Ni,"(N,N)"
C1C=CC2N3[Ni](Br)(Br)N(C4C(C)=CC(CC)=CC=4C)=C(C(C)(C)C)C=3C=CC=2C=1,MMAO,2500.0,Cc1ccccc1,313.15,5.0,0.5,1500000.0,5.9,89.7,,,,Ni,"(N,N)"
C1C=CC=N2[Ni]3(Cl[Ni]4(Cl3)(Cl)N3C(CC(C)(C)O[P+]4(C4=CC=CC=C4)C4C=CC=CC=4)=CC=CC=3)(Cl)[P+](C3=CC=CC=C3)(C3C=CC=CC=3)OC(C)(C)CC=12,EADC,2.0,Cc1ccccc1,303.15,10.0,0.5833333333333334,1144440.0,61.0,35.0,0.0,8.0,,Ni,"(N,P)"
C1C=CC(C)=C(N2[Ni]3(Cl)(Cl)N4C5C=CC=CC=5NC=4C4C=CC=C(N=43)C=2C)C=1C,MAO,1000.0,Cc1ccccc1,293.15,10.0,0.5,150000.0,100.0,0.0,,99.0,,Ni,"(N,N,N)"
C1CC[P+]([Cr](O2CCCC2)(Cl)(Cl)(Cl)[NH2+]1)(C1C=CC=CC=1)C1C=CC=CC=1,MAO,700.0,Cc1ccccc1,323.15,30.0,0.78,11211200.0,,29.8,59.2,,94.1,Cr,"(N,O,P)"
C1C=CC=C2N3[Ni]4(Br[Ni]5(Br)(N6C7C=CC=CC=7N=CC=6C6N5=CC=CC=6)Br4)(Br)N4=CC=CC=C4C=3C=NC=12,MAO,3000.0,Cc1ccccc1,293.15,1.0,0.5,710000.0,77.5,22.5,,100.0,12.0,Ni,"(N,N)"
C1=C2CP(C3C=CC=CC=3)(C3C=CC=CC=3)=O[Co]3(Cl)(Cl)N4=C(C)C=C(C)N4CC(C=C1)=N23,EADC,250.0,Cc1ccccc1,303.15,10.0,1.0,200000.0,93.0,7.0,,12.0,,Co,"(N,N,O)"
C1(N(CCOC)C=C[N+]=1C1C(C(C)C)=CC=CC=1C(C)C)[Ni](C1N(CCOC)C=C[N+]=1C1=C(C(C)C)C=CC=C1C(C)C)(Br)Br,EADC,10.0,Cc1ccccc1,295.65,10.0,0.58,751232.0,78.0,20.0,,8.0,1.0,Ni,"(C,C)"
C1C(C)=N2[Ni](Br)(Br)N3=C(C)C=CC4C=CC(C=1)=C2C=43,MAO,500.0,Cc1ccccc1,353.15,1.0,0.5,411000.00000000006,95.9,4.1,,,,Ni,"(N,N)"
C1C=CN2[Cr]3(Cl)(Cl)(Cl)N(C4C(CC)=CC=CC=4CC)=CC4C=CC5C=CC=1C=2C=5N=43,MAO,1000.0,Cc1ccccc1,293.15,1.0,1.0,189000.0,45.1,26.5,28.4,,,Cr,"(N,N,N)"
C1C(C)=CC(C(C2C=CC=CC=2)C2C=CC=CC=2)=C(N2=C(C)C3N4[Ni]2(Cl)(Cl)N(C2C(C)=CC=CC=2C)=C(C)C=4C=CC=3)C=1C(C1C=CC=CC=1)C1C=CC=CC=1,EASC,300.0,Cc1ccccc1,303.15,10.0,0.5,229999.99999999997,96.4,3.6,,93.2,,Ni,"(N,N,N)"
C1C=C2C3=N4[Co](Cl)(Cl)(N(C5C(C(C)C)=CC=CC=5C(C)C)=C3C3=CC=CC(C=1)=C23)N(C)(C)CC4,MAO,300.0,Cc1ccccc1,303.15,1.3,0.5,50700.0,44.7,55.3,,59.060402684563755,30.37974683544304,Co,"(N,N,N)"
C1C2C(=N(C3C(C(C)C)=CC=CC=3C(C)C)[Ni]3(Cl)(Cl)N=2C(C2OC4C=CC=CC=4N=23)=CC=1)C,DEAC,300.0,Clc1ccccc1,293.15,10.0,0.5,314000.0,97.5,2.5,,96.4,,Ni,"(N,N,N)"
C1C2C3C=NC4C=CC=CC=4N=3[Ni]3(Cl)(Cl)N=2C(C(C)=N3C2C(C(C)C)=CC=CC=2C(C)C)=CC=1,DEAC,700.0,Cc1ccccc1,293.15,10.0,0.5,530000.0,85.9,14.1,,,,Ni,"(N,N,N)"
C1C(C)=CC(C)=C(N2[Fe]3(Cl)(Cl)N4C5C=CC=C(C)C=5NC=4C4C=CC=C(N=43)C=2C)C=1C,MMAO,200.0,Cc1ccccc1,303.15,30.0,0.5,3030000.0,41.0,28.8,14.9,,,Fe,"(N,N,N)"
C1C=CC(C)=C(N2[Ni]3(Cl)(Cl)N4C5C=CC=CC=5NC=4C4C=CC=C(N=43)C=2C)C=1C,DEAC,200.0,Cc1ccccc1,293.15,10.0,0.5,519999.99999999994,93.6,5.3,,89.3,,Ni,"(N,N,N)"
N12C(C)=CC(C)=N1[Ni](Br)(Br)N(C1C=CC([N+](=O)[O-])=CC=1)=C2C1C=CC=CC=1,MAO,400.0,Cc1ccccc1,293.15,0.5,1.0,317000.0,32.2,50.3,14.7,,,Ni,"(N,N)"
N12CCCO([Ni](Cl)(Cl)N1=CC=C2)C1C=CC=CC=1,MAO,250.0,Cc1ccccc1,303.15,20.0,0.3333333333333333,516120.0,95.3,4.7,,84.0,30.0,Ni,"(N,O)"
C1C2C(OCC)=O[Ni]3(Cl)(Cl)N(C4C(C)=CC=CC=4C)=C(C)C(=CC=1)N=23,MAO,1000.0,Cc1ccccc1,288.15,1.0,0.5,88800.00000000001,80.63,5.19,,,,Ni,"(N,N,O)"
C1=C2CP(C3C=CC=CC=3)(C3C=CC=CC=3)=O[Ni]3(Br)(Br)N4=C(C)C=C(C)N4CC(C=C1)=N23,EADC,250.0,Cc1ccccc1,303.15,10.0,0.25,460000.00000000006,91.0,9.0,,15.0,,Ni,"(N,N,O)"
C1C=CC(CC)=C(N2[Fe]3(Cl)(Cl)N4C5C=CC=C(C)C=5NC=4C4C=CC=C(N=43)C=2C)C=1CC,MMAO,200.0,Cc1ccccc1,303.15,30.0,0.5,800000.0,54.2,24.2,10.1,,,Fe,"(N,N,N)"
CCCCCCCCCCCCCCN1CCC(=O)NCCN2[Fe]3(N(=CC4C(O3)=CC=CC=4)CCNC(=O)CC1)OC1C=CC=CC=1C=2,MAO,500.0,Cc1ccccc1,298.15,5.0,0.5,81700.0,54.45,19.0,19.4,,,Fe,"(N,N,O,O)"
C12C[P+](C3C=CC=CC=3)(C3C=CC=CC=3)[Ni](Cl)(Cl)N=1CCO2,MAO,2000.0,Cc1ccccc1,303.15,10.0,0.5,3035010.0,75.3,19.8,4.1,,14.0,Ni,"(N,P)"
C12C=N3[Ni]4(N(=CC5C(O4)=C(C)C=CC=5)CC3)OC=1C(C)=CC=C2,MAO,275.0,C1CCCCC1,323.15,10.0,0.5,800000.0,45.5,37.0,7.8,86.5,56.7,Ni,"(N,N,O,O)"
N12CC3C=CC=C4CN5N(=C(C)C=C5C)[Ni](Cl)(Cl)(N1=C(C)C=C2C)N=34,EADC,250.0,Cc1ccccc1,331.15,20.0,1.0,4001999.9999999995,45.0,28.0,27.0,,,Ni,"(N,N,N)"
C1(Cl)C=C2C3=N([Ni]4(OC2=C(Cl)C=1)OC1=C(Cl)C=C(Cl)C=C1C1=N4C2C=CC=CC=2N1C(C)C)C1C=CC=CC=1N3C(C)C,DEAC,200.0,Cc1ccccc1,293.15,1.0,0.75,164000.0,90.5,9.5,,,,Ni,"(N,N,O,O)"
C1=CC=N2[Co]3(Cl)(Cl)N4C5C=CC=CC=5NC=4C4C=CC5=CC=C1C2=C5N=43,MMAO,1500.0,Cc1ccccc1,293.15,20.0,0.33,982999.9999999999,91.3,8.7,,77.5,,Co,"(N,N,N)"
C1C=CN2[Fe]3(Cl)(Cl)N4=C(C=N3C3C(C)=CC(C)=CC=3C)C=CC3C=CC=1C=2C=34,MMAO,500.0,Cc1ccccc1,293.15,1.0,0.5,947000.0,23.7,44.4,31.9,,,Fe,"(N,N,N)"
C1C=CC(C)=C(N2[Fe]3(Cl)(Cl)N4C5C=CC=C(Cl)C=5NC=4C4C=CC=C(N=43)C=2C)C=1C,MAO,250.0,Cc1ccccc1,293.15,30.0,0.5,2530000.0,30.9,20.7,12.4,,,Fe,"(N,N,N)"
C1=CC=N2[Fe]3(Cl)(Cl)N4C5C=C(C(C)(C)C)C=CC=5OC=4C4C=CC5=CC=C1C2=C5N=43,MMAO,800.0,Cc1ccccc1,293.15,10.0,0.33,913000.0,80.1,19.9,,83.0,,Fe,"(N,N,N)"
C1C=CN2[Ni]345([OH+]CC[NH+]3CC3C=CC=CN=34)[NH+](CC[OH+]5)CC=2C=1,EADC,200.0,Cc1ccccc1,303.15,10.0,1.0,1860000.0,54.0,40.0,6.0,75.0,52.0,Ni,"(N,N,N,N,O,O)"
C1C=CN2[Cr]3(Cl)(Cl)(Cl)N4C5C=C(C(C)(C)C)C=CC=5OC=4C4C=CC5C=CC=1C=2C=5N=43,MMAO,1500.0,Cc1ccccc1,333.15,1.0,0.5,2310000.0,41.1,30.3,,,,Cr,"(N,N,N)"
C1C=CC2N3[Ni](Br)(Br)N(C4C(C)=CC=CC=4C)=C(C(C)(C)C)C=3C=CC=2C=1,MMAO,3000.0,Cc1ccccc1,303.15,5.0,0.5,1630000.0,6.7,71.4,,,,Ni,"(N,N)"
C1C=CC(C)=C(N2[Fe]3(Cl)(Cl)N4C5C=CC=C(C)C=5NC=4C4C=CC=C(N=43)C=2C)C=1C,MMAO,100.0,Cc1ccccc1,303.15,30.0,0.5,320000.0,74.8,5.2,2.9,,,Fe,"(N,N,N)"
CCCCCCCCCCCCN1CCC(=O)NCCCCN2[Fe]3(OC4C=CC=CC=4C=N3CCCCNC(=O)CC1)OC1=CC=CC=C1C=2,MAO,500.0,Cc1ccccc1,298.15,5.0,0.5,43300.0,53.9,18.77,11.63,,,Fe,"(N,N,O,O)"
C1N=C2C3N=CC=CC=3/C(=N3/NC(=O[Ni]4/3(/N(=C3\C5C=CC=NC=5C5N=CC=CC\3=5)/NC(C3C=CC=CC=3)=O4)(Cl)Cl)C3C=CC=CC=3)/C2=CC=1,MAO,1000.0,Cc1ccccc1,323.15,1.0,0.67,49000.0,86.7,13.1,0.2,100.0,0.0,Ni,"(N,N,O,O)"
[Ni]1([P+](N(C2C(C(C)C)=CC=CC=2C(C)C)[Si](C)(C)C[P+]1(C1C=CC=CC=1)C1C=CC=CC=1)(C1C=CC=CC=1)C1C=CC=CC=1)(Br)Br,EADC,700.0,CC1CCCCC1,318.15,10.0,0.5,8710000.0,93.4,6.6,,67.9,20.5,Ni,"(P,P)"
C1C=CN2[Co]3(Cl)(Cl)N4=C(C(C5C=CC=CC=5)=N3C3C(C(C)C)=CC=CC=3C(C)C)C=CC3C=CC=1C=2C=34,MMAO,1500.0,Cc1ccccc1,293.15,1.0,0.5,415000.00000000006,95.2,4.8,,,,Co,"(N,N,N)"
C1=CC(C2C=CC=CC=2)=N2[Co]3(Cl)(Cl)N4C5C=CC=CC=5OC=4C4C=CC5=CC=C1C2=C5N=43,MMAO,1000.0,Cc1ccccc1,293.15,10.0,0.33,56999.99999999999,74.5,25.5,,90.9,,Co,"(N,N,N)"
P(C1[P+](C2C=CC=CC=2)(C2C=CC=CC=2)[Ni](Cl)(Cl)[P+]1(C1C=CC=CC=1)C1C=CC=CC=1)(=O)(OC1C=CC=CC=1)OC1C=CC=CC=1,MAO,100.0,Cc1ccccc1,296.15,10.0,0.58,66198.0,91.0,9.0,1.0,48.0,41.0,Ni,"(P,P)"
C1CC[P+]([Cr](O2CCCC2)(Cl)(Cl)(Cl)[NH2+]1)(C1C=CC=CC=1)C1C=CC=CC=1,MAO,700.0,Cc1ccccc1,323.15,30.0,0.78,11211200.0,,29.8,59.2,0.0,94.1,Cr,"(N,O,P)"
C1C2C=CC(C(C)C)=N3[Fe]4(Cl)(Cl)N5C(C)=CC=CC=5C=N4C(=CC=1)C=23,MMAO,2000.0,Cc1ccccc1,293.15,10.0,0.3333333333333333,370000.0,85.4,14.6,,82.6,,Fe,"(N,N,N)"
N12CN3C4C=CC=CC=4N=N3[Ni](Br)(Br)N1=NC1C=CC=CC2=1,EASC,150.0,Cc1ccccc1,303.15,3.8,0.5,1371000.0,90.7,9.3,,35.6,21.3,Ni,"(N,N)"
C1C(C)=CC(C)=C(N2[Ni]3(Br)(Br)N4C5C=CC=CC=5NC=4C4C=CC=C(N=43)C=2C)C=1C,DEAC,300.0,Cc1ccccc1,313.15,10.0,0.5,890000.0,87.4,7.3,,79.9,,Ni,"(N,N,N)"
C1C=CN2[Ni](C3C(C)=CC(C)=CC=3C)(Br)N3=C(C)C=CC4C=CC=1C=2C=43,MMAO-12,100.0,Cc1ccccc1,299.65,20.0,0.5,3870900.0,36.0,26.0,16.0,,,Ni,"(C,N,N)"
C1(C)(C)COC2C(C)[P+](C3C=CC=CC=3)(C3C=CC=CC=3)[Ni]3(Cl[Ni]4(Cl3)(Cl)N3=C(C(C)[P+]4(C4C=CC=CC=4)C4C=CC=CC=4)OCC3(C)C)(Cl)N1=2,EADC,6.0,Cc1ccccc1,303.15,10.0,0.5833333333333334,1068705.0,64.0,33.0,3.0,13.0,,Ni,"(N,P)"
N12CC3C=CC=C4CN5N(=C(C(C)(C)C)C=C5C(C)(C)C)[Ni](Cl)(Cl)(N1=C(C(C)(C)C)C=C2C(C)(C)C)N=34,EADC,250.0,Cc1ccccc1,315.15,20.0,1.0,2958000.0,53.0,28.0,19.0,,,Ni,"(N,N,N)"
C1C=CC2[P+](C3C=CC=CC=3)(C3C=CC=CC=3)[Ni](Br)(Br)N3C(C)(C)COC=3C=2C=1,MAO,1000.0,Cc1ccccc1,273.15,1.0,0.5,108000.0,98.2,1.8,,,,Ni,"(N,P)"
C1=CC(C2C=CC=CC=2)=N2[Ni]3(Cl)(Cl)N4C(C)(C)COC=4C4C=CC5=CC=C1C2=C5N=43,DEAC,200.0,Cc1ccccc1,293.15,10.0,0.33,1090000.0,80.9,19.1,,61.3,,Ni,"(N,N,N)"
C12C=CC3C=CC(C)=N4[Ni]5(Br)(Br)N6C7C=CC=CC=7N(CC7C=CC=CC=7)C=6C(=CC=1)N5=C2C=34,DEAC,800.0,Cc1ccccc1,313.15,30.0,0.3333333333333333,3600000.0,92.5,7.5,,50.9,,Ni,"(N,N,N)"
C1(Cl)C=C2C3=N([Ni]4(OC2=C(Cl)C=1)OC1=C(Cl)C=C(Cl)C=C1C1=N4C2C=CC=CC=2N1C(C)C)C1C=CC=CC=1N3C(C)C,DEAC,200.0,Cc1ccccc1,293.15,1.0,1.0,155000.0,90.4,9.6,,,,Ni,"(N,N,O,O)"
C1C2C(=N(C3C(C(C)C)=CC=CC=3C(C)C)[Ni]3(Cl)(Cl)N=2C(C2OC4C=CC=CC=4N=23)=CC=1)C,"CC[Al](Cl)CC,PPh3",200.0,Cc1ccccc1,323.15,10.0,0.5,7190000.000000001,94.5,5.5,,8.3,,Ni,"(N,N,N)"
C1C=CC(C)=C(N2[Ni]3(Cl)(Cl)N4C5C=CC=CC=5NC=4C4C=CC=C(N=43)C=2C)C=1C,MMAO,1000.0,Cc1ccccc1,293.15,10.0,0.5,90000.0,99.2,0.8,,96.2,,Ni,"(N,N,N)"
C1(=O[Fe]2(Cl)(Cl)N3C4C=CC=CC=4N(C)C=3C3C=CC=C1N=32)C,DEAC,200.0,Cc1ccccc1,313.15,20.0,0.5,480000.0,86.3,13.7,,,,Fe,"(N,N,O)"
C1C2C3C=NC4C=CC=CC=4N=3[Ni]3(Br)(Br)N=2C(C(C)=N3C2C(C)=CC=CC=2C)=CC=1,DEAC,700.0,Cc1ccccc1,293.15,10.0,0.5,740000.0,84.2,15.8,,,,Ni,"(N,N,N)"
C1N=C2C3N=CC=CC=3/C(=N3/NC(=O[Ni]4/3(/N(=C3\C5C=CC=NC=5C5N=CC=CC\3=5)/NC(C3C=C([N+]([O-])=O)C=CC=3)=O4)(Cl)Cl)C3C=C([N+]([O-])=O)C=CC=3)/C2=CC=1,MAO,1200.0,Cc1ccccc1,303.15,1.0,0.5,10300.0,100.0,0.0,0.0,100.0,0.0,Ni,"(N,N,O,O)"
C1C=CC(C)=C(N2[Fe]3(Cl)(Cl)N4C5C=CC=C(Cl)C=5NC=4C4C=CC=C(N=43)C=2C)C=1C,MAO,250.0,Cc1ccccc1,303.15,30.0,0.5,2820000.0,32.2,22.3,13.7,,,Fe,"(N,N,N)"
C1=CC=N2[Co]3(Cl)(Cl)N4C5C=CC=CC=5NC=4C4C=CC5=CC=C1C2=C5N=43,MMAO,500.0,Cc1ccccc1,293.15,30.0,0.33,454000.0,90.5,9.5,,88.2,,Co,"(N,N,N)"
C1C2C(=N(C3C(C(C)C)=CC=CC=3C(C)C)[Ni]3(Cl)(Cl)N=2C(C2OC4C=CC=CC=4N=23)=CC=1)C,DEAC,200.0,Cc1ccccc1,313.15,10.0,0.5,677000.0,96.3,3.7,,88.1,,Ni,"(N,N,N)"
C1C=CC=C(OCCN2[Ni](Cl)(Cl)OC3=CC=CC=C3C=2)C=1,MAO,300.0,Cc1ccccc1,303.15,20.0,0.5,166000.0,86.34,5.95,4.39,,,Ni,"(N,O)"
C12C[P+](C3C=CC=CC=3)(C3C=CC=CC=3)[Ni](Cl)(Cl)N=1CCS2,MAO,2000.0,Cc1ccccc1,303.15,4.0,0.5,541365.0,89.8,9.3,0.8,,9.6,Ni,"(N,P)"
N12[Cr](Cl)(O3CCCC3)(Cl)(OC3C(C(C)(C)C)=CC(C(C)(C)C)=CC=3C=1)N1=CC=C(C3C(C)=CC(C)=CC=3C)N1CC2,MAO,500.0,Cc1ccccc1,373.15,20.0,0.25,922845.0,15.5,17.3,17.0,83.3,93.8,Cr,"(N,N,O,O)"
C1C=C2[S+]([Cr](O3CCCC3)(Cl)(Cl)(Cl)N(C(C)(C)C)=CC2=CC=1)C1C=CC=CC=1,MAO,600.0,Cc1ccccc1,353.15,20.0,0.25,906015.0,21.9,20.9,19.2,,,Cr,"(N,O,S)"
C1C(CO)=N2[Ni](Cl)(Cl)N(C3C(C(C)(C)C)=CC(C(C)(C)C)=CC=3C(C)(C)C)=C3CCCC(C=1)=C23,MMAO,6000.0,Cc1ccccc1,303.15,10.0,0.5,1740000.0,18.1,81.9,,60.8,48.7,Ni,"(N,N)"
C1C=CC2N3[Ni](Br)(Br)N(C4C(CC)=CC(C)=CC=4CC)=C(C(C)(C)C)C=3C=CC=2C=1,MMAO,2500.0,Cc1ccccc1,313.15,5.0,0.5,1650000.0,8.1,83.4,,,,Ni,"(N,N)"
C1C=CC=C([NH+]2[Cr]3(Cl)(Cl)(O4CCCC4)N4C(C(C)(C)C)=CC=C4C=N3CC2)C=1,MAO,1000.0,Cc1ccccc1,353.15,20.0,0.25,1220175.0,14.0,17.5,17.5,96.5,96.9,Cr,"(N,N,N,O)"
C12C=CC3C=CC=N4[Ni]5(Cl)(Cl)N6C7C=CC=CC=7NC=6C(=CC=1)N5=C2C=34,"CC[Al](Cl)CC,PPh3",300.0,Cc1ccccc1,293.15,30.0,0.3333333333333333,32100000.000000004,88.4,11.6,,20.8,,Ni,"(N,N,N)"
C1C=CN2[Fe]3(Cl)(Cl)N4=C(C(C)=N3C3C(CC)=CC=CC=3)C=CC3C=CC=1C=2C=34,MMAO,500.0,Cc1ccccc1,273.15,1.0,0.5,1340000.0,30.9,35.6,33.5,,,Fe,"(N,N,N)"
[Ni]1([P+](N(C2C(C(C)C)=CC=CC=2C(C)C)[Si](C)(C)C[P+]1(C1C=CC=CC=1)C1C=CC=CC=1)(C1C=CC=CC=1)C1C=CC=CC=1)(Br)Br,EADC,500.0,CC1CCCCC1,303.15,10.0,0.5,2049999.9999999998,95.6,4.4,,87.6,38.2,Ni,"(P,P)"
C1C=C(C2C=CC=CC=2)N2[Cr]3(Cl)(Cl)(Cl)N4C5C=CC=CC=5OC=4C4C=CC5C=CC=1C=2C=5N=43,MMAO,1500.0,Cc1ccccc1,333.15,1.0,0.5,218000.00000000003,58.4,24.3,,,,Cr,"(N,N,N)"
C1C(C)=CC(C)=C(N2=C(C)C3N4[Ni]2(Cl)(Cl)N2C5C=CC=C(C)C=5NC=2C=4C=CC=3)C=1C,DEAC,700.0,Cc1ccccc1,303.15,10.0,0.67,3000000.0,99.7,0.3,,,,Ni,"(N,N,N)"
C1C=CC(CC)=C(N2[Fe]3(Cl)(Cl)N(C4C=CC=CC=4Cl)=C(C)C4C=CC=C(N=43)C=2C)C=1,MMAO,1000.0,Cc1ccccc1,293.15,1.0,1.0,670000.0,8.3,,,,,Fe,"(N,N,N)"
C1C=CN2[Fe]3(Cl)(Cl)N4=C(C(C)=N3C3C(Cl)=CC(Cl)=CC=3Cl)C=CC3C=CC=1C=2C=34,MMAO,500.0,Cc1ccccc1,293.15,1.0,0.5,469000.0,19.1,40.1,40.8,,,Fe,"(N,N,N)"
[Ni]1234(N(=C5C=C(NCCN(C)C)C(=O)C=C5O1)CCN2(C)C)N(C)(C)CCN3=C1C=C(NCCN(C)C)C(=O)C(O4)=C1,MAO,200.0,Clc1ccccc1,303.15,10.0,0.5833333333333334,213180.0,87.0,14.0,2.0,,,Ni,"(N,N,N,N,O,O)"
C1C=CN2[Fe]3(Cl)(Cl)N4=C(C=N3C3C(C)=CC(Br)=CC=3C)C=CC3C=CC=1C=2C=34,MMAO,500.0,Cc1ccccc1,293.15,1.0,0.5,589000.0,18.1,45.0,37.0,,,Fe,"(N,N,N)"
C1C=CN2[Fe]3(Cl)(Cl)N4=C(C(C)=N3C3C(Br)=CC(C)=CC=3)C=CC3C=CC=1C=2C=34,MMAO,500.0,Cc1ccccc1,293.15,1.0,0.5,411000.0,36.5,53.5,10.0,,,Fe,"(N,N,N)"
C1C(CO)=N2[Ni](Cl)(Cl)N(C3C(C(C)(C)C)=CC(C(C)(C)C)=CC=3C(C)(C)C)=C3CCCC(C=1)=C23,MMAO,5500.0,Cc1ccccc1,303.15,10.0,0.25,4159999.9999999995,16.4,83.6,,70.3,47.6,Ni,"(N,N)"
C1C2C3=N([Ni]4(Cl)(Cl)/N(=C\C5C=CC=CC=5)/C5=CC=CC(C=1)=C5N=24)C1C=CC=CC=1N3,"CC[Al](Cl)CC,PPh3",200.0,Cc1ccccc1,293.15,10.0,0.3333333333333333,12900000.0,85.5,14.5,,15.7,,Ni,"(N,N,N)"
C1C2C(=N(C3C(C(C)C)=CC=CC=3C(C)C)[Ni]3(Cl)(Cl)N=2C(C2OC4C=CC=CC=4N=23)=CC=1)C,DEAC,600.0,Cc1ccccc1,293.15,10.0,0.5,144000.0,100.0,0.0,,93.8,,Ni,"(N,N,N)"
C1CC[P+]([Cr](O2CCCC2)(Cl)(Cl)(Cl)[NH2+]1)(C1C=CC=CC=1)C1C=CC=CC=1,MAO,600.0,CCc1ccccc1,318.15,45.0,0.78,9146800.0,,23.8,67.8,,93.1,Cr,"(N,O,P)"
C1C=CC2N3[Ni](Br)(Br)N(C4C(C)=CC=CC=4C)=C(CCCC)C=3C=CC=2C=1,EASC,500.0,Cc1ccccc1,313.15,5.0,0.5,3339461.0,15.7,22.9,61.4,0.0,,Ni,"(N,N)"
C1=C2CP(C3C=CC=CC=3)(C3C=CC=CC=3)=O[Fe]3(Cl)(Cl)N4=C(C)C=C(C)N4CC(C=C1)=N23,EADC,1000.0,Cc1ccccc1,303.15,10.0,1.0,129999.99999999999,81.0,16.0,3.0,17.0,23.0,Fe,"(N,N,O)"
C1=CC2C=N3[Ni]4(N(=CC5C=CC=CC=5O4)CCCCCCCCNC(CCN(CCCCCCCCCCCC)CCC(=O)NCCCCCCCC3)=O)OC=2C=C1,DEAC,500.0,C1CCCCC1,298.15,5.0,0.5,83000.0,83.36,6.16,8.77,,,Ni,"(N,N,O,O)"
C1C=CC=C2N3[Ni]4(Br[Ni]5(Br)(N6C7C=CC=CC=7N=CC=6C6N5=CC=CC=6)Br4)(Br)N4=CC=CC=C4C=3C=NC=12,MAO,1000.0,Cc1ccccc1,303.15,1.0,0.5,310000.0,82.1,17.9,,100.0,19.1,Ni,"(N,N)"
C1C(C)(C)N2[Ni](Cl)(Cl)[P+](C3C=CC=CC=3)(C3C=CC=CC=3)OC(C)(C)C=2O1,EADC,6.0,Cc1ccccc1,303.15,10.0,0.5833333333333334,1040655.0,82.0,16.0,2.0,7.0,,Ni,"(N,P)"
[P+]12(C3=CC=CC=C3)OCC3=N(C=CC=C3)[Ni]1(Cl)(Cl)N1C(CO2)=CC=CC=1,MAO,400.0,Clc1ccccc1,303.15,10.0,0.5833333333333334,95370.0,77.0,20.0,3.0,,,Ni,"(N,N,P)"
[Ni]1234(N(=C5C=C(NCCN(C)C)C(=O)C=C5O1)CCN2(C)C)N(C)(C)CCN3=C1C=C(NCCN(C)C)C(=O)C(O4)=C1,EADC,10.0,Clc1ccccc1,303.15,10.0,0.5833333333333334,1043460.0,82.0,18.0,,,,Ni,"(N,N,N,N,O,O)"
C(CCCC)CCCCCCCCCCCCCN1CCC(=O)NCCN2[Fe]3(N(=CC4C(O3)=CC=CC=4)CCNC(=O)CC1)OC1C=CC=CC=1C=2,MAO,700.0,Cc1ccccc1,298.15,5.0,0.5,57500.00000000001,82.06,6.1,9.04,,,Fe,"(N,N,O,O)"
C1C2C3C=NC4C=CC=CC=4N=3[Ni]3(Cl)(Cl)N=2C(C(C)=N3C2C(C)=CC=CC=2C)=CC=1,TMA,700.0,Cc1ccccc1,293.15,10.0,0.5,40000.0,100.0,0.0,,,,Ni,"(N,N,N)"
C1C(C)=CC(C(C2C=CC=CC=2)C2C=CC=CC=2)=C(N2=C(C)C3N4[Ni]2(Cl)(Cl)N(C2C(C)=CC=CC=2C)=C(C)C=4C=CC=3)C=1C(C1C=CC=CC=1)C1C=CC=CC=1,EASC,300.0,Cc1ccccc1,323.15,10.0,0.5,418000.0,95.4,4.6,,88.1,,Ni,"(N,N,N)"
N1(=C(C2C=CC=CC=2)[P+](C2=CC=CC=C2)(C2=CC=CC=C2)[Cr]231(OC(C(CCCC)CC)=O2)OC(C(CCCC)CC)=O3)C1=C(C)C=CC=C1,MMAO-3A,500.0,"CC1CCCCC1,ZnEt2",333.15,45.0,1.0,4368000.0,0.9,50.8,34.4,85.5,66.2,Cr,"(N,O,O,O,O,P)"
C12C(C)=N(C3C=C(F)C=C(F)C=3)[Fe]3(Cl)(Cl)(Cl)N=1C(C(=N3C1C=C(F)C=C(F)C=1)C)=CC=C2,MAO,2500.0,Cc1ccccc1,333.15,10.0,1.0,2366964.2857142854,57.9,30.8,7.6,99.3,82.8,Fe,"(N,N,N)"
N123CCN(C(C)C)(C(C)C)[Cr]41(Cl)N1([Cr]42(Cl)N(C(C)C)(C(C)C)CC1)P1N(C(C)(C)C)P3N1C(C)(C)C,CC(C)C[Al](CC(C)C)CC(C)C,2000.0,Cc1ccccc1,343.15,35.0,0.5,9240000.0,0.0,0.0,0.0,,,Cr,"(Cr,N,N,N)"
C1(=O[Fe]2(Cl)(Cl)N3C4C=CC=CC=4N(C)C=3C3C=CC=C1N=32)C,MMAO,1000.0,Cc1ccccc1,293.15,20.0,0.5,180000.00000000003,75.0,25.0,,,,Fe,"(N,N,O)"
C1C=CC2[P+](C3C=CC=CC=3)(C3C=CC=CC=3)[Ni](Br)(Br)N3CC(C)OC=3C=2C=1,"MAO,PPh3",1000.0,Cc1ccccc1,298.15,1.0,0.5,527000.0,88.9,10.79,,,,Ni,"(N,P)"
C1C=CN2[Co]3(Cl)(Cl)N4=C(C(C5C=CC=CC=5)=N3C3C(C(C)C)=CC=CC=3C(C)C)C=CC3C=CC=1C=2C=34,MMAO,2500.0,Cc1ccccc1,293.15,1.0,0.5,398000.0,93.7,6.3,,,,Co,"(N,N,N)"
C12C=N3[Ni]4(N(=CC5C(O4)=C(C)C=CC=5)CC3)OC=1C(C)=CC=C2,MAO,275.0,C1CCCCC1,323.15,10.0,0.5,800000.0,45.5,37.0,7.8,86.5,56.7,Ni,"(N,N,O,O)"
C1([Cr](Cl)(Cl)C2N(C=C[N+]=2C2C(C)=CC(C)=CC=2C)P(C(C)(C)C)C(C)(C)C)=[N+](C2C(C)=CC(C)=CC=2C)C=CN1P(C(C)(C)C)C(C)(C)C,MAO,400.0,Clc1ccccc1,303.15,10.0,0.5833333333333334,9817.5,0.0,3.0,33.0,0.0,89.0,Cr,"(C,C)"
C1C2C3=N([Ni]4(Cl)(Cl)/N(=C\C5C=CC=CC=5)/C5=CC=CC(C=1)=C5N=24)C1C=CC=CC=1N3,DEAC,100.0,Cc1ccccc1,293.15,10.0,0.3333333333333333,5900000.0,88.7,11.3,,82.7,,Ni,"(N,N,N)"
C12C=CC3C=CC(C)=N4[Ni]5(Cl)(Cl)N6C7C=CC=CC=7N(C)C=6C(=CC=1)N5=C2C=34,"CC[Al](Cl)CC,PPh3",300.0,Cc1ccccc1,293.15,30.0,0.3333333333333333,37800000.0,92.5,7.5,,19.5,,Ni,"(N,N,N)"
C1=CC=N2[Fe]3(Cl)(Cl)N4C5C=CC=CC=5OC=4C4C=CC5=CC=C1C2=C5N=43,MMAO,500.0,Cc1ccccc1,293.15,1.0,0.33,91400.0,89.9,10.1,,62.3,,Fe,"(N,N,N)"
C1C=CC2N3[Ni]4(Br)(Br)N5=C(CN4(C)CC=3NC=2C=1)NC1C=CC=CC=15,EASC,200.0,Cc1ccccc1,303.15,1.3,0.5,1411553.19,84.1,15.9,0.0,15.9,,Ni,"(N,N,N)"
C1C=CC(C)=C(N2[Ni]3(Cl)(Cl)N4C5C=CC=CC=5NC=4C4C=CC=C(N=43)C=2C)C=1C,DEAC,100.0,Cc1ccccc1,293.15,10.0,0.5,370000.0,92.3,7.7,,90.1,,Ni,"(N,N,N)"
C1C(O)=CC2O[Ni]34OC5=CC(O)=CC=C5C=N3CCCCN4=CC=2C=1,MAO,700.0,Cc1ccccc1,298.15,5.0,0.5,145000.0,21.02,39.66,24.18,,,Ni,"(N,N,O,O)"
C1C=C(C2C=CC=CC=2)N2[Co]3(Cl)(Cl)N(C4C(CC)=CC=CC=4CC)=C(C)C4C=CC5C=CC=1C=2C=5N=43,MAO,500.0,Cc1ccccc1,303.15,10.0,0.5,4060000.0,95.7,4.0,,99.7,,Co,"(N,N,N)"
C1C=CN2[Co]3(Cl)(Cl)N4=C(C=N3C3C(C)=CC=CC=3C)C=CC3C=CC=1C=2C=34,MAO,500.0,Cc1ccccc1,313.15,10.0,1.0,670000.0,97.7,2.0,0.3,,,Co,"(N,N,N)"
C1C=C2[S+]([Cr](O3CCCC3)(Cl)(Cl)(Cl)N(C(C)(C)C)=CC2=CC=1)C1C=CC=CC=1,MAO,300.0,Cc1ccccc1,333.15,20.0,0.25,30855.0,31.4,28.0,18.0,,,Cr,"(N,O,S)"
C1C2C(=N(C3C(C)=CC(Br)=CC=3C)[Ni]3(Cl)(Cl)N=2C(C2OC4C=CC=CC=4N=23)=CC=1)C,DEAC,200.0,Cc1ccccc1,323.15,10.0,0.5,1039999.9999999999,97.8,2.2,,89.2,,Ni,"(N,N,N)"
C1C=C(C2C=CC=CC=2)N2[Ni]3(Cl)(Cl)N(C4C(C(C)C)=CC=CC=4C(C)C)=C(C4C=CC=CC=4)C4C=CC5C=CC=1C=2C=5N=43,MMAO,500.0,Cc1ccccc1,293.15,1.0,0.5,12800.0,100.0,0.0,,41.6,,Ni,"(N,N,N)"
C1C=CC2N3[Fe](Cl)(Cl)N4=C(C(=O)OCC)C=CC=C4C=3NC=2C=1,MMAO,1000.0,Cc1ccccc1,293.15,20.0,0.5,1030000.0,96.3,3.4,,,,Fe,"(N,N)"
C1C=C(C(C)C)C2N3[Ni](Cl)(Cl)N4C5C=CC=CC=5NC=4C=3C=CC=2C=1,DEAC,250.0,Cc1ccccc1,303.15,10.0,0.33,2990000.0,94.1,5.9,,84.0,,Ni,"(N,N)"
C1C2C3C=NC4C=CC=CC=4N=3[Ni]3(Br)(Br)N=2C(C(C)=N3C2C(C)=CC=CC=2C)=CC=1,DEAC,700.0,Cc1ccccc1,293.15,30.0,0.5,1860000.0000000002,97.6,2.4,,,,Ni,"(N,N,N)"
S(C)CCCN1[P+]([Ni](Cl)(Cl)[P+]1(C1C=CC=CC=1)C1C=CC=CC=1)(C1C=CC=CC=1)C1C=CC=CC=1,EADC,40.0,Clc1ccccc1,302.15,10.0,0.58,2378640.0,70.0,26.0,3.0,,,Ni,"(P,P)"
C12C=N3[Cr](O(C4C=CC=CC=4)CC3)(O3CCCC3)(Cl)(Cl)OC1=C(C(C)(C)C)C=C(C(C)(C)C)C=2,MAO,300.0,Cc1ccccc1,353.15,20.0,0.25,1015410.0,19.8,21.1,18.8,91.5,97.0,Cr,"(N,O,O,O)"
CCCCCCCCCCCCCCN1CCC(=O)NCCN2[Ni]3(N(=CC4C(O3)=CC=CC=4)CCNC(=O)CC1)OC1C=CC=CC=1C=2,MAO,500.0,Cc1ccccc1,298.15,5.0,0.5,135000.0,52.1,9.3,32.63,,,Ni,"(N,N,O,O)"
C1C2C=CC(C)=N3[Co]4(Cl)(Cl)N5C(C)=CC=CC=5C=N4C(=CC=1)C=23,MMAO,1500.0,Cc1ccccc1,293.15,30.0,0.3333333333333333,2220000.0,96.4,3.6,,94.9,,Co,"(N,N,N)"
C1C=CC(C)=C(N2[Fe]3(Cl)(Cl)(Cl)N4=C(C5N(C)C6C=CC=CC=6N=53)C=CC=C4C=2C)C=1C,MAO,1000.0,Cc1ccccc1,293.15,1.0,0.5,5190.0,40.6,20.2,,,,Fe,"(N,N,N)"
C1C2C3=N([Ni]4(Cl)(Cl)/N(=C\C5C=CC=CC=5C)/C5=CC=CC(C=1)=C5N=24)C1C=CC=CC=1N3,DEAC,203.0,Cc1ccccc1,293.15,10.0,0.3333333333333333,6300000.0,89.1,10.9,,88.1,,Ni,"(N,N,N)"
C1C(C)=N2[Ni](Br)(Br)N3=C(C)C=CC4C=CC(C=1)=C2C=43,MAO,500.0,Cc1ccccc1,313.15,1.0,0.5,344000.0,97.8,2.2,,,,Ni,"(N,N)"
C1C=C(C2C=CC=CC=2)N2[Fe]3(Cl)(Cl)N(C4C(C)=CC=CC=4C)=C(C)C4C=CC5C=CC=1C=2C=5N=43,MAO,500.0,Cc1ccccc1,313.15,10.0,0.5,408000.0,99.2,0.8,,99.8,,Fe,"(N,N,N)"
C1(OC)C=C2C3=N([Ni]4(OC2=CC=1)OC1=CC=C(OC)C=C1C1=N4C2C=CC=CC=2N1C(C)C)C1C=CC=CC=1N3C(C)C,DEAC,200.0,Cc1ccccc1,293.15,1.0,0.5,339000.0,91.6,8.4,,,,Ni,"(N,N,O,O)"
N1(C(C)C)[P+](C2C=CC=CC=2)(C2C=CC=CC=2)[Ni](Br)(Br)[P+](C2C=CC=CC=2)(C2C=CC=CC=2)[Si]1(C)C,EADC,700.0,C1CCCCC1C,318.15,10.0,0.5,76000000.0,85.9,14.1,,35.9,9.2,Ni,"(P,P)"
C1(C(C)C)C=CC=C(C(C)C)C=1N1[Ni](Br)(Br)[P+](C(C)C)(C(C)C)OC=1C(C)(C)C,DEAC,1192.3076923076924,Cc1ccccc1,303.15,5.0,1.0,2715240.0,82.0,18.0,0.0,40.0,,Ni,"(N,P)"
C1C=CC2N3[Ni](Br)(Br)N(C4C(C(C)C)=CC=CC=4C(C)C)=C4CCCC(=CC=2C=1)C=34,TMA,300.0,Cc1ccccc1,303.15,10.0,0.5,631000.0,47.5,17.6,34.9,,,Ni,"(N,N)"
C1C=C(C)C2N3[Ni](Cl)(Cl)N4C5C=CC=CC=5N(C)C=4C=3C=CC=2C=1,DEAC,400.0,Cc1ccccc1,303.15,10.0,0.33,2470000.0,93.5,6.5,,78.8,,Ni,"(N,N)"
N1(C2C(C(C)C)=CC=CC=2C(C)C)[P+](C2C=CC=CC=2)(C2C=CC=CC=2)[Ni](Br)(Br)[P+](C2C=CC=CC=2)(C2C=CC=CC=2)[Si]1(C)C,EADC,500.0,C1CCCCC1C,318.15,10.0,0.5,92000000.0,86.2,13.8,,30.4,10.1,Ni,"(P,P)"
C1C(Br)=CC(C)=C(N2=C(C)C3N4[Co]2(Cl)(Cl)N2C5C=CC=CC=5OC=2C=4C=CC=3)C=1C,MAO,1000.0,Cc1ccccc1,293.15,10.0,0.5,112000.00000000001,96.7,3.3,,93.2,,Co,"(N,N,N)"
C1C=CN2[Co]3(Cl)(Cl)N4=C(C(C5C=CC=CC=5)=N3C3C(C(C)C)=CC=CC=3C(C)C)C=CC3C=CC=1C=2C=34,MMAO,500.0,Cc1ccccc1,293.15,1.0,0.5,353000.0,94.5,5.5,,,,Co,"(N,N,N)"
C1C=C(C2C=CC=CC=2)N2[Cr]3(Cl)(Cl)(Cl)N4C5C=CC=CC=5NC=4C4C=CC5C=CC=1C=2C=5N=43,MMAO,1500.0,Cc1ccccc1,333.15,1.0,0.5,163000.0,60.1,26.9,,,,Cr,"(N,N,N)"
C1C2C3C=NC4C=CC=CC=4N=3[Ni]3(Cl)(Cl)N=2C(C(C)=N3C2C(C)=CC(C)=CC=2C)=CC=1,"CC[Al](Cl)CC,PPh3",700.0,Cc1ccccc1,293.15,1.0,0.5,129999.99999999999,97.7,2.3,,,,Ni,"(N,N,N)"
C1C=CN2[Cr]3(Cl)(Cl)(Cl)N(C4C(CC)=CC=CC=4CC)=C(C4C=CC=CC=4)C4C=CC5C=CC=1C=2C=5N=43,MAO,1000.0,Cc1ccccc1,313.15,10.0,1.0,2420000.0,32.4,47.4,20.2,,,Cr,"(N,N,N)"
C1C=CN2[Co]3(Cl)(Cl)N4=C(C=N3C3C(C(C)C)=CC=CC=3C(C)C)C=CC3C=CC=1C=2C=34,MMAO,1000.0,Cc1ccccc1,293.15,1.0,0.5,265000.0,100.0,0.0,,,,Co,"(N,N,N)"
C1C=CN2[Co]3(Cl)(Cl)N4=C(C(C)=N3C3C(C(C)C)=CC=CC=3C(C)C)C=CC3C=CC=1C=2C=34,MMAO,1000.0,Cc1ccccc1,293.15,1.0,0.5,256999.99999999994,99.3,0.7,,,,Co,"(N,N,N)"
N12CC3C=CC=C4CN5N(=C(C)C=C5C)[Ni](Cl)(Cl)(N1=C(C)C=C2C)N=34,EADC,250.0,Cc1ccccc1,331.15,20.0,2.0,2510000.0,42.0,29.0,29.0,,,Ni,"(N,N,N)"
C1C2C=CC(C)=N3[Fe]4(Cl)(Cl)N5C(C)=CC=CC=5C=N4C(=CC=1)C=23,MMAO,2000.0,Cc1ccccc1,293.15,30.0,0.3333333333333333,1820000.0,98.5,1.5,,96.6,,Fe,"(N,N,N)"
C1C=CC(C)=C(N2[Fe]3(Cl)(Cl)N4C5C=CC=C(C)C=5NC=4C4C=CC=C(N=43)C=2C)C=1C,MMAO,250.0,Cc1ccccc1,303.15,30.0,0.5,600000.0,38.4,23.9,13.4,,,Fe,"(N,N,N)"
[P+]1([Cr](Cl)(O2CCCC2)(Cl)(Cl)[P+](C2C=CC=CC=2)(C2C=CC=CC=2)C2C=C(C)C(C)=CC1=2)(C1C=CC=CC=1)C1C=CC=CC=1,MAO,730.0,Cc1ccccc1,358.15,20.0,0.5,11351600.0,0.5,54.3,29.6,,86.8,Cr,"(O,P,P)"
C1(=O[Fe]2(Cl)(Cl)N3C4C=CC=CC=4N(C)C=3C3C=CC=C1N=32)C,DEAC,300.0,Cc1ccccc1,293.15,20.0,0.5,214000.0,60.0,40.0,,,,Fe,"(N,N,O)"
N12CC3C=CC=C4CN5N(=C(C)C=C5C)[Ni](Cl)(Cl)(N1=C(C)C=C2C)N=34,EADC,250.0,Cc1ccccc1,339.15,20.0,0.5,5916000.0,47.0,29.0,23.0,,,Ni,"(N,N,N)"
CCCCCCCCCCCCN1CCC(=O)NCCN2[Ni]3(N(=CC4C(O3)=CC=CC=4)CCNC(=O)CC1)OC1C=CC=CC=1C=2,MAO,1000.0,Cc1ccccc1,298.15,5.0,0.5,236000.00000000003,67.54,11.43,20.21,,,Ni,"(N,N,O,O)"
[Ni]1234(N(=C5C=C(NCCN(C)C)C(=O)C=C5O1)CCN2(C)C)N(C)(C)CCN3=C1C=C(NCCN(C)C)C(=O)C(O4)=C1,MAO,100.0,Clc1ccccc1,303.15,10.0,0.5833333333333334,81345.0,92.0,7.0,1.0,,,Ni,"(N,N,N,N,O,O)"
C1=CC2C=N3[Ni]4(N(=CC5C=CC=CC=5O4)CCCCNC(CCN(CCCCCCCCCCCC)CCC(=O)NCCCC3)=O)OC=2C=C1,DEAC,500.0,Cc1ccccc1,298.15,5.0,0.5,580000.0,71.63,9.74,2.38,,,Ni,"(N,N,O,O)"
C(N(CCC(=O)NCCN1C2N([Ni](Cl)(Cl)N3C=CC=CC1=3)=CC=CC=2)C1CCCCC1)CC(=O)NCCN1C2N([Ni](Cl)(Cl)N3C=CC=CC1=3)=CC=CC=2,MAO,700.0,C1CCCCC1,328.15,40.0,0.5,135000.0,64.41,18.18,7.95,,,Ni,"(N,N)"
C1C=CN2[Cr]3(Cl)(Cl)(Cl)N(C4C(C(C)C)=CC=CC=4C(C)C)=C(C4C=CC=CC=4)C4C=CC5C=CC=1C=2C=5N=43,MAO,1000.0,Cc1ccccc1,353.15,10.0,1.0,460000.00000000006,31.3,16.4,52.3,,,Cr,"(N,N,N)"
C1C=CN2[Cr]3(Cl)(Cl)(Cl)N(C4C(CC)=CC=CC=4CC)=C(C4C=CC=CC=4)C4C=CC5C=CC=1C=2C=5N=43,MMAO,1000.0,Cc1ccccc1,293.15,1.0,1.0,211000.0,64.2,19.8,16.0,,,Cr,"(N,N,N)"
N12[Ni]3(Cl)O(CCN3=CC1=CC=C2)C1C=CC=CC=1,EASC,250.0,Cc1ccccc1,303.15,20.0,0.33,530145.0,94.5,5.5,,79.0,29.0,Ni,"(N,N,O)"
P(C1[P+](C2C=CC=CC=2)(C2C=CC=CC=2)[Ni]2([P+](C(P(=O)(OC3C=CC=CC=3)OC3C=CC=CC=3)=P2(C2C=CC=CC=2)C2C=CC=CC=2)(C2C=CC=CC=2)C2C=CC=CC=2)P=1(C1C=CC=CC=1)C1C=CC=CC=1)(=O)(OC1C=CC=CC=1)OC1C=CC=CC=1,EADC,3.0,Cc1ccccc1,296.15,10.0,0.58,20196.0,90.0,10.0,0.0,14.0,0.0,Ni,"(P,P,P,P)"
C1C2C(=N(C3C(C(C)C)=CC=CC=3C(C)C)[Ni]3(Cl)(Cl)N=2C(C2OC4C=CC=CC=4N=23)=CC=1)C,DEAC,200.0,Cc1ccccc1,323.15,10.0,0.5,1450000.0,94.6,5.4,,77.9,,Ni,"(N,N,N)"
C1C=CC=C(OCCN2[Co](Cl)(Cl)OC3=CC=CC=C3C=2)C=1,MAO,300.0,Cc1ccccc1,323.15,20.0,0.5,338000.0,35.57,14.02,34.44,,,Co,"(N,O)"
[Ni]1([P+](N(C2CCCC2)[Si](C)(C)C[P+]1(C1C=CC=CC=1)C1C=CC=CC=1)(C1C=CC=CC=1)C1C=CC=CC=1)(Br)Br,EADC,500.0,CC1CCCCC1,318.15,10.0,0.5,10100000.0,85.7,14.3,,61.0,16.0,Ni,"(P,P)"
C1C=CN2[Co]3(Cl)(Cl)N4=C(C(C5C=CC=CC=5)=N3C3C(C(C)C)=CC=CC=3C(C)C)C=CC3C=CC=1C=2C=34,CC(C)C[Al](CC(C)C)CC(C)C,500.0,Cc1ccccc1,293.15,1.0,0.5,65200.00000000001,100.0,0.0,,,,Co,"(N,N,N)"
C1C(C)=N2[Ni](Br)(Br)N3=C(C)C=CC4C=CC(C=1)=C2C=43,MAO,1500.0,Cc1ccccc1,293.15,1.0,0.5,156000.0,98.0,2.0,,,,Ni,"(N,N)"
C1=CC(C2C=CC=CC=2)=N2[Fe]3(Cl)(Cl)N4C(C)(C)COC=4C4C=CC5=CC=C1C2=C5N=43,MMAO,800.0,Cc1ccccc1,293.15,10.0,0.33,153000.0,96.0,4.0,,83.3,,Fe,"(N,N,N)"
C1C=CN2[Fe]3(Cl)(Cl)N4=C(C=N3C3C(C)=CC=CC=3)C=CC3C=CC=1C=2C=34,MMAO,1000.0,Cc1ccccc1,293.15,10.0,0.5,16800000.0,43.7,32.5,23.8,,,Fe,"(N,N,N)"
C1C=CC=N2[Ni]3(Cl[Ni]4(Cl3)(Cl)N3C(CC(C)(C)O[P+]4(C4=CC=CC=C4)C4C=CC=CC=4)=CC=CC=3)(Cl)[P+](C3=CC=CC=C3)(C3C=CC=CC=3)OC(C)(C)CC=12,EADC,6.0,Cc1ccccc1,303.15,10.0,0.5833333333333334,1385670.0,59.0,35.0,5.0,6.0,,Ni,"(N,P)"
C1C=CC2N3[Ni](Br)(Br)N(C4C(C)=CC=CC=4C)=C(C(C)(C)C)C=3C=CC=2C=1,EASC,500.0,Cc1ccccc1,313.15,5.0,0.75,3150000.0,14.7,25.6,,,,Ni,"(N,N)"
C1C=CC(F)=C(N2[Fe]3(Cl)(Cl)(Cl)N4=C(C5N(C)C6C=CC=CC=6N=53)C=CC=C4C=2C)C=1F,MAO,700.0,Cc1ccccc1,293.15,10.0,0.5,3590000.0,54.4,28.5,,,,Fe,"(N,N,N)"
[Ni]1([P+](N(C2C(C(C)C)=CC=CC=2C(C)C)[Si](C)(C)C[P+]1(C1C=CC=CC=1)C1C=CC=CC=1)(C1C=CC=CC=1)C1C=CC=CC=1)(Br)Br,EADC,500.0,CC1CCCCC1,333.15,10.0,0.5,7890000.0,91.6,8.4,,74.5,23.6,Ni,"(P,P)"
C1C=CC(Cl)=C(N2[Ni]3(Cl)(Cl)N4C5C=CC=CC=5NC=4C4C=CC=C(N=43)C=2C)C=1Cl,DEAC,300.0,Cc1ccccc1,313.15,10.0,0.5,3030000.0,94.9,5.1,,87.1,,Ni,"(N,N,N)"
C1(Cl)C=C2C3=N([Ni]4(OC2=C(Cl)C=1)OC1=C(Cl)C=C(Cl)C=C1C1=N4C2C=CC=CC=2N1C(C)C)C1C=CC=CC=1N3C(C)C,"CC[Al](Cl)CC,PPh3",200.0,Cc1ccccc1,293.15,1.0,0.5,1440000.0,93.0,7.0,,,,Ni,"(N,N,O,O)"
C1(=N(C2C(Cl)=CC=CC=2Cl)[Fe]2(Cl)(Cl)N3C4C=CC=CC=4N(C)C=3C3C=CC=C1N=32)C,MAO,1000.0,Cc1ccccc1,293.15,30.0,0.5,321000.0,37.3,25.8,14.2,,,Fe,"(N,N,N)"
C1C([N+]([O-])=O)=CN2[Ni](Br)(Br)N(C3C(C(C)C)=CC=CC=3C(C)C)=C(C3C=CC=CC=3)NC=2C=1,MAO,1200.0,C(Cl)Cl,293.15,0.5,0.5,274890.0,35.6,49.2,12.0,,,Ni,"(N,N)"
C12C=CC3C=CC=N4[Ni]5(Cl)(Cl)N6C7C=CC=CC=7NC=6C(=CC=1)N5=C2C=34,DEAC,1000.0,Cc1ccccc1,293.15,30.0,0.3333333333333333,8800000.0,89.9,10.1,,66.0,,Ni,"(N,N,N)"
C1(Cl)C=C2C3=N([Ni]4(OC2=C(Cl)C=1)OC1=C(Cl)C=C(Cl)C=C1C1=N4C2C=CC=CC=2N1C(C)C)C1C=CC=CC=1N3C(C)C,DEAC,700.0,Cc1ccccc1,293.15,1.0,0.5,103000.0,95.1,4.9,,,,Ni,"(N,N,O,O)"
C1C(CO)=N2[Ni](Cl)(Cl)N(C3C(C(C)(C)C)=CC(C(C)(C)C)=CC=3C(C)(C)C)=C3CCCC(C=1)=C23,DEAC,800.0,Cc1ccccc1,303.15,10.0,0.5,911000.0,68.5,31.5,,95.2,38.7,Ni,"(N,N)"
C1=CC=C2N([Cr](Cl)(Cl)(O3CCCC3)([P+](CN2)(C2=CC=CC=C2)C2=CC=CC=C2)Cl)=C1,MAO,500.0,Cc1ccccc1,353.15,40.0,0.5,2893790.9494000003,11.0,14.0,16.0,,,Cr,"(N,O,P)"
C1C=CN2[Cr]3(Cl)(Cl)(Cl)N(C4C(CC)=CC=CC=4CC)=C(C4C=CC=CC=4)C4C=CC5C=CC=1C=2C=5N=43,MAO,1000.0,Cc1ccccc1,293.15,1.0,1.5,729000.0,51.4,28.4,20.2,,,Cr,"(N,N,N)"
C1C=CN2[Ni](Br)(Br)N3=CC=CC4C=CC=1C=2C=43,MMAO-12,100.0,Cc1ccccc1,299.65,20.0,0.5,1856910.0,32.0,25.0,17.0,,,Ni,"(N,N)"
P(C1[P+](C2C=CC=CC=2)(C2C=CC=CC=2)[Ni]2([P+](C(P(=O)(OC3C=CC=CC=3)OC3C=CC=CC=3)=P2(C2C=CC=CC=2)C2C=CC=CC=2)(C2C=CC=CC=2)C2C=CC=CC=2)P=1(C1C=CC=CC=1)C1C=CC=CC=1)(=O)(OC1C=CC=CC=1)OC1C=CC=CC=1,MAO,200.0,Cc1ccccc1,296.15,10.0,0.58,87796.5,78.0,22.0,0.0,70.0,25.0,Ni,"(P,P,P,P)"
C12C=N3[Ni]4(N(=CC5C(O4)=C(C(C)(C)C)C=CC=5)CC3)OC=1C(C(C)(C)C)=CC=C2,MAO,275.0,C1CCCCC1,323.15,5.0,0.5,420000.0,27.3,65.8,1.3,79.5,60.8,Ni,"(N,N,O,O)"
C1C=CC(C)=C(N2[Fe]3(Cl)(Cl)N(C4C=CC=CC=4F)=C(C)C4C=CC=C(N=43)C=2C)C=1,MMAO,1500.0,Cc1ccccc1,293.15,1.0,1.0,1320000.0,20.0,,,,,Fe,"(N,N,N)"
C1C(CO)=N2[Ni](Cl)(Cl)N(C3C(C(C)(C)C)=CC(C(C)(C)C)=CC=3C(C)(C)C)=C3CCCC(C=1)=C23,DEAC,800.0,Cc1ccccc1,303.15,10.0,0.08,9820000.0,76.5,23.5,,96.8,33.3,Ni,"(N,N)"
C1(=N(C2C(C)=CC=CC=2C)[Fe]2(Cl)(Cl)N3C4C=CC=CC=4N(C)C=3C3C=CC=C1N=32)C,MAO,1000.0,Cc1ccccc1,293.15,30.0,0.5,6659999.999999999,26.0,21.2,17.7,,,Fe,"(N,N,N)"
C1(OC)C=CC2[P+](C3C=CC=CC=3)(C3C=CC=CC=3)[Ni](Br)(Br)N3C(C)(C)COC=3C=2C=1,MAO,1000.0,Cc1ccccc1,298.15,20.0,0.5,737000.0,82.07,6.63,,,,Ni,"(N,P)"
C1C=CC=C(OCCN2[Ni](Cl)(Cl)OC3=CC=CC=C3C=2)C=1,MAO,300.0,CCCCCC,323.15,20.0,0.5,166000.0,75.62,10.34,10.01,,,Ni,"(N,O)"
C1C=C(CC)C2N3[Ni](Cl)(Cl)N4C5C=CC=CC=5NC=4C=3C=CC=2C=1,DEAC,250.0,Cc1ccccc1,303.15,10.0,0.33,2890000.0,93.4,6.6,,77.7,,Ni,"(N,N)"
C1C=CC(C(OCC)=O)=N2[Ni](Br)(Br)N(C3C(Br)=CC=CC=3Br)=C(C)C=12,MAO,500.0,Cc1ccccc1,288.15,1.0,0.5,87100.00000000001,87.76,2.5,,,,Ni,"(N,N)"
C1C=CC(C)=C(N2[Ni]3(Cl)(Cl)N4C5C=CC=CC=5NC=4C4C=CC=C(N=43)C=2C)C=1C,DEAC,400.0,Cc1ccccc1,293.15,10.0,0.5,710000.0,90.5,7.4,,85.2,,Ni,"(N,N,N)"
C1C=CN2[Ni](Br)(Br)N3=CC=CC4C(O)=C(O)C=1C=2C=43,MMAO-12,100.0,Cc1ccccc1,299.65,20.0,0.5,434775.0,31.0,24.0,17.0,,,Ni,"(N,N)"
C1=CC=N2[Co]3(Cl)(Cl)N4C5C=CC=CC=5NC=4C4C=CC5=CC=C1C2=C5N=43,MAO,1000.0,Cc1ccccc1,293.15,30.0,0.33,802999.9999999999,90.4,9.6,,80.1,,Co,"(N,N,N)"
C1C=CC2N3[Ni](Br)(Br)N(C4C(C)=CC=CC=4C)=C(C(C)(C)C)C=3C=CC=2C=1,EASC,800.0,Cc1ccccc1,303.15,5.0,0.5,1110000.0,8.65,19.4,,,,Ni,"(N,N)"
CCCCCCCCCCCCN1CCC(=O)NCCCCN2[Ni]3(N(=CC4C(O3)=CC=CC=4)CCCCNC(=O)CC1)OC1C=CC=CC=1C=2,MAO,1000.0,Cc1ccccc1,298.15,5.0,0.5,239000.0,68.18,10.7,17.52,,,Ni,"(N,N,O,O)"
C1=CC=N2[Fe]3(Cl)(Cl)N4C5C=C(C)C=CC=5OC=4C4C=CC5=CC=C1C2=C5N=43,MMAO,800.0,Cc1ccccc1,293.15,10.0,0.33,1015000.0,83.7,16.3,,81.5,,Fe,"(N,N,N)"
C1C=CC2[P+](C3C=CC=CC=3)(C3C=CC=CC=3)[Ni](Br)(Br)N3CC(C)OC=3C=2C=1,MAO,1000.0,Cc1ccccc1,298.15,1.0,0.5,229000.0,89.62,10.38,,,,Ni,"(N,P)"
N1(C2CCCC2)[P+](C2C=CC=CC=2)(C2C=CC=CC=2)[Ni](Br)(Br)[P+](C2C=CC=CC=2)(C2C=CC=CC=2)[Si]1(C)C,EADC,500.0,C1CCCCC1C,318.15,4.0,0.5,38000000.0,83.7,16.3,,34.1,7.4,Ni,"(P,P)"
CCCCCCCCCCCCN1CCC(=O)NCCN2[Ni]3(N(=CC4C(O3)=CC=CC=4)CCNC(=O)CC1)OC1C=CC=CC=1C=2,MAO,500.0,C1CCCCC1,298.15,5.0,0.5,192000.0,82.96,13.14,1.07,,,Ni,"(N,N,O,O)"
C1=C2N([Ni]([P+](OC2)(C(C)(C)C)C(C)(C)C)(Cl)Cl)=CC=C1,EADC,4.0,Clc1ccccc1,300.65,10.0,0.5833333333333334,1265055.0,68.0,28.0,4.0,6.0,,Ni,"(N,P)"
[Ni]1234(N(=C5C=C(NCCOC)C(=O)C=C5O1)CCO2C)O(C)CCN3=C1C=C(NCCOC)C(=O)C(O4)=C1,EADC,10.0,Clc1ccccc1,303.15,10.0,0.5833333333333334,998580.0,80.0,20.0,,,,Ni,"(N,N,O,O,O,O)"
N12C[Se+]([Ni]3(Br)(Br)(N4N(C[Se+]3C3C=CC=CC=3)C(C)=CC=4C)N1=C(C)C=C2C)C1C=CC=CC=1,MAO,400.0,Cc1ccccc1,303.15,20.0,0.17,210375.0,99.6,0.4,,91.4,,Ni,"(N,N,Se,Se)"
C1(Cl)C=C2C3=N([Ni]4(OC2=C(Cl)C=1)OC1=C(Cl)C=C(Cl)C=C1C1=N4C2C=CC=CC=2N1C(C)C)C1C=CC=CC=1N3C(C)C,DEAC,100.0,Cc1ccccc1,293.15,1.0,0.5,219000.0,91.6,8.4,,,,Ni,"(N,N,O,O)"
C1C=C(C)N2[Ni](C3C(C)=CC(C)=CC=3C)(Br)N3=C(C)C=CC4C=CC=1C=2C=43,EASC,100.0,Cc1ccccc1,299.65,20.0,0.5,11065725.0,58.0,38.0,4.0,,,Ni,"(C,N,N)"
C1C([N+]([O-])=O)=CN2[Ni](Br)(Br)N(C3C(C(C)C)=CC=CC=3C(C)C)=C(C3C=CC=CC=3)NC=2C=1,MAO,600.0,C(Cl)Cl,263.15,0.5,0.5,89760.0,17.8,26.3,46.2,,,Ni,"(N,N)"
C1=CC=N2[Fe]3(Cl)(Cl)N4C5C=CC=CC=5NC=4C4C=CC5=CC=C1C2=C5N=43,MMAO,1000.0,Cc1ccccc1,293.15,30.0,0.33,3510000.0,95.0,5.0,,92.0,,Fe,"(N,N,N)"
C1C(C)=CC(C)=C(N2=C(C)C3N4[Co]2(Cl)(Cl)N2C5C=CC=CC=5OC=2C=4C=CC=3)C=1C,MAO,1000.0,Cc1ccccc1,293.15,10.0,0.5,50000.0,100.0,0.0,,97.1,,Co,"(N,N,N)"
S(C)CCCN1[P+]([Ni](Cl)(Cl)[P+]1(C1C=CC=CC=1)C1C=CC=CC=1)(C1C=CC=CC=1)C1C=CC=CC=1,EADC,3.0,Clc1ccccc1,302.15,10.0,0.58,185130.0,77.0,21.0,2.0,,,Ni,"(P,P)"
CCCCCCCCCCCCN1CCC(=O)NCCN2[Ni]3(OC4C=CC=CC=4C=N3CCNC(=O)CC1)OC1=CC=CC=C1C=2,MAO,500.0,Cc1ccccc1,298.15,5.0,0.5,233000.0,38.27,5.79,52.79,,,Ni,"(N,N,O,O)"
C1C=CC2N3[Ni](Cl)(Cl)N(C4C(C(C)C)=CC=CC=4C(C)C)=C4CCCC(=CC=2C=1)C=34,TMA,250.0,Cc1ccccc1,303.15,10.0,0.5,344000.0,38.2,6.5,55.3,,,Ni,"(N,N)"
C1C=CN2[Fe]3(Cl)(Cl)N4=C(C(C)=N3C3C(C(C)C)=CC=CC=3)C=CC3C=CC=1C=2C=34,EADC,1000.0,Cc1ccccc1,293.15,1.0,0.5,45700.0,100.0,,,99.0,,Fe,"(N,N,N)"
C1C=CN2[Co]3(Cl)(Cl)N4=C(C(C5C=CC=CC=5)=N3C3C(C(C)C)=CC=CC=3C(C)C)C=CC3C=CC=1C=2C=34,MMAO,250.0,Cc1ccccc1,293.15,1.0,0.5,227999.99999999997,95.3,4.7,,,,Co,"(N,N,N)"
C1C=CN2[Ni]34(Br)([NH+](CCOC)CC5C=CC=CN=53)[NH+](CCO4C)CC=2C=1,EADC,200.0,Cc1ccccc1,303.15,10.0,1.0,2380000.0,61.0,35.0,4.0,72.0,52.0,Ni,"(N,N,N,N,O)"
[Ni]1234(N(=C5C=C(NCCN(C)C)C(=O)C=C5O1)CCN2(C)C)N(C)(C)CCN3=C1C=C(NCCN(C)C)C(=O)C(O4)=C1,MAO,400.0,Clc1ccccc1,303.15,10.0,0.5833333333333334,431970.0,65.0,29.0,5.0,,,Ni,"(N,N,N,N,O,O)"
C1C=C(C2C=CC=CC=2)N2[Ni]3(Cl)(Cl)N(C4C(C(C)C)=CC=CC=4C(C)C)=C(C4C=CC=CC=4)C4C=CC5C=CC=1C=2C=5N=43,DEAC,300.0,Cc1ccccc1,333.15,1.0,0.5,158000.0,95.4,4.6,,20.2,,Ni,"(N,N,N)"
C1C=CN2[Fe]3(Cl)(Cl)N4=C(C(C5C=CC=CC=5)=N3C3C(C)=CC(Br)=CC=3C)C=CC3C=CC=1C=2C=34,MMAO,500.0,Cc1ccccc1,293.15,1.0,0.5,717000.0,18.8,28.6,52.6,,,Fe,"(N,N,N)"
C1=C(OC)C([P+]23N(C)[P+](C4=CC=CC=C4OC)(C4=CC=CC=C4OC)[Cr]2(Cl)(Cl)(Cl)O(C)C2=C3C=CC=C2)=CC=C1,MMAO,4.583333333333333,Clc1ccccc1,298.15,1.0,1.0,29689.773100000002,0.0,92.0,8.0,,99.0,Cr,"(O,P,P)"
C1=CC=N2[Ni]3(Cl)(Cl)N4C5C=CC=CC=5OC=4C4C=CC5=CC=C1C2=C5N=43,DEAC,200.0,Cc1ccccc1,293.15,1.0,0.33,383000.0,90.4,9.6,,52.9,,Ni,"(N,N,N)"
C1C=CC(Br)=C(N2=C(C)C3N4[Co]2(Cl)(Cl)N2C5C=CC=CC=5OC=2C=4C=CC=3)C=1Br,MAO,1200.0,Cc1ccccc1,293.15,10.0,0.5,743000.0,99.6,0.4,,99.9,,Co,"(N,N,N)"
C1C=C(C2C=CC=CC=2)N2[Fe]3(Cl)(Cl)N(C4C(C)=CC=CC=4C)=C(C4C=CC=CC=4)C4C=CC5C=CC=1C=2C=5N=43,MMAO,500.0,Cc1ccccc1,313.15,10.0,0.5,2110000.0,99.1,0.9,,100.0,,Fe,"(N,N,N)"
N12CCO([Ni]1(Cl)N1C=CC=C1C=2)C1C=CC=CC=1,MAO,50.0,Cc1ccccc1,303.15,20.0,0.3333333333333333,58905.0,97.7,2.3,,91.0,71.0,Ni,"(N,N,O)"
C1C=CC=C(OCCN2[Ni](Cl)(Cl)OC3=CC=CC=C3C=2)C=1,MAO,300.0,Cc1ccccc1,333.15,20.0,0.5,110000.00000000001,78.59,8.9,7.53,,,Ni,"(N,O)"
C1=CC=N2[Co]3(Cl)(Cl)N4C5C=CC=CC=5NC=4C4C=CC5=CC=C1C2=C5N=43,MMAO,1500.0,Cc1ccccc1,293.15,10.0,0.33,325000.0,90.4,9.6,,68.6,,Co,"(N,N,N)"
C1C=CC=C(OCCN2[Co](Cl)(Cl)OC3=CC=CC=C3C=2)C=1,MAO,100.0,Cc1ccccc1,323.15,20.0,0.5,316000.0,46.51,8.61,32.75,,,Co,"(N,O)"
[Ni]([P+](C1CCCCC1)(C1CCCCC1)C1CCCCC1)(Cl)([P+](C1CCCCC1)(C1CCCCC1)C1CCCCC1)Cl,EADC,6.0,Cc1ccccc1,303.15,10.0,0.5833333333333334,762960.0,86.0,14.0,0.5,9.0,,Ni,"(P,P)"
C1C=C(C2C=CC=CC=2)N2[Co]3(Cl)(Cl)N(C4C(CC)=CC=CC=4CC)=C(C4C=CC=CC=4)C4C=CC5C=CC=1C=2C=5N=43,MMAO,500.0,Cc1ccccc1,293.15,1.0,0.5,593000.0,77.1,16.2,,96.1,,Co,"(N,N,N)"
C12C=CC3C=CC=N4[Ni]5(Br)(Br)N6C7C=CC=CC=7N(C(C)C)C=6C(=CC=1)N5=C2C=34,DEAC,300.0,Cc1ccccc1,293.15,30.0,0.3333333333333333,4680000.0,95.2,4.8,,66.1,,Ni,"(N,N,N)"
C1C(C)=CC(C)=C(N2=C(C)C3N4[Ni]2(Cl)(Cl)N2C5C=CC=C(C)C=5NC=2C=4C=CC=3)C=1C,DEAC,700.0,Cc1ccccc1,293.15,10.0,0.5,2600000.0,90.2,9.8,,,,Ni,"(N,N,N)"
O1C(C)=CC=C1/C=N(/C1=C(OC2=CC=CC=C2)C=CC=C1)\[Ni]1(Cl)Cl[Ni](Cl)(/N(=C\C2=CC=C(C)O2)/C2C(OC3=CC=CC=C3)=CC=CC=2)Cl1,MAO,500.0,Cc1ccccc1,303.15,20.0,0.25,1607166.96,91.4,8.6,0.0,69.2,,Ni,(N)
C1C=CC(C)=C(N2[Fe]3(Cl)(Cl)(Cl)N4=C(C5N(C)C6C=CC=CC=6N=53)C=CC=C4C=2C)C=1C,MAO,500.0,Cc1ccccc1,293.15,1.0,0.5,8370.0,60.2,8.4,,,,Fe,"(N,N,N)"
C1C=CC2[P+]([Ni](Cl)(Cl)N3=C(C)C=CC=C3C=2C=1)(C1C=CC=CC=1)C1C=CC=CC=1,EADC,2.0,Cc1ccccc1,303.15,10.0,0.5833333333333334,619905.0,92.0,8.0,0.0,13.0,,Ni,"(N,P)"
C12C=CC3C=CC=N4[Ni]5(Cl)(Cl)N6C7C=CC=CC=7NC=6C(=CC=1)N5=C2C=34,DEAC,500.0,Cc1ccccc1,293.15,30.0,0.3333333333333333,9970000.0,91.3,8.7,,70.2,,Ni,"(N,N,N)"
C12C[P+](C3C=CC=CC=3)(C3C=CC=CC=3)[Ni](Cl)(Cl)N=1CCS2,EADC,6.0,Clc1ccccc1,300.65,16.0,0.5833333333333334,2016795.0,58.0,39.0,3.0,4.0,,Ni,"(N,P)"
C1C(C)=CC(C(C2C=CC=CC=2)C2C=CC=CC=2)=C(N2[Ni]3(Br)(Br)N(C4C(C)=CC(C)=CC=4C)=C(C)C4C=CC=C(N=43)C=2C)C=1C(C1C=CC=CC=1)C1C=CC=CC=1,EASC,500.0,Cc1ccccc1,313.15,10.0,0.25,236999.99999999997,95.5,4.5,,95.7,,Ni,"(N,N,N)"
C1C=C(C)C2N3[Ni](Cl)(Cl)N4C5C=CC=CC=5N(C)C=4C=3C=CC=2C=1,DEAC,250.0,Cc1ccccc1,303.15,10.0,0.33,3120000.0,93.9,6.1,,78.2,,Ni,"(N,N)"
[P+]12(C3=CC=CC=C3)OCC3=N(C=CC=C3)[Ni]1(Cl)(Cl)N1C(CO2)=CC=CC=1,MAO,200.0,Clc1ccccc1,303.15,10.0,0.5833333333333334,42075.0,91.0,8.0,1.0,,,Ni,"(N,N,P)"
C1C=CC(Br)=C(N2[Ni]3(Cl)(Cl)N4C5C=CC=CC=5NC=4C4C=CC=C(N=43)C=2C)C=1Br,DEAC,300.0,Cc1ccccc1,313.15,10.0,0.5,2790000.0,93.1,3.7,,90.0,,Ni,"(N,N,N)"
C1N=C2C3N=CC=CC=3/C(=N3/NC(=O[Ni]4/3(/N(=C3\C5C=CC=NC=5C5N=CC=CC\3=5)/NC(C3C=CC=CC=3)=O4)(Cl)Cl)C3C=CC=CC=3)/C2=CC=1,MAO,1000.0,Cc1ccccc1,323.15,1.0,0.67,49000.0,86.7,13.1,0.2,100.0,0.0,Ni,"(N,N,O,O)"
C1C2C3C=NC4C=CC=CC=4N=3[Ni]3(Br)(Br)N=2C(C(C)=N3C2C(Cl)=CC=CC=2Cl)=CC=1,DEAC,700.0,Cc1ccccc1,293.15,10.0,0.5,590000.0,97.8,2.2,,,,Ni,"(N,N,N)"
C1C=CC2N3[Ni](Br)(Br)N(C4C(C)=CC=CC=4C)=C(C(C)(C)C)C=3C=CC=2C=1,MMAO,2500.0,Cc1ccccc1,313.15,10.0,0.5,1910000.0000000002,8.7,89.0,,,,Ni,"(N,N)"
C1C=CC2N3[Ni](Br)(Br)N(C4C(C)=CC=CC=4C)=C(C(C)(C)C)C=3C=CC=2C=1,EASC,500.0,Cc1ccccc1,333.15,5.0,0.5,2490000.0,8.2,15.1,,,,Ni,"(N,N)"
N1(/[Cr](O2CCCC2)(Cl)(Cl)(Cl)[NH+](C2C=CC=CC=2)CC/1)=C/C1SC=CC=1,MAO,400.0,Cc1ccccc1,353.15,20.0,0.25,2768535.0,65.4,17.8,5.4,89.7,89.9,Cr,"(N,N,O)"
C1C2C3C=NC4C=CC=CC=4N=3[Ni]3(Cl)(Cl)N=2C(C(C)=N3C2C(Cl)=CC=CC=2Cl)=CC=1,DEAC,700.0,Cc1ccccc1,293.15,10.0,0.5,560000.0,97.7,2.3,,,,Ni,"(N,N,N)"
[Ni]1234(N(=C5C=C(NCCN([H])CC)C(=O)C=C5O1)CCN2([H])CC)N([H])(CC)CCN3=C1C=C(NCCN(CC)[H])C(=O)C(O4)=C1,MAO,100.0,Clc1ccccc1,303.15,10.0,0.5833333333333334,36465.0,94.0,5.0,1.0,,,Ni,"(N,N,N,N,O,O)"
C1C=CN2[Cr]3(Cl)(Cl)(Cl)N(C4C(CC)=CC=CC=4CC)=C(C4C=CC=CC=4)C4C=CC5C=CC=1C=2C=5N=43,MAO,1000.0,Cc1ccccc1,293.15,1.0,1.0,750000.0,50.4,28.4,21.2,,,Cr,"(N,N,N)"
C1C=CC=C(OCCN2[Ni](Cl)(Cl)OC3=CC=CC=C3C=2)C=1,MAO,500.0,Cc1ccccc1,323.15,20.0,0.5,200999.99999999997,80.37,6.03,2.24,,,Ni,"(N,O)"
N12CCCO([Ni](Cl)(Cl)N1=C(C)C=C2C)C1C=CC=CC=1,MAO,500.0,Cc1ccccc1,303.15,20.0,0.3333333333333333,1826054.9999999998,90.7,9.3,,69.0,19.0,Ni,"(N,O)"
N12=CC3N(C=CC=3)[Ni]1(Cl)[S+](C1=CC=CC=C1)C1=C2C=CC=C1,MAO,250.0,Cc1ccccc1,303.15,20.0,0.3333333333333333,1999965.0,94.8,5.2,,72.0,22.0,Ni,"(N,N,S)"
C12C=CC3C=CC(C)=N4[Ni]5(Br)(Br)N6C7C=CC=CC=7N(CC7C=CC=CC=7)C=6C(=CC=1)N5=C2C=34,DEAC,1000.0,Cc1ccccc1,293.15,30.0,0.3333333333333333,3400000.0,90.2,9.8,,72.5,,Ni,"(N,N,N)"
C1C(C)=CC(C)=C(N2=C(C)C3N4[Ni]2(Cl)(Cl)N2C5C=CC=C(C)C=5NC=2C=4C=CC=3)C=1C,DEAC,700.0,Cc1ccccc1,303.15,10.0,0.5,3799999.9999999995,99.7,0.3,,,,Ni,"(N,N,N)"
C1C(CO)=N2[Ni](Cl)(Cl)N(C3C(C(C)(C)C)=CC(C(C)(C)C)=CC=3C(C)(C)C)=C3CCCC(C=1)=C23,MMAO,5500.0,Cc1ccccc1,313.15,10.0,0.5,2020000.0,14.6,85.4,,86.6,49.3,Ni,"(N,N)"
C1C=C(C2C=CC=CC=2)N2[Cr]3(Cl)(Cl)(Cl)N4C5C=C(C(C)(C)C)C=CC=5OC=4C4C=CC5C=CC=1C=2C=5N=43,MMAO,1500.0,Cc1ccccc1,333.15,1.0,0.5,292000.0,54.9,25.2,,,,Cr,"(N,N,N)"
C1C=CC2N3[Ni](Br)(Br)N(C4C(C)=CC=CC=4C)=C(C(C)(C)C)C=3C=CC=2C=1,MAO,1500.0,Cc1ccccc1,303.15,5.0,0.5,380000.0,73.4,9.1,,,,Ni,"(N,N)"
C1C=C2C3=N4[Co](Cl)(Cl)(N(C5C(C(C)C)=CC=CC=5C(C)C)=C3C3=CC=CC(C=1)=C23)N(C(C)C)(C(C)C)CC4,MAO,700.0,Cc1ccccc1,283.15,1.3,0.5,88400.0,42.1,57.9,,56.532066508313534,29.015544041450777,Co,"(N,N,N)"
S(C)CCCN1[P+]([Ni](Cl)(Cl)[P+]1(C1C=CC=CC=1)C1C=CC=CC=1)(C1C=CC=CC=1)C1C=CC=CC=1,EADC,10.0,Clc1ccccc1,302.15,10.0,1.0,1354815.0,64.0,31.0,4.0,,,Ni,"(P,P)"
C1C=CC=C([NH+]2[Cr]3(Cl)(Cl)(O4CCCC4)N4C=CC=C4C=N3CC2)C=1,MAO,1000.0,Cc1ccccc1,353.15,20.0,0.25,1753125.0,14.8,17.7,17.7,97.0,98.2,Cr,"(N,N,N,O)"
C1C2C(=N(C3C(C(C)C)=CC=CC=3C(C)C)[Ni]3(Cl)(Cl)N=2C(C2OC4C=CC=CC=4N=23)=CC=1)C,DEAC,200.0,Clc1ccccc3,333.15,10.0,0.5,949000.0,93.5,6.5,,77.5,,Ni,"(N,N,N)"
C1(=N(C2C(C)=CC=CC=2C)[Co]2(Cl)(Cl)N3C4C=CC=CC=4N(C)C=3C3C=CC=C1N=32)C,MAO,500.0,Cc1ccccc1,293.15,30.0,0.5,63000.0,74.7,25.3,,,,Co,"(N,N,N)"
C1C=C(C2C=CC=CC=2)N2[Co]3(Cl)(Cl)N(C4C(CC)=CC=CC=4CC)=C(C4C=CC=CC=4)C4C=CC5C=CC=1C=2C=5N=43,MAO,200.0,Cc1ccccc1,293.15,1.0,0.5,233000.0,86.3,10.6,,97.0,,Co,"(N,N,N)"
C12=[N+](P(C(C)(C)C)C(C)(C)C)C=CN1[P+](C(C)(C)C)(C(C)(C)C)[Cr]2(CC1=CC=CC=C1)(CC1=CC=CC=C1)CC1=CC=CC=C1,MAO,400.0,Clc1ccccc1,318.15,10.0,0.5833333333333334,315562.5,12.0,15.0,16.0,99.0,84.0,Cr,"(C,C,C,C,P)"
C1C=CC2[P+](C3C=CC=CC=3)(C3C=CC=CC=3)[Ni](Br)(Br)N3C(C)(C)COC=3C=2C=1,"MAO,PPh3",500.0,Cc1ccccc1,298.15,1.0,0.5,140000.0,89.73,10.27,,,,Ni,"(N,P)"
C1C(C)=CC(C(C2C=CC=CC=2)C2C=CC=CC=2)=C(N2=C(C)C3N4[Ni]2(Cl)(Cl)N(C2C(C)=CC=CC=2C)=C(C)C=4C=CC=3)C=1C(C1C=CC=CC=1)C1C=CC=CC=1,EASC,100.0,Cc1ccccc1,313.15,10.0,0.5,71800.0,95.9,4.1,,92.2,,Ni,"(N,N,N)"
C1C=CC2N3[Ni](Br)(Br)N(C4C(C(C)C)=CC=CC=4C(C)C)=C4CCCC(=CC=2C=1)C=34,C[Al](C)Cl,300.0,Cc1ccccc1,303.15,10.0,0.5,580000.0,20.1,13.3,66.6,,,Ni,"(N,N)"
N12C[Se+]([Ni]3(Br)(Br)(N4N(C[Se+]3C3C=CC(OC)=CC=3)C(C)=CC=4C)N1=C(C)C=C2C)C1C=CC(OC)=CC=1,MAO,400.0,Cc1ccccc1,303.15,20.0,0.33,431970.0,98.9,1.1,,94.1,,Ni,"(N,N,Se,Se)"
C1(C(C)C)C=CC=C(C(C)C)C=1N1[Ni](Br)(Br)[P+](C(C)C)(C(C)C)OC=1C(C)(C)C,MMAO,4807.692307692308,Cc1ccccc1,303.15,5.0,1.0,145860.0,77.0,23.0,0.0,61.0,,Ni,"(N,P)"
C1(N(CCOC)C=C[N+]=1CCCC)[Ni](C1N(CCOC)C=C[N+]=1CCCC)(Br)Br,EADC,10.0,Cc1ccccc1,295.65,10.0,0.58,2511931.9999999995,60.0,34.0,,6.0,1.0,Ni,"(C,C)"
N1(/[Cr](O2CCCC2)(Cl)(Cl)(Cl)[NH+](C2C=CC=CC=2)CC/1)=C/C1SC(C2C=CC=CC=2)=CC=1,MAO,300.0,Cc1ccccc1,353.15,20.0,0.25,266475.0,15.3,17.3,17.6,69.4,89.4,Cr,"(N,N,O)"
CCCCCCCCCCCCN1CCC(=O)NCCN2[Ni]3(N(=CC4C(O3)=CC=CC=4)CCNC(=O)CC1)OC1C=CC=CC=1C=2,MAO,500.0,Cc1ccccc1,298.15,5.0,0.5,233000.0,38.27,5.79,52.79,,,Ni,"(N,N,O,O)"
C1C=C(C2C=CC=CC=2)N2[Ni]3(Cl)(Cl)N(C4C(C(C)C)=CC=CC=4C(C)C)=C(C4C=CC=CC=4)C4C=CC5C=CC=1C=2C=5N=43,DEAC,300.0,Cc1ccccc1,293.15,1.0,0.5,682000.0000000001,97.7,2.3,,8.5,,Ni,"(N,N,N)"
C1C=CN2[Ni]34(Br)([NH+](CCOC)C(C)C5C=CC=CN=53)[NH+](CCO4C)C(C)C=2C=1,EADC,200.0,Cc1ccccc1,303.15,10.0,1.0,2160000.0,64.0,32.0,4.0,80.0,55.0,Ni,"(N,N,N,N,O)"
C1C2C3C=NC4C=CC=CC=4N=3[Ni]3(Br)(Br)N=2C(C(C)=N3C2C(CC)=CC=CC=2CC)=CC=1,DEAC,700.0,Cc1ccccc1,293.15,10.0,0.5,630000.0,89.1,10.9,,,,Ni,"(N,N,N)"
C1C=CN2[Fe]3(Cl)(Cl)N4=C(C(C)=N3C3C(CC)=CC=CC=3)C=CC3C=CC=1C=2C=34,MMAO,1000.0,Cc1ccccc1,293.15,1.0,0.5,730000.0,43.1,32.5,24.4,,,Fe,"(N,N,N)"
C1C=CC=C([NH+]2[Cr]3(Cl)(Cl)(O4CCCC4)N4C(C(C)(C)C)=CC=C4C=N3CC2)C=1,MAO,500.0,Cc1ccccc1,353.15,20.0,0.25,2061675.0,69.7,5.6,5.6,98.6,85.7,Cr,"(N,N,N,O)"
C1C=CN2[Cr]3(Cl)(Cl)(Cl)N4C5C=CC=CC=5NC=4C4C=CC5C=CC=1C=2C=5N=43,MMAO,1500.0,Cc1ccccc1,333.15,10.0,0.5,1540000.0,26.2,31.5,,,,Cr,"(N,N,N)"
C(CCCC)CCCCCCCCCCCCCN1CCC(=O)NCCN2[Fe]3(N(=CC4C(O3)=CC=CC=4)CCNC(=O)CC1)OC1C=CC=CC=1C=2,DEAC,500.0,Cc1ccccc1,298.15,5.0,0.5,110200.0,75.16,5.61,9.36,,,Fe,"(N,N,O,O)"
C1C=CC2N3[Ni](Cl)(Cl)N(C4C(C(C)C)=CC=CC=4C(C)C)=C4CCCC(=CC=2C=1)C=34,TMA,300.0,Cc1ccccc1,313.15,10.0,0.5,379000.0,43.0,9.6,47.4,,,Ni,"(N,N)"
C1C=CC2N3[Ni](Cl)(Cl)N(=C4CC([H])CC(=CC=2C=1)C=34)C1C(C)=CC(C)=CC=1C,TMA,300.0,Cc1ccccc1,303.15,10.0,0.5,835862.98,43.9,13.5,,,,Ni,"(N,N)"
C1C=CC(C)=C(N2[Fe]3(Cl)(Cl)N4C5C=CC=C(Cl)C=5NC=4C4C=CC=C(N=43)C=2C)C=1C,MAO,200.0,Cc1ccccc1,303.15,30.0,0.5,750000.0,36.8,20.4,11.9,,,Fe,"(N,N,N)"
C1C=CC2N3[Ni](Br)(Br)N(C4C(C)=CC=CC=4C)=C(C(C)(C)C)C=3C=CC=2C=1,EASC,500.0,Cc1ccccc1,313.15,5.0,0.5,3340000.0,15.7,22.9,,,,Ni,"(N,N)"
C1C(C)=CC(C)=C(N2[Ni]3(Cl)(Cl)N4C5C=CC=CC=5NC=4C4C=CC=C(N=43)C=2C)C=1C,DEAC,300.0,Cc1ccccc1,313.15,10.0,0.5,1039999.9999999999,92.2,4.8,,91.9,,Ni,"(N,N,N)"
C1(Cl)C=C2C3=N([Ni]4(OC2=C(Cl)C=1)OC1=C(Cl)C=C(Cl)C=C1C1=N4C2C=CC=CC=2N1C(C)C)C1C=CC=CC=1N3C(C)C,MMAO,1000.0,Cc1ccccc1,293.15,1.0,0.5,118999.99999999999,97.0,3.0,,,,Ni,"(N,N,O,O)"
C1C=CC(C)=C(N2[Fe]3(Cl)(Cl)N4C5C=CC=C(Cl)C=5NC=4C4C=CC=C(N=43)C=2C)C=1C,MAO,250.0,Cc1ccccc1,353.15,30.0,0.5,509999.99999999994,28.7,28.3,14.9,,,Fe,"(N,N,N)"
C1C=CC2N3[Ni](Cl)(Cl)N(C4C(C(C)C)=CC=CC=4C(C)C)=C4CCCC(=CC=2C=1)C=34,TMA,300.0,Cc1ccccc1,323.15,10.0,0.5,171000.0,47.9,5.1,47.0,,,Ni,"(N,N)"
CC(C)CN1[P+](C2C=CC=CC=2)(C2C=CC=CC=2)[Cr]2(Cl[Cr]3(Cl)(Cl)([P+](N(CC(C)C)[P+]3(C3C=CC=CC=3)C3C=CC=CC=3)(C3C=CC=CC=3)C3C=CC=CC=3)Cl2)(Cl)(Cl)[P+]1(C1C=CC=CC=1)C1C=CC=CC=1,MMAO,400.0,Cc1ccccc1,318.15,45.0,0.5,7446400.0,,19.2,69.2,,35.9,Cr,"(P,P)"
[P+]1([Cr](Cl)(O2CCCC2)(Cl)(Cl)[P+](C2C=CC=CC=2)(C2C=CC=CC=2)C2C=CC=CC1=2)(C1C=CC=CC=1)C1C=CC=CC=1,MAO,730.0,Cc1ccccc1,358.15,20.0,0.5,13197600.000000002,6.3,50.3,29.7,,86.9,Cr,"(O,P,P)"
[Si]1([P+]([Ni](Br)(Br)[P+](C2C=CC=CC=2)(C2C=CC=CC=2)C1)(C1C=CC=CC=1)C1C=CC=CC=1)(C)C,MAO,700.0,Cc1ccccc1,318.15,10.0,0.5,3119490.88,94.7,5.3,0.0,14.0,,Ni,"(P,P)"
C1C=CC(C2C=C(CCCC)C=C3C=N([Ni](Br)(Br)N=23)C2C(C(C)C)=CC=CC=2C(C)C)=CC=1,EASC,150.0,Clc1ccccc1,303.15,1.3,0.5,21190000.000000004,91.0,9.0,,94.5,55.6,Ni,"(N,N)"
C1C=CC(Br)=C(N2[Fe]3(Cl)(Cl)(Cl)N4=C(C5N(C)C6C=CC=CC=6N=53)C=CC=C4C=2C)C=1Br,MAO,500.0,Cc1ccccc1,293.15,10.0,0.5,807000.0,10.1,11.4,,,,Fe,"(N,N,N)"
CCCCCCCCCCCCN1CCC(=O)NCCN2[Ni]3(N(=CC4C(O3)=CC=CC=4)CCNC(=O)CC1)OC1C=CC=CC=1C=2,TEA,500.0,Cc1ccccc1,298.15,5.0,0.5,247000.0,45.61,7.97,32.43,,,Ni,"(N,N,O,O)"
C1C=CN2[Cr]3(Cl)(Cl)(Cl)N(C4C(F)=CC=CC=4F)=C(C)C4C=CC5C=CC=1C=2C=5N=43,MAO,1000.0,Cc1ccccc1,293.15,1.0,1.0,473000.00000000006,85.8,11.3,2.9,,,Cr,"(N,N,N)"
C1C(C)=CC(C)=C(N2=C(C)C3N4[Ni]2(Cl)(Cl)N2C5C=CC=C(C)C=5NC=2C=4C=CC=3)C=1C,DEAC,600.0,Cc1ccccc1,303.15,10.0,0.5,660000.0,99.1,0.9,,,,Ni,"(N,N,N)"
C1C(C2C=CC=CC=2)=N2[Ni](Cl)(Cl)N3=C(C4C=CC=CC=4)C=CC4C=CC(C=1)=C2C=43,MAO,500.0,Cc1ccccc1,293.15,1.0,0.5,188000.0,87.3,12.7,,,,Ni,"(N,N)"
CCCCCCCCCCCCN1CCC(=O)NCCN2[Fe]3(OC4C=CC=CC=4C=N3CCNC(=O)CC1)OC1=CC=CC=C1C=2,MAO,500.0,CC1CCCCC1,298.15,5.0,0.5,49300.0,79.72,11.16,8.0,,,Fe,"(N,N,O,O)"
C1C=C2[S+]([Cr](O3CCCC3)(Cl)(Cl)(Cl)N(C3C=CC=CC=3)=CC2=CC=1)C(C)(C)C,MAO,300.0,Cc1ccccc1,353.15,20.0,0.25,269280.0,19.0,20.8,18.3,,,Cr,"(N,O,S)"
CC(C)CN1[P+](C2C=CC=CC=2)(C2C=CC=CC=2)[Cr]2(Cl[Cr]3(Cl)(Cl)([P+](N(CC(C)C)[P+]3(C3C=CC=CC=3)C3C=CC=CC=3)(C3C=CC=CC=3)C3C=CC=CC=3)Cl2)(Cl)(Cl)[P+]1(C1C=CC=CC=1)C1C=CC=CC=1,MMAO,500.0,Cc1ccccc1,318.15,45.0,0.5,10166000.0,,18.9,68.9,,36.8,Cr,"(P,P)"
C1C2C=CC(C(C)C)=N3[Fe]4(Cl)(Cl)N5C(C)=CC=CC=5C=N4C(=CC=1)C=23,MMAO,1500.0,Cc1ccccc1,293.15,30.0,0.3333333333333333,1730000.0,99.5,0.5,,93.3,,Fe,"(N,N,N)"
C1C=CC(Cl)=C(N2=C(C)C3N4[Ni]2(Cl)(Cl)N2C5C=CC=C(C)C=5NC=2C=4C=CC=3)C=1Cl,DEAC,700.0,Cc1ccccc1,303.15,10.0,0.5,810000.0,96.3,3.7,,,,Ni,"(N,N,N)"
C1(N(CCOC)C=C[N+]=1CCCC)[Ni](C1N(CCOC)C=C[N+]=1CCCC)(Cl)Cl,EADC,10.0,Cc1ccccc1,295.65,10.0,0.58,880350.0,75.0,23.0,,9.0,1.0,Ni,"(C,C)"
N12[Ni]3(Cl)O(CCN3=CC1=CC=C2)C1C=CC=CC=1,EASC,250.0,Cc1ccccc1,303.15,20.0,0.33,1567995.0,96.4,3.6,,86.0,49.0,Ni,"(N,N,O)"
C1C2C=CC=N3[Fe]4(Cl)(Cl)N5C(C)=CC=CC=5C=N4C(=CC=1)C=23,MMAO,2000.0,Cc1ccccc1,293.15,30.0,0.3333333333333333,1720000.0,99.0,1.0,,87.6,,Fe,"(N,N,N)"
C1=CC=N2[Co]3(Cl)(Cl)N4C5C=CC=CC=5NC=4C4C=CC5=CC=C1C2=C5N=43,MMAO,1000.0,Cc1ccccc1,293.15,30.0,0.33,1070000.0,88.9,11.1,,87.0,,Co,"(N,N,N)"
C1C=C(C2C=CC=CC=2)N2[Fe]3(Cl)(Cl)N(C4C(C(C)C)=CC=CC=4C(C)C)=C(C4C=CC=CC=4)C4C=CC5C=CC=1C=2C=5N=43,MMAO,500.0,Cc1ccccc1,313.15,10.0,0.5,4650.0,100.0,0.0,,100.0,,Fe,"(N,N,N)"
C1(C)C=C(C)N2CCCO([Ni](Cl)(Cl)N=12)C1C=CC=CC=1,MAO,250.0,Cc1ccccc1,303.15,20.0,0.3,1004127.21,93.6,6.4,0.0,75.0,,Ni,"(N,O)"
C1C(C)=CC(C(C2C=CC=CC=2)C2C=CC=CC=2)=C(N2=C(C)C3N4[Ni]2(Cl)(Cl)N(C2C(CC)=CC=CC=2CC)=C(C)C=4C=CC=3)C=1C(C1C=CC=CC=1)C1C=CC=CC=1,EASC,300.0,Cc1ccccc1,313.15,10.0,0.5,267000.0,95.4,4.6,,95.8,,Ni,"(N,N,N)"
N12CN3C(C(C)C)=CC(C(C)C)=N3[Ni](Br)(Br)N1=C(C(C)C)C=C2C(C)C,DEAC,150.0,Cc1ccccc1,303.15,3.8,0.5,1797000.0,90.3,9.7,,26.0,17.6,Ni,"(N,N)"
C1C=CN2[Cr]3(Cl)(Cl)(Cl)N4C5C=CC=CC=5OC=4C4C=CC5C=CC=1C=2C=5N=43,MMAO,1500.0,Cc1ccccc1,333.15,1.0,0.5,1450000.0,29.2,32.1,,,,Cr,"(N,N,N)"
C1C=CC=C(OCCN2[Ni](Cl)(Cl)OC3=CC(OC)=CC=C3C=2)C=1,EADC,300.0,Cc1ccccc1,323.15,20.0,0.5,434999.99999999994,33.65,14.25,,,,Ni,"(N,O)"
C1C2C(=N(C3C(C(C)C)=CC=CC=3C(C)C)[Ni]3(Cl)(Cl)N=2C(C2OC4C=CC=CC=4N=23)=CC=1)C,DEAC,400.0,Cc1ccccc1,293.15,10.0,0.5,297000.0,97.9,2.1,,95.9,,Ni,"(N,N,N)"
C12C=CC3C=CC=N4[Ni]5(Cl)(Cl)N6C7C=CC=CC=7NC=6C(=CC=1)N5=C2C=34,DEAC,300.0,Cc1ccccc1,333.15,30.0,0.3333333333333333,1510000.0,94.0,6.0,,40.8,,Ni,"(N,N,N)"
C1C2C=CC(C3CCCCC3)=N3[Fe]4(Cl)(Cl)N5C(C)=CC=CC=5C=N4C(=CC=1)C=23,MMAO,2000.0,Cc1ccccc1,293.15,30.0,0.3333333333333333,2830000.0,98.9,1.1,,98.2,,Fe,"(N,N,N)"
C12C=CC3C=CC(C)=N4[Ni]5(Br)(Br)N6C7C=CC=CC=7N(CC7C=CC=CC=7)C=6C(=CC=1)N5=C2C=34,MAO,1000.0,Cc1ccccc1,293.15,30.0,0.3333333333333333,870000.0,93.2,6.8,,62.3,,Ni,"(N,N,N)"
C1C=C(C(C)C)C2N3[Ni](Cl)(Cl)N4C5C=CC=CC=5N(C(C)C)C=4C=3C=CC=2C=1,DEAC,250.0,Cc1ccccc1,303.15,10.0,0.33,1770000.0,93.5,6.5,,84.2,,Ni,"(N,N)"
C1(=N(C2C(C)=CC=CC=2C)[Co]2(Cl)(Cl)N3C4C=CC=CC=4N(C)C=3C3C=CC=C1N=32)C,MAO,1000.0,Cc1ccccc1,313.15,30.0,0.5,90000.0,70.6,29.4,,,,Co,"(N,N,N)"
C1C=CC=C([NH+]2[Cr]3(Cl)(Cl)(O4CCCC4)N4C=CC=C4C=N3CC2)C=1,MAO,300.0,Cc1ccccc1,353.15,20.0,0.5,701250.0,68.1,5.1,5.1,94.0,86.8,Cr,"(N,N,N,O)"
C1C=CN2[Fe]3(Cl)(Cl)N4=C(C(C)=N3C3C(C(C)C)=CC=CC=3)C=CC3C=CC=1C=2C=34,MMAO,1000.0,Cc1ccccc1,293.15,10.0,0.5,24100000.0,31.2,49.8,19.0,,,Fe,"(N,N,N)"
C1C=CC=C(OCCN2[Co](Cl)(Cl)OC3=CC=CC=C3C=2)C=1,MAO,300.0,Cc1ccccc1,323.15,10.0,0.5,242000.00000000003,56.13,14.73,15.13,,,Co,"(N,O)"
C1C=C(C2C=CC=CC=2)N2[Cr]3(Cl)(Cl)(Cl)N4C5C=CC=CC=5N(CC)C=4C4C=CC5C=CC=1C=2C=5N=43,MMAO,1500.0,Cc1ccccc1,333.15,10.0,0.5,211000.0,60.1,21.2,,,,Cr,"(N,N,N)"
C1C2C(=N(C3C(C(C)C)=CC=CC=3C(C)C)[Ni]3(Cl)(Cl)N=2C(C2OC4C=CC=CC=4N=23)=CC=1)C,DEAC,100.0,Cc1ccccc1,293.15,10.0,0.5,67000.0,98.8,1.2,,100.0,,Ni,"(N,N,N)"
C1C2C3=N([Ni]4(Cl)(Cl)/N(=C\C5C=CC=CC=5Br)/C5=CC=CC(C=1)=C5N=24)C1C=CC=CC=1N3C,DEAC,205.0,Cc1ccccc1,293.15,10.0,0.3333333333333333,2900000.0,89.7,10.3,,90.3,,Ni,"(N,N,N)"
C1=CC=N2[Ni]3(Cl)(Cl)N4C5C=C(C)C=CC=5OC=4C4C=CC5=CC=C1C2=C5N=43,DEAC,200.0,Cc1ccccc1,293.15,10.0,0.33,2190000.0,93.2,6.8,,65.7,,Ni,"(N,N,N)"
C1C(C)=CC(C)=C(N2=C(C)C3N4[Ni]2(Br)(Br)N2C5C=CC=C(C)C=5NC=2C=4C=CC=3)C=1C,DEAC,700.0,Cc1ccccc1,303.15,10.0,0.5,5200000.0,98.8,1.2,,,,Ni,"(N,N,N)"
C1=C2N([Ni]([P+](OC2)(C(C)(C)C)C(C)(C)C)(Cl)Cl)=CC=C1,EADC,6.0,Clc1ccccc1,300.65,10.0,0.5833333333333334,1598850.0,66.0,31.0,3.0,6.0,,Ni,"(N,P)"
C1C2C(=N(C3C(C)=CC(C)=CC=3C)[Ni]3(Br)(Br)N=2C(C2OC4C=CC=CC=4N=23)=CC=1)C,DEAC,200.0,Cc1ccccc1,323.15,10.0,0.5,312000.0,97.3,2.7,,91.2,,Ni,"(N,N,N)"
C1C=CN2[Ni](Br)(Br)N3=CC=CC4C(=O)C(=O)C=1C=2C=43,MMAO-12,100.0,Cc1ccccc1,299.65,20.0,0.5,2283270.0,30.0,24.0,17.0,,,Ni,"(N,N)"
C1C2C3C=NC4C=CC=CC=4N=3[Ni]3(Cl)(Cl)N=2C(C(C)=N3C2C(C)=CC=CC=2C)=CC=1,DEAC,700.0,Cc1ccccc1,313.15,10.0,0.5,140000.0,97.0,3.0,,,,Ni,"(N,N,N)"
Cl[Ni](Cl)([P+](CCCC)(CCCC)CCCC)[P+](CCCC)(CCCC)CCCC,EADC,4.0,Clc1ccccc1,300.65,10.0,0.5833333333333334,2078505.0,60.0,35.0,5.0,3.0,,Ni,"(P,P)"
P(C1[P+](C2C=CC=CC=2)(C2C=CC=CC=2)[Ni](Cl)(Cl)[P+]1(C1C=CC=CC=1)C1C=CC=CC=1)(=O)(OC)OC,EADC,10.0,Cc1ccccc1,296.15,10.0,0.58,1900387.5,61.0,36.0,4.0,4.0,1.0,Ni,"(P,P)"
C12=[N+](P(C(C)(C)C)C(C)(C)C)C=CN1[P+](C(C)(C)C)(C(C)(C)C)[Cr]2(CC1=CC=CC=C1)(CC1=CC=CC=C1)CC1=CC=CC=C1,MAO,400.0,Clc1ccccc1,303.15,10.0,0.5833333333333334,457776.0,14.0,16.0,15.0,95.0,95.0,Cr,"(C,C,C,C,P)"
C1=C2CP(C3C=CC=CC=3)(C3C=CC=CC=3)=O[Ni]3(Br)(Br)N4=C(C)C=C(C)N4CC(C=C1)=N23,EADC,250.0,Cc1ccccc1,303.15,10.0,1.0,360000.0,94.0,6.0,,8.0,,Ni,"(N,N,O)"
C12C(C)(C)[P+](C3C=CC=CC=3)(C3C=CC=CC=3)[Ni](Cl)(Cl)N=1C(C)(C)CO2,EADC,6.0,Clc1ccccc1,300.65,18.0,0.5833333333333334,1287495.0,54.0,40.0,1.0,20.0,,Ni,"(N,P)"
C1C=CC(CC)=C(N2[Fe]3(Cl)(Cl)N(C4C=CC(F)=CC=4F)=C(C)C4C=CC=C(N=43)C=2C)C=1,MMAO,1000.0,Cc1ccccc1,293.15,1.0,1.0,790000.0,16.3,,,,,Fe,"(N,N,N)"
[Ni](Cl)(Cl)([P+](CCCC)(CCCC)CCCC)[P+](CCCC)(CCCC)CCCC,EADC,6.0,Cc1ccccc1,303.15,10.0,0.5833333333333334,2283270.0,60.0,35.0,5.0,,,Ni,"(P,P)"
N12CC3C=CC=C4CN5N(=C(C)C=C5C)[Ni](Cl)(Cl)(N1=C(C)C=C2C)N=34,EADC,250.0,Cc1ccccc1,330.15,20.0,3.0,1972000.0,39.0,28.0,33.0,,,Ni,"(N,N,N)"
C1C(C)=CC(C(C2C=CC=CC=2)C2C=CC=CC=2)=C(N2[Ni]3(Br)(Br)N(C4C(C)=CC(C)=CC=4C)=C(C)C4C=CC=C(N=43)C=2C)C=1C(C1C=CC=CC=1)C1C=CC=CC=1,DEAC,300.0,Cc1ccccc1,298.15,10.0,0.5,22799.999999999996,79.0,21.0,,97.5,,Ni,"(N,N,N)"
C1C=CC2[P+](C3C=CC=CC=3)(C3C=CC=CC=3)[Ni](Br)(Br)N3C(C)(C)COC=3C=2C=1,"MAO,PPh3",500.0,Cc1ccccc1,298.15,1.0,0.5,405000.0,82.8,16.95,,,,Ni,"(N,P)"
C1(=C(C(C)C)C=CC=C1C(C)C)[N+]1=C(C2=CC=C(C)C=C2)N(C2=C(F)C(F)=C(F)C(F)=C2F)[Ni]1([P+](C1=CC=CC=C1)(C1=CC=CC=C1)C1=CC=CC=C1)C1=CC=CC=C1,MAO,600.0,Cc1ccccc1,313.15,0.5,0.5,210375.0,94.3,5.7,,,,Ni,"(C,N,N,P)"
N12CC3C=CC=C4CN5N(=C(C)C=C5C)[Ni](Cl)(Cl)(N1=C(C)C=C2C)N=34,EADC,250.0,Cc1ccccc1,343.15,20.0,0.25,9048000.0,64.0,25.0,11.0,,,Ni,"(N,N,N)"
C1C=CC(C(C)C)=C(N2[Fe]3(Cl)(Cl)N4C5C=CC=C(Cl)C=5NC=4C4C=CC=C(N=43)C=2C)C=1C(C)C,MAO,250.0,Cc1ccccc1,303.15,30.0,0.5,670000.0,38.5,22.0,11.9,,,Fe,"(N,N,N)"
C12[P+]([Cr]34(O=C(C)CC(C)=O3)(O=C(C)CC(C)=O4)[P+](C3C(OCOCC)=CC=CC=3)(C3C=CC=CC=3)(C3C=CC=CC=3)C1=CC=CC=2)(C1C=CC=CC=1)C1C=CC=CC=1,MAO,730.0,Cc1ccccc1,358.15,20.0,0.5,192400.0,1.4,38.9,16.9,,83.2,Cr,"(O,O,O,O,P,P)"
C1=CC=N2[Fe]3(Cl)(Cl)N4C5C=CC=CC=5NC=4C4C=CC5=CC=C1C2=C5N=43,MMAO,1000.0,Cc1ccccc1,293.15,20.0,0.33,1019999.9999999999,93.7,6.3,,82.6,,Fe,"(N,N,N)"
C1C(C)=N2[Ni](Br)(Br)N3=C(C)C=CC4C=CC(C=1)=C2C=43,TEA,500.0,Cc1ccccc1,293.15,1.0,0.5,28999.999999999996,100.0,0.0,,,,Ni,"(N,N)"
C1C=CC(C2C=C(CCCC)C=C3C(C)=N([Ni](Br)(Br)N=23)C2C(C(C)C)=CC=CC=2C(C)C)=CC=1,EASC,150.0,Cc1ccccc1,303.15,1.3,0.5,2600000.0,84.0,16.0,,95.2,81.3,Ni,"(N,N)"
C1[NH2+][Cr](O2CCCC2)(Cl)(Cl)(Cl)[P+](C2C=CC=CC=2)(C2C=CC=CC=2)C1,MAO,700.0,Cc1ccccc1,323.15,30.0,0.78,10212800.0,,26.5,30.7,12.2,100.0,Cr,"(N,O,P)"
CCCCCCCCCCCCN1CCC(=O)NCCCCCCCCN2[Co]3(OC4C=CC=CC=4C=N3CCCCCCCCNC(=O)CC1)OC1=CC=CC=C1C=2,MAO,500.0,CC1CCCCC1,298.15,5.0,0.5,29700.000000000004,81.85,8.02,8.09,,,Co,"(N,N,O,O)"
[P+]1(C2C=CC=CC=2)(C2C=CC=CC=2)[Ni]2(O=P(OCC)(OCC)C(C3C=CC=CC=3)[P+]2(C2C=CC=CC=2)C2C=CC=CC=2)O=P(OCC)(OCC)C1C1C=CC=CC=1,MAO,100.0,Cc1ccccc1,296.15,10.0,0.58,194667.0,83.0,16.0,1.0,57.0,12.0,Ni,"(O,O,P,P)"
C1C=CC(CC)=C(N2[Fe]3(Cl)(Cl)(Cl)N4=C(C5N(C)C6C=CC=CC=6N=53)C=CC=C4C=2C)C=1CC,MAO,500.0,Cc1ccccc1,293.15,10.0,0.5,1030000.0,28.9,21.6,,,,Fe,"(N,N,N)"
C1C=CN2[Fe]3(Cl)(Cl)N4=C(C(C)=N3C3C(CC)=CC=CC=3)C=CC3C=CC=1C=2C=34,MMAO,1000.0,Cc1ccccc1,293.15,10.0,0.5,22200000.0,23.7,42.3,34.0,,,Fe,"(N,N,N)"
N12C(C)=CC(C)=N1[Ni](Br)(Br)N(C1C=CC([N+](=O)[O-])=CC=1)=C2C1C=CC=CC=1,MAO,400.0,Cc1ccccc1,333.15,0.5,1.0,327000.0,42.5,47.6,5.6,,,Ni,"(N,N)"
C1C=CC2N3[Ni](Br)(Br)N(C4C(C)=CC=CC=4C)=C4CCCC(=CC=2C=1)C=34,TMA,300.0,Cc1ccccc1,303.15,10.0,0.5,731000.0,43.3,8.9,47.8,,,Ni,"(N,N)"
C1C2C3=N([Ni]4(Cl)(Cl)/N(=C\C5C=CC=CC=5)/C5=CC=CC(C=1)=C5N=24)C1C=CC=CC=1N3C,DEAC,204.0,Cc1ccccc1,293.15,10.0,0.3333333333333333,3100000.0,85.2,14.8,,87.6,,Ni,"(N,N,N)"
N12CC3C=CC=C4CN5N(=C(C)C=C5C)[Ni](Cl)(Cl)(N1=C(C)C=C2C)N=34,EADC,200.0,Cc1ccccc1,324.15,20.0,1.0,3482000.0,48.0,28.0,24.0,,,Ni,"(N,N,N)"
C1N=C2C3N=CC=CC=3/C(=N3/NC(=O[Ni]4/3(/N(=C3\C5C=CC=NC=5C5N=CC=CC\3=5)/NC(C3C=C([N+]([O-])=O)C=CC=3)=O4)(Cl)Cl)C3C=C([N+]([O-])=O)C=CC=3)/C2=CC=1,MAO,1000.0,Cc1ccccc1,303.15,1.0,0.5,20000.0,100.0,0.0,0.0,100.0,0.0,Ni,"(N,N,O,O)"
C1C(C)=CC(C(C2C=CC=CC=2)C2C=CC=CC=2)=C(N2=C(C)C3N4[Ni]2(Cl)(Cl)N(C2C(C)=CC=CC=2C)=C(C)C=4C=CC=3)C=1C(C1C=CC=CC=1)C1C=CC=CC=1,EASC,400.0,Cc1ccccc1,313.15,10.0,0.5,324000.0,95.8,4.2,,92.8,,Ni,"(N,N,N)"
C1=C2N([Ni]([P+](C2(C)C)(C2=CC=CC=C2)C2=CC=CC=C2)(Cl)Cl)=CC=C1,MAO,400.0,Cc1ccccc1,303.15,10.0,0.5833333333333334,196350.0,73.0,22.0,4.0,,,Ni,"(N,P)"
C1(=N(C2C(C)=CC=CC=2C)[Co]2(Cl)(Cl)N3C4C=CC=CC=4N(C)C=3C3C=CC=C1N=32)C,MMAO,1000.0,Cc1ccccc1,293.15,30.0,0.5,71100.0,85.0,15.0,,,,Co,"(N,N,N)"
C1=CC=N2[Co]3(Cl)(Cl)N4C5C=CC=CC=5NC=4C4C=CC5=CC=C1C2=C5N=43,MMAO,1500.0,Cc1ccccc1,313.15,30.0,0.33,951999.9999999999,95.1,4.9,,60.5,,Co,"(N,N,N)"
C1C(O)=CC2O[Ni]34OC5=CC(O)=CC=C5C=N3CCCCN4=CC=2C=1,MAO,500.0,Cc1ccccc1,308.15,7.0,0.5,166800.0,18.29,39.26,31.51,,,Ni,"(N,N,O,O)"
C1C=C(C2C=CC=CC=2)N2[Co]3(Cl)(Cl)N(C4C(C(C)C)=CC=CC=4C(C)C)=C(C4C=CC=CC=4)C4C=CC5C=CC=1C=2C=5N=43,MAO,500.0,Cc1ccccc1,303.15,10.0,0.5,2800000.0,46.7,34.0,,100.0,,Co,"(N,N,N)"
C1C=C(C2C=CC=CC=2)N2[Ni]3(Cl)(Cl)N(C4C(C)=CC=CC=4C)=C(C4C=CC=CC=4)C4C=CC5C=CC=1C=2C=5N=43,DEAC,300.0,Cc1ccccc1,293.15,1.0,1.0,471000.0,95.7,4.3,,2.8,,Ni,"(N,N,N)"
C1C=CC2N3[Fe](Cl)(Cl)N4=C(C(=O)OCC)C=CC=C4C=3N(C)C=2C=1,MMAO,1000.0,Cc1ccccc1,293.15,20.0,0.5,666000.0,96.3,3.7,,,,Fe,"(N,N)"
C1C=CN2[Fe]3(Cl)(Cl)N4=C(C(C)=N3C3C(Br)=CC(F)=CC=3F)C=CC3C=CC=1C=2C=34,MMAO,1000.0,Cc1ccccc1,293.15,10.0,0.5,22300000.0,21.6,34.4,44.0,,,Fe,"(N,N,N)"
C1=CC=N2[Fe]3(Cl)(Cl)N4C5C=CC=CC=5NC=4C4C=CC5=CC=C1C2=C5N=43,MMAO,1000.0,Cc1ccccc1,293.15,30.0,0.33,3510000.0,95.0,5.0,,92.0,,Fe,"(N,N,N)"
C1C2C(=N(C3C(C(C)C)=CC=CC=3C(C)C)[Ni]3(Cl)(Cl)N=2C(C2OC4C=CC=CC=4N=23)=CC=1)C,DEAC,200.0,Cc1ccccc1,343.15,10.0,0.5,387000.0,100.0,0.0,,69.1,,Ni,"(N,N,N)"
N1(/[Cr](O2CCCC2)(Cl)(Cl)(Cl)[NH+](C2C=CC=CC=2)CC/1)=C/C1SC=CC=1,MAO,300.0,Cc1ccccc1,353.15,20.0,0.25,2443155.0,65.7,16.6,5.9,99.1,99.3,Cr,"(N,N,O)"
C1C=CN2[Cr]3(Cl)(Cl)(Cl)N(C4C(C(C)C)=CC=CC=4C(C)C)=C(C)C4C=CC5C=CC=1C=2C=5N=43,MAO,1000.0,Cc1ccccc1,293.15,1.0,1.0,45000.0,83.7,8.8,7.5,,,Cr,"(N,N,N)"
C1=CC2C=N3[Ni]4(N(=CC5C=CC=CC=5O4)CCCCNC(CCN(CCCCCCCCCCCC)CCC(=O)NCCCC3)=O)OC=2C=C1,DEAC,500.0,Cc1ccccc1,308.15,3.0,0.5,374000.0,81.33,10.26,2.0,,,Ni,"(N,N,O,O)"
CCCCCCCCCCCCN1CCC(=O)NCCN2[Ni]3(N(=CC4C(O3)=CC=CC=4)CCNC(=O)CC1)OC1C=CC=CC=1C=2,MAO,500.0,Cc1ccccc1,298.15,5.0,0.5,233000.0,38.27,5.79,52.79,,,Ni,"(N,N,O,O)"
C1C=CC(C)=C(N2[Fe]3(Cl)(Cl)(Cl)N4=C(C5N(C)C6C=CC=CC=6N=53)C=CC=C4C=2C)C=1C,MAO,500.0,Cc1ccccc1,313.15,10.0,0.5,49000.0,34.9,21.6,,,,Fe,"(N,N,N)"
N12[Ni]3(O(C4C=CC=CC=4)C4C(N3=CC1=CC=C2)=CC=CC=4)Cl,EASC,250.0,Cc1ccccc1,303.15,20.0,0.33,412335.0,98.9,1.1,,84.0,30.0,Ni,"(N,N,O)"
C1C=CC2N3[Ni]4(N(C5C(C)=CC(C)=CC=5C)=C(C)C5NC6C=CC=CC=6N=54)(Br)(Br)N(C4C(C)=CC(C)=CC=4C)=C(C)C=3NC=2C=1,MAO,1500.0,Cc1ccccc1,323.15,1.0,0.5,72000.0,18.4,19.54,14.84,,,Ni,"(N,N,N,N)"
C1C=CC2N3[Ni](Br)(Br)N(C4C(C)=CC=CC=4C)=C(C(C)(C)C)C=3C=CC=2C=1,EASC,600.0,Cc1ccccc1,303.15,5.0,0.5,1810000.0,10.7,24.6,,,,Ni,"(N,N)"
C1C=CC2N3[Ni](Br)(Br)N(C4C(C)=CC=CC=4C)=C(C(C)(C)C)C=3C=CC=2C=1,MMAO,2000.0,Cc1ccccc1,303.15,5.0,0.5,1450000.0,8.9,78.1,,,,Ni,"(N,N)"
C1C([N+]([O-])=O)=CN2[Ni](Br)(Br)N(C3C(C(C)C)=CC=CC=3C(C)C)=C(C3C=CC=CC=3)NC=2C=1,MAO,600.0,C(Cl)Cl,293.15,0.5,0.5,294525.0,31.8,38.7,25.4,,,Ni,"(N,N)"
C1C=CC(C(OCC)=O)=N2[Ni](Br)(Br)N(C3C(Br)=CC=CC=3Br)=C(C)C=12,MAO,1000.0,Cc1ccccc1,333.15,1.0,0.5,23000.0,73.67,3.17,,,,Ni,"(N,N)"
C1N=C2C3N=CC=CC=3/C(=N3/NC(=O[Ni]4/3(/N(=C3\C5C=CC=NC=5C5N=CC=CC\3=5)/NC(C3C=CC=CC=3)=O4)(Cl)Cl)C3C=CC=CC=3)/C2=CC=1,MAO,800.0,Cc1ccccc1,303.15,1.0,0.5,146000.0,83.4,14.8,1.8,100.0,6.1,Ni,"(N,N,O,O)"
CC(C)CN1[P+](C2C=CC=CC=2)(C2C=CC=CC=2)[Cr]2(Cl[Cr]3(Cl)(Cl)([P+](N(CC(C)C)[P+]3(C3C=CC=CC=3)C3C=CC=CC=3)(C3C=CC=CC=3)C3C=CC=CC=3)Cl2)(Cl)(Cl)[P+]1(C1C=CC=CC=1)C1C=CC=CC=1,MAO,800.0,Cc1ccccc1,328.15,40.0,0.5,3899999.9999999995,,23.5,65.6,,46.2,Cr,"(P,P)"
C1C=CN2[Fe]3(Cl)(Cl)N4=C(C(C)=N3C3C(F)=CC(F)=CC=3F)C=CC3C=CC=1C=2C=34,MMAO,1000.0,Cc1ccccc1,293.15,10.0,0.5,20600000.0,44.5,32.8,22.7,,,Fe,"(N,N,N)"
C12CC[P+](C3C=CC=CC=3)(C3C=CC=CC=3)[Ni](Cl)(Cl)N=1C=CC=C2,MAO,2000.0,Cc1ccccc1,303.15,10.0,0.5,1708245.0,67.9,23.8,6.6,,14.6,Ni,"(N,P)"
C1C=CN2[Fe]3(Cl)(Cl)N4=C(C(C)=N3C3C(C(C)C)=CC=CC=3)C=CC3C=CC=1C=2C=34,EADC,100.0,Cc1ccccc1,293.15,1.0,0.5,44700.0,100.0,,,99.0,,Fe,"(N,N,N)"
CCCCCCCCCCCCN(CCC(NCCN1=CC2N([Ni]1(Cl)Cl)=CC=CC=2)=O)CCC(NCCN1=CC2=N([Ni]1(Cl)Cl)C=CC=C2)O,MAO,500.0,Cc1ccccc1,298.15,5.0,0.5,602922.37,54.41,21.52,11.62,,,Ni,"(N,N)"
[Ni]12(N(CC(C)(C)C)=C3C=C(NCC(C)(C)C)C(=O)C=C3O1)N(CC(C)(C)C)=C1C=C(NCC(C)(C)C)C(=O)C=C1O2,EADC,6.0,Clc1ccccc1,303.15,10.0,0.5833333333333334,799425.0,49.0,45.0,,,,Ni,"(N,N,O,O)"
C1C(C)=N2[Ni](Cl)(Cl)N(C3C=CC=CC=3C(F)(F)F)=CC2=CC=1,MAO,500.0,Cc1ccccc1,308.15,2.0,0.5,9000.0,90.2,9.8,0.0,,,Ni,"(N,N)"
C1C=CC(C)=C(N2[Ni]3(Cl)(Cl)N4C5C=CC=CC=5NC=4C4C=CC=C(N=43)C=2C)C=1C,DEAC,300.0,Cc1ccccc1,313.15,10.0,0.5,1590000.0,88.3,9.3,,80.9,,Ni,"(N,N,N)"
C1C=C2C3C=CC=CN=3[Ni](Br)(C3C(C)=CC(C)=CC=3C)N2=CC=1,MAO,3000.0,Cc1ccccc1,298.15,5.0,0.25,1866666.6666666667,47.272727272727266,27.27272727272727,14.545454545454545,,,Ni,"(C,N,N)"
C1C=CC(C(C)C)=C(N2[Ni]3(Br)(Br)N4C5C=CC=CC=5NC=4C4C=CC=C(N=43)C=2C)C=1C(C)C,DEAC,300.0,Cc1ccccc1,313.15,10.0,0.5,1150000.0,91.7,5.1,,85.4,,Ni,"(N,N,N)"
C1C=C(C2C=CC=CC=2)N2[Cr]3(Cl)(Cl)(Cl)N4C5C=CC=CC=5NC=4C4C=CC5C=CC=1C=2C=5N=43,MMAO,1500.0,Cc1ccccc1,333.15,10.0,0.5,258000.0,56.3,22.9,,,,Cr,"(N,N,N)"
C1(N(CCOC)C=C[N+]=1C1C(C(C)C)=CC=CC=1C(C)C)[Ni](C1N(CCOC)C=C[N+]=1C1C(C(C)C)=CC=CC=1C(C)C)(Cl)Cl,MAO,400.0,Cc1ccccc1,295.65,10.0,0.58,11738.0,76.0,18.0,,82.0,9.0,Ni,"(C,C)"
C1C=CC=C2N3[Ni]4(Br[Ni]5(Br)(N6C7C=CC=CC=7N=CC=6C6N5=CC=CC=6)Br4)(Br)N4=CC=CC=C4C=3C=NC=12,MAO,1000.0,Cc1ccccc1,313.15,1.0,0.5,69000.0,100.0,0.0,,100.0,,Ni,"(N,N)"
C1=C2N([Ni]([P+](OC2)(C2=CC=CC=C2)C2=CC=CC=C2)(Br)Br)=CC=C1,EADC,4.0,Clc1ccccc1,300.65,10.0,0.5833333333333334,1237005.0,74.0,24.0,2.0,6.0,,Ni,"(N,P)"
C1C=C(C2C=CC=CC=2)N2[Ni]3(Cl)(Cl)N(C4C(CC)=CC=CC=4CC)=C(C4C=CC=CC=4)C4C=CC5C=CC=1C=2C=5N=43,DEAC,300.0,Cc1ccccc1,303.15,10.0,0.5,225999.99999999997,98.9,1.1,,97.1,,Ni,"(N,N,N)"
C12C(C)=N(C3C=C(Cl)C=C(Cl)C=3)[Fe]3(Cl)(Cl)(Cl)N=1C(C(=N3C1C=C(Cl)C=C(Cl)C=1)C)=CC=C2,MAO,2500.0,Cc1ccccc1,333.15,10.0,1.0,7258552.631578947,42.9,35.6,12.8,99.5,76.7,Fe,"(N,N,N)"
N12CC3C=CC=CN=3[Ni]3(Cl)(Cl[Ni]4(Cl)(Cl3)N3C=CC=CC=3CN3N4=C(C)C=C3C)N1=C(C)C=C2C,EADC,250.0,Cc1ccccc1,341.15,30.0,0.5,12180000.0,45.0,28.0,24.0,,,Ni,"(N,N)"
C1(Cl)C=C2C3=N([Ni]4(OC2=C(Cl)C=1)OC1=C(Cl)C=C(Cl)C=C1C1=N4C2C=CC=CC=2N1C(C)C)C1C=CC=CC=1N3C(C)C,DEAC,200.0,Cc1ccccc1,313.15,1.0,0.5,5800.0,96.8,3.2,,,,Ni,"(N,N,O,O)"
C1C=CN2[Co]3(Cl)(Cl)N4=C(C(C5C=CC=CC=5)=N3C3C(C(C)C)=CC=CC=3C(C)C)C=CC3C=CC=1C=2C=34,MMAO,1000.0,Cc1ccccc1,293.15,1.0,0.5,700000.0,94.2,5.8,,,,Co,"(N,N,N)"
[Ni]1([P+](N(C2C(C(C)C)=CC=CC=2C(C)C)[Si](C)(C)C[P+]1(C1C=CC=CC=1)C1C=CC=CC=1)(C1C=CC=CC=1)C1C=CC=CC=1)(Br)Br,EADC,500.0,CC1CCCCC1,318.15,10.0,0.75,2190000.0,92.5,7.5,,79.2,27.5,Ni,"(P,P)"
C1C=C2C3C=CC=CN=3[Ni](Br)(C3C(C(C)C)=CC(C(C)C)=CC=3C(C)C)N2=CC=1,MAO,3000.0,Cc1ccccc1,298.15,5.0,0.25,1466666.6666666667,36.36363636363636,27.27272727272727,18.18181818181818,,,Ni,"(C,N,N)"
C1C=CC=C(OCCN2[Co](Cl)(Cl)OC3=CC=CC=C3C=2)C=1,MAO,300.0,Cc1ccccc1,323.15,30.0,0.5,325000.0,42.27,18.59,16.56,,,Co,"(N,O)"
C1C=CN2[Co]3(Cl)(Cl)N4=C(C=N3C3C(Cl)=CC=CC=3Cl)C=CC3C=CC=1C=2C=34,MAO,500.0,Cc1ccccc1,313.15,10.0,1.0,1180000.0,98.6,1.4,0.0,,,Co,"(N,N,N)"
N12[Cr](Cl)(O3CCCC3)(Cl)(OC3C(C(C)(C)C)=CC(C(C)(C)C)=CC=3C=1)N1=CC=C(C3C(C)=CC(C)=CC=3C)N1CC2,MAO,500.0,Cc1ccccc1,353.15,20.0,0.08,995775.0,19.9,18.9,17.3,73.7,89.6,Cr,"(N,N,O,O)"
CCCCCCCCCCCCN1CCC(=O)NCCN2[Ni]3(N(=CC4C(O3)=CC=CC=4)CCNC(=O)CC1)OC1C=CC=CC=1C=2,MAO,500.0,Cc1ccccc1,298.15,5.0,0.5,233000.0,38.27,5.79,52.79,,,Ni,"(N,N,O,O)"
N12C(C)=CC(C)=N1[Ni](Br)(Br)N(C1C=CC([N+](=O)[O-])=CC=1)=C2C1C=CC=CC=1,MAO,600.0,Cc1ccccc1,313.15,0.5,1.0,703000.0,27.4,51.4,15.5,,,Ni,"(N,N)"
C1C=CN2[Fe]3(Cl)(Cl)N4=C(C(C)=N3C3C(C)=CC=CC=3CC)C=CC3C=CC=1C=2C=34,MMAO,1000.0,Cc1ccccc1,293.15,10.0,0.5,28600000.0,15.4,19.1,65.5,,,Fe,"(N,N,N)"
N12CN3C(C)=C(C(C)(C)C)C(C)=N3[Ni](Br)(Br)N1=C(C)C(C(C)(C)C)=C2C,EASC,150.0,Cc1ccccc1,303.15,3.8,0.5,1407000.0,89.0,10.1,,33.1,19.4,Ni,"(N,N)"
C1C=CC(C)=C(N2[Fe]3(Cl)(Cl)N(C4C=CC=CC=4F)=C(C)C4C=CC=C(N=43)C=2C)C=1,MMAO,2000.0,Cc1ccccc1,293.15,1.0,1.0,820000.0,22.2,,,,,Fe,"(N,N,N)"
C1=C2N([Ni]([P+](C2(C)C)(C2=CC=CC=C2)C2=CC=CC=C2)(Cl)Cl)=CC=C1,MAO,800.0,Cc1ccccc1,303.15,10.0,0.5833333333333334,639540.0,69.0,22.0,8.0,,,Ni,"(N,P)"
C1(N(CCSC2=CC=CC=C2)C=C[N+]=1C1=C(C(C)C)C=CC=C1C(C)C)[Ni](C1N(CCSC2=CC=CC=C2)C=C[N+]=1C1=C(C(C)C)C=CC=C1C(C)C)(Br)Br,EADC,10.0,Cc1ccccc1,295.65,10.0,0.58,633852.0,78.0,21.0,,9.0,1.0,Ni,"(C,C)"
C1C=CC(Br)=C(N2=C(C)C3N4[Co]2(Cl)(Cl)N2C5C=CC=CC=5OC=2C=4C=CC=3)C=1Br,MAO,1000.0,Cc1ccccc1,313.15,10.0,0.5,14000.000000000002,94.8,5.2,,100.0,,Co,"(N,N,N)"
C1=C2N([Ni]([P+](C2C2=CC=CC=C2)(C2=CC=CC=C2)C2=CC=CC=C2)(Cl)Cl)=CC=C1,MAO,800.0,Cc1ccccc1,303.15,10.0,0.5833333333333334,381480.0,77.0,18.0,3.0,,,Ni,"(N,P)"
P(C1[P+](C2C=CC=CC=2)(C2C=CC=CC=2)[Ni]2([P+](C(P(=O)(OC)OC)=P2(C2C=CC=CC=2)C2C=CC=CC=2)(C2C=CC=CC=2)C2C=CC=CC=2)P=1(C1C=CC=CC=1)C1C=CC=CC=1)(=O)(OC)OC,EADC,14.0,Clc1ccccc1,296.15,10.0,0.58,709945.5,81.0,19.0,1.0,20.0,4.0,Ni,"(P,P,P,P)"
C1[NH2+][Cr]23(O=C(C)C=C(C)O2)(O=C(C)C=C(C)O3)[P+](C2=CC=CC=C2)(C2=CC=CC=C2)CC1,MAO,600.0,Cc1ccccc1,318.15,45.0,0.78,9698000.0,,22.9,65.2,,92.3,Cr,"(N,O,O,O,O,P)"
C12C=CC3C=CC=N4[Ni]5(Cl)(Cl)N6C7C=CC=CC=7NC=6C(=CC=1)N5=C2C=34,DEAC,300.0,Cc1ccccc1,293.15,30.0,0.5,9840000.0,91.0,9.0,,70.5,,Ni,"(N,N,N)"
N1(C2C(C(C)C)=CC=CC=2C(C)C)[P+](C2C=CC=CC=2)(C2C=CC=CC=2)[Ni](Br)(Br)[P+](C2C=CC=CC=2)(C2C=CC=CC=2)[Si]1(C)C,EADC,500.0,C1CCCCC1C,318.15,10.0,0.5,92000000.0,86.2,13.8,,30.4,10.1,Ni,"(P,P)"
C1C=CC(C)=C(N2[Fe]3(Cl)(Cl)N4C5C=CC=C(C)C=5NC=4C4C=CC=C(N=43)C=2C)C=1C,MMAO,200.0,Cc1ccccc1,313.15,30.0,0.5,500000.0,39.6,21.4,13.2,,,Fe,"(N,N,N)"
C1C=C(C2C=CC=CC=2)N2[Co]3(Cl)(Cl)N(C4C(CC)=CC=CC=4CC)=C(C)C4C=CC5C=CC=1C=2C=5N=43,MAO,500.0,Cc1ccccc1,293.15,1.0,0.5,671000.0,91.9,5.4,,97.9,,Co,"(N,N,N)"
C1C=C2C3=N([Ni]4(OC2=CC=1)OC1=CC=CC=C1C1=N4C2C=CC=CC=2N1C(C)C)C1C=CC=CC=1N3C(C)C,DEAC,200.0,Cc1ccccc1,293.15,1.0,0.5,236999.99999999997,93.1,6.9,,,,Ni,"(N,N,O,O)"
[Ni]1([P+](N(C2C(C(C)C)=CC=CC=2C(C)C)[Si](C)(C)C[P+]1(C1C=CC=CC=1)C1C=CC=CC=1)(C1C=CC=CC=1)C1C=CC=CC=1)(Br)Br,DEAC,500.0,CC1CCCCC1,318.15,10.0,0.5,9900000.0,87.6,12.4,,60.2,11.8,Ni,"(P,P)"
N12CN3C(C(C)C)=CC(C(C)C)=N3[Ni](Br)(Br)N1=C(C(C)C)C=C2C(C)C,EASC,150.0,Cc1ccccc1,303.15,3.8,0.5,1425000.0,88.8,11.2,,33.6,19.6,Ni,"(N,N)"
C1C=CC(C)=C(N2[Fe]3(Cl)(Cl)N4C5C=CC=C(Cl)C=5NC=4C4C=CC=C(N=43)C=2C)C=1C,MAO,1000.0,Cc1ccccc1,303.15,30.0,0.5,409999.99999999994,34.2,20.6,11.2,,,Fe,"(N,N,N)"
N1(C2CCCC2)[P+](C2C=CC=CC=2)(C2C=CC=CC=2)[Ni](Br)(Br)[P+](C2C=CC=CC=2)(C2C=CC=CC=2)[Si]1(C)C,EADC,500.0,C1CCCCC1C,318.15,8.0,0.5,64000000.0,83.9,16.1,,34.3,8.1,Ni,"(P,P)"
C1C=C(C)C2N3[Ni](Cl)(Cl)N4C5C=CC=CC=5N(C)C=4C=3C=CC=2C=1,DEAC,200.0,Cc1ccccc1,303.15,10.0,0.33,2910000.0,93.2,6.8,,79.3,,Ni,"(N,N)"
C1C(CO)=N2[Ni](Cl)(Cl)N(C3C(C(C)(C)C)=CC(C(C)(C)C)=CC=3C(C)(C)C)=C3CCCC(C=1)=C23,MMAO,3000.0,Cc1ccccc1,303.15,10.0,0.5,800000.0,19.4,80.6,,60.9,49.9,Ni,"(N,N)"
[P+]1([Cr](Cl)(O2CCCC2)(Cl)(Cl)[P+](C2C=CC=CC=2)(C2C=CC=CC=2)CC1)(C1C=CC=CC=1)C1C=CC=CC=1,MAO,730.0,Cc1ccccc1,358.15,20.0,0.5,4082000.0000000005,0.7,55.7,31.2,,91.2,Cr,"(O,P,P)"
N1(C2CCCC2)[P+](C2C=CC=CC=2)(C2C=CC=CC=2)[Ni](Br)(Br)[P+](C2C=CC=CC=2)(C2C=CC=CC=2)[Si]1(C)C,EADC,500.0,C1CCCCC1C,318.15,10.0,0.5,63000000.0,80.2,19.8,,19.8,4.0,Ni,"(P,P)"
C1C(C)=CC2[P+](C3C=CC=CC=3)(C3C=CC=CC=3)[Ni](Br)(Br)N3C(C)(C)COC=3C=2C=1,MAO,1000.0,Cc1ccccc1,298.15,1.0,0.5,373000.0,75.72,21.94,,,,Ni,"(N,P)"
C1C=CC(C)=C(N2[Fe]3(Cl)(Cl)(Cl)N4=C(C5N(C)C6C=CC=CC=6N=53)C=CC=C4C=2C)C=1C,MAO,500.0,Cc1ccccc1,313.15,1.0,0.5,3620.0000000000005,55.5,5.5,,,,Fe,"(N,N,N)"
C1C(C)=CC(C(C2C=CC=CC=2)C2C=CC=CC=2)=C(N2[Ni]3(Br)(Br)N(C4C(C)=CC(C)=CC=4C)=C(C)C4C=CC=C(N=43)C=2C)C=1C(C1C=CC=CC=1)C1C=CC=CC=1,EASC,500.0,Cc1ccccc1,313.15,10.0,0.5,133000.0,95.4,4.6,,95.8,,Ni,"(N,N,N)"
C1C2C=CC(C(C)C)=N3[Co]4(Cl)(Cl)N5C(C)=CC=CC=5C=N4C(=CC=1)C=23,MMAO,1500.0,Cc1ccccc1,293.15,30.0,0.3333333333333333,1390000.0,99.2,0.8,,84.2,,Co,"(N,N,N)"
C1C=CC=C([NH+]2[Cr]3(Cl)(Cl)(O4CCCC4)N4C=CC=C4C=N3CC2)C=1,MAO,300.0,Cc1ccccc1,373.15,20.0,0.25,199155.0,64.6,9.7,9.7,94.0,88.9,Cr,"(N,N,N,O)"
C1=CC=N2[Fe]3(Cl)(Cl)N4C5C=CC=CC=5N(C(C)C)C=4C4C=CC5=CC=C1C2=C5N=43,MMAO,1000.0,Cc1ccccc1,293.15,30.0,0.33,922000.0000000001,93.2,6.8,,78.4,,Fe,"(N,N,N)"
C(CCCC)CCCCCCCCCCCCCN1CCC(=O)NCCN2[Fe]3(N(=CC4C(O3)=CC=CC=4)CCNC(=O)CC1)OC1C=CC=CC=1C=2,MAO,500.0,Cc1ccccc1,298.15,5.0,0.5,74600.0,62.64,10.76,15.35,,,Fe,"(N,N,O,O)"
C1C=CC(OC)=C(OCCN2[Co](Cl)(Cl)OC3=CC=CC=C3C=2)C=1,MAO,300.0,Cc1ccccc1,323.15,20.0,0.5,220000.00000000003,35.63,28.58,20.66,,,Co,"(N,O)"
[Ni]1234(N(=C5C=C(NCCN6CCOCC6)C(=O)C=C5O1)CCN12CCOCC1)N1(CCOCC1)CCN3=C1C=C(NCCN2CCOCC2)C(=O)C(O4)=C1,MAO,200.0,Clc1ccccc1,303.15,10.0,0.5833333333333334,364650.0,69.0,26.0,5.0,,,Ni,"(N,N,N,N,O,O)"
C1C=CN2[Fe]3(Cl)(Cl)N4=C(C(C)=N3C3C(Br)=CC(F)=CC=3Cl)C=CC3C=CC=1C=2C=34,MAO,1000.0,Cc1ccccc1,313.15,10.0,1.0,27100000.0,26.7,35.5,37.8,,,Fe,"(N,N,N)"
C12C=CC3C=CC=N4[Ni]5(Cl)(Cl)N6C7C=CC=CC=7NC=6C(=CC=1)N5=C2C=34,DEAC,300.0,Cc1ccccc1,293.15,30.0,0.6666666666666666,8249999.999999999,96.5,3.5,,68.3,,Ni,"(N,N,N)"
C1N=C2C3N=CC=CC=3/C(=N3/NC(=O[Ni]4/3(/N(=C3\C5C=CC=NC=5C5N=CC=CC\3=5)/NC(C3C=CC([N+]([O-])=O)=CC=3)=O4)(Cl)Cl)C3C=CC([N+]([O-])=O)=CC=3)/C2=CC=1,MAO,1000.0,Cc1ccccc1,303.15,1.0,0.5,55800.0,94.0,6.0,0.0,100.0,0.0,Ni,"(N,N,O,O)"
C1C=CN2[Co]3(Cl)(Cl)N4=C(C=N3C3C(Cl)=CC=CC=3Cl)C=CC3C=CC=1C=2C=34,MMAO,1000.0,Cc1ccccc1,293.15,1.0,0.5,295000.0,100.0,0.0,,,,Co,"(N,N,N)"
C1C=CC=C(OCCN2[Co](Cl)(Cl)OC3=CC=CC=C3C=2)C=1,MAO,500.0,Cc1ccccc1,323.15,20.0,0.5,294000.0,44.33,17.69,20.82,,,Co,"(N,O)"
C1C=CN2[Ni]34(Br)([NH+](CCN(CC)CC)CC5C=CC=CN=53)[NH+](CCN4(CC)CC)CC=2C=1,EADC,200.0,Cc1ccccc1,303.15,10.0,1.0,2740000.0,47.0,44.0,9.0,86.0,56.0,Ni,"(N,N,N,N,N)"
C12C=CC3C=CC=N4[Ni]5(Cl)(Cl)N6C7C=CC=CC=7N(CC7C=CC=CC=7)C=6C(=CC=1)N5=C2C=34,DEAC,300.0,Cc1ccccc1,293.15,30.0,0.3333333333333333,2000000.0,95.7,4.3,,70.3,,Ni,"(N,N,N)"
C12[P+]([Cr]34(O=C(C)CC(C)=O3)(O=C(C)CC(C)=O4)[P+](C3C(OC)=CC=C4C=CC=CC=34)(C3C=CC=CC=3)(C3C=CC=CC=3)C1=CC(C(C)C)=CC=2)(C1C=CC=CC=1)C1C=CC=CC=1,MAO,730.0,Cc1ccccc1,358.15,20.0,0.5,306800.0,0.5,92.1,0.2,,97.1,Cr,"(O,O,O,O,P,P)"
N12[Ni]3(O(C)C4C(N3=CC1=CC=C2)=CC=CC=4)Cl,EASC,250.0,Cc1ccccc1,303.15,20.0,0.33,171105.0,100.0,0.0,,94.0,0.0,Ni,"(N,N,O)"
C1(C(C)C)C=CC=C(C(C)C)C=1N1[Ni](Br)(Br)[P+](C(C)C)(C(C)C)OC=1C(C)(C)C,DEAC,300.97087378640776,Cc1ccccc1,273.15,5.0,1.0,2796585.0,81.0,18.0,2.0,4.0,,Ni,"(N,P)"
C1=C2N([Ni]([P+](C2C)(C2=CC=CC=C2)C2=CC=CC=C2)(Cl)Cl)=CC=C1,MAO,400.0,Cc1ccccc1,303.15,10.0,0.5833333333333334,280500.0,85.0,14.0,2.0,,,Ni,"(N,P)"
C1C=CC(C)=C(N2[Fe]3(Cl)(Cl)N4C5C=CC=C(Cl)C=5NC=4C4C=CC=C(N=43)C=2C)C=1C,MAO,350.0,Cc1ccccc1,303.15,30.0,0.5,1320000.0,34.4,21.6,12.8,,,Fe,"(N,N,N)"
C1(N(CCOC)C=C[N+]=1C1=C(C(C)C)C=CC=C1C(C)C)[Ni](C1N(CCOC)C=C[N+]=1C1=C(C(C)C)C=CC=C1C(C)C)(I)I,EADC,10.0,Cc1ccccc1,295.65,10.0,0.58,610376.0,83.0,15.0,,12.0,2.0,Ni,"(C,C)"
C12=[N+](P(C(C)(C)C)C(C)(C)C)C=CN1[P+](C(C)(C)C)(C(C)(C)C)[Cr]2(CC1=CC=CC=C1)(CC1=CC=CC=C1)CC1=CC=CC=C1,MAO,400.0,Clc1ccccc1,303.15,10.0,1.5,279097.5,16.0,18.0,16.0,100.0,95.0,Cr,"(C,C,C,C,P)"
C1C=CN2[Cr]3(Cl)(Cl)(Cl)N(C4C(C)=CC=CC=4C)=CC4C=CC5C=CC=1C=2C=5N=43,MAO,1000.0,Cc1ccccc1,353.15,10.0,1.0,2730000.0,29.8,34.0,36.2,,,Cr,"(N,N,N)"
C1C=CC2[P+](C3C=CC=CC=3)(C3C=CC=CC=3)[Ni](Br)(Br)N3C(C4C=CC=CC=4)COC=3C=2C=1,MAO,1000.0,Cc1ccccc1,298.15,1.0,0.5,134000.0,82.4,14.47,,,,Ni,"(N,P)"
P(C1[P+](C2C=CC=CC=2)(C2C=CC=CC=2)[Ni](Cl)(Cl)[P+]1(C1C=CC=CC=1)C1C=CC=CC=1)(=O)(OC)OC,MAO,100.0,Cc1ccccc1,296.15,10.0,0.58,83589.0,91.0,9.0,1.0,34.0,20.0,Ni,"(P,P)"
C1C=CC(Br)=C(N2[Ni]3(Br)(Br)N4C5C=CC=CC=5NC=4C4C=CC=C(N=43)C=2C)C=1Br,DEAC,300.0,Cc1ccccc1,313.15,10.0,0.5,2540000.0,93.2,4.3,,80.7,,Ni,"(N,N,N)"
C1C=C2C3=N4[Co](Cl)(Cl)(N(C5C(C(C)C)=CC=CC=5C(C)C)=C3C3=CC=CC(C=1)=C23)N(C(C)C)(C(C)C)CC4,MAO,300.0,Cc1ccccc1,303.15,1.3,0.5,49400.00000000001,45.8,54.2,,59.1703056768559,30.258302583025824,Co,"(N,N,N)"
C1C=CC2N3[Ni](Cl)(Cl)N(C4C(C(C)C)=CC=CC=4C(C)C)=C4CCCC(=CC=2C=1)C=34,TMA,200.0,Cc1ccccc1,303.15,10.0,0.5,211000.0,35.9,10.4,54.7,,,Ni,"(N,N)"
N12C(C)=CC(C)=N1[Ni](Br)(Br)N(C1C(C(C)C)=CC=CC=1C(C)C)=C2C1C=CC=CC=1,MAO,400.0,Cc1ccccc1,293.15,0.5,1.0,82000.0,12.9,22.7,49.8,,,Ni,"(N,N)"
C1C=C(C2C=CC=CC=2)N2[Co]3(Cl)(Cl)N(C4C(CC)=CC=CC=4CC)=C(C4C=CC=CC=4)C4C=CC5C=CC=1C=2C=5N=43,MAO,1000.0,Cc1ccccc1,293.15,1.0,0.5,570000.0,77.8,15.1,,97.4,,Co,"(N,N,N)"
N12CC[NH2+][Ni](Br)(Br)N1=C([Fe])C=C2C,EADC,400.0,Clc1ccccc1,298.15,10.0,1.0,578018.9000000001,,,,,,Ni,"(N,N); (C)"
C1C=CC2[P+](C3C=CC=CC=3)(C3C=CC=CC=3)[Ni](Br)(Br)N3CC(C)OC=3C=2C=1,MAO,1000.0,Cc1ccccc1,298.15,20.0,0.5,574000.0,78.9,7.84,,,,Ni,"(N,P)"
C1C(Br)=N2[Ni](Br)(Br)N3=C(C)C=C(C)N3C2=CC=1,MAO,1000.0,Clc1ccccc1,311.15,10.0,1.0,1800000.0,53.0,47.0,,100.0,52.0,Ni,"(N,N)"
C1C=C(C2C=CC=CC=2)N2[Ni]3(Cl)(Cl)N(C4C(CC)=CC=CC=4CC)=C(C4C=CC=CC=4)C4C=CC5C=CC=1C=2C=5N=43,DEAC,300.0,Cc1ccccc1,303.15,10.0,0.5,5170000.0,97.5,2.5,,36.5,,Ni,"(N,N,N)"
C1C=CC2N3[Ni](Br)(Br)N(C4C(C(C)C)=CC=CC=4C(C)C)=C4CCCC(=CC=2C=1)C=34,TMA,300.0,Cc1ccccc1,323.15,10.0,0.5,227000.0,38.7,7.6,53.7,,,Ni,"(N,N)"
C1C=CN2[Ni]345([OH+]CC[NH+]3CC3C=CC=CN=34)[NH+](CC[OH+]5)CC=2C=1,MAO,1000.0,Cc1ccccc1,303.15,10.0,1.0,1960000.0,72.0,18.0,10.0,86.0,56.0,Ni,"(N,N,N,N,O,O)"
C1C=CC(C)=C(N2[Fe]3(Cl)(Cl)N(C4C=CC=CC=4C)=C(C)C4C=CC=C(N=43)C=2C)C=1,MMAO,1000.0,Cc1ccccc1,293.15,1.0,1.0,810000.0,9.8,,,,,Fe,"(N,N,N)"
C1C=CN2[Ni](C3C(C)=CC(C)=CC=3C)(Br)N3=CC=CC=C3C=2C=1,MMAO-12,100.0,Cc1ccccc1,299.65,20.0,0.5,3918585.0,51.0,27.0,12.0,,,Ni,"(C,N,N)"
C1C=CC2N3[Ni](Br)(Br)N(C4C(C)=CC=CC=4C)=C(C(C)(C)C)C=3C=CC=2C=1,EASC,500.0,Cc1ccccc1,323.15,5.0,0.5,2780000.0,10.2,18.8,,,,Ni,"(N,N)"
C1(C(C)C)C=CC=C(C(C)C)C=1N1[Ni](Br)(Br)[P+](C(C)C)(C(C)C)OC=1C,MMAO,1576.9230769230767,Cc1ccccc1,303.15,9.0,1.0,465630.0,71.0,29.0,0.0,41.0,,Ni,"(N,P)"
N12CN3C(C)=C(Br)C(C)=N3[Ni](Br)(Br)N1=C(C)C(Br)=C2C,EASC,150.0,Cc1ccccc1,303.15,3.8,0.5,1209000.0,89.7,9.5,,39.8,21.8,Ni,"(N,N)"
C12=CC(C(C)(C)C)=CC(C(C)(C)C)=C1O[Cr]1(Cl)(Cl)(O3CCCC3)[NH+](CCN1=C2)C1=CC=CC=C1,MAO,300.0,Cc1ccccc1,353.15,20.0,0.25,987360.0,20.6,23.6,20.2,91.0,96.8,Cr,"(N,N,O,O)"
C1C=CC(CC)=C(N2[Ni]3(Br)(Br)N4C5C=CC=CC=5NC=4C4C=CC=C(N=43)C=2C)C=1CC,DEAC,300.0,Cc1ccccc1,313.15,10.0,0.5,1570000.0,90.7,5.7,,80.5,,Ni,"(N,N,N)"
C1=C2N([Ni]([P+](C2C2=CC=CC=C2)(C2=CC=CC=C2)C2=CC=CC=C2)(Cl)Cl)=CC=C1,MAO,400.0,Cc1ccccc1,303.15,10.0,0.5833333333333334,286110.0,81.0,16.0,2.0,,,Ni,"(N,P)"
C1=CC2C=N3[Ni]4(N(=CC5C=CC=CC=5O4)CCCCCCCCNC(CCN(CCCCCCCCCCCC)CCC(=O)NCCCCCCCC3)=O)OC=2C=C1,DEAC,500.0,Cc1ccccc1,298.15,5.0,0.5,492000.0,87.6,7.33,1.81,,,Ni,"(N,N,O,O)"
C1C=CC2[P+](C3C=CC=CC=3)(C3C=CC=CC=3)[Ni](Br)(Br)N3C(C)(C)COC=3C=2C=1,"MAO,PPh3",200.0,Cc1ccccc1,298.15,1.0,0.5,173000.0,90.67,9.33,,,,Ni,"(N,P)"
C1=C2N([Ni]([P+](C2)(C2=CC=CC=C2)C2=CC=CC=C2)(Cl)Cl)=CC=C1,EADC,2.0,Clc1ccccc1,300.65,10.0,0.5833333333333334,572220.0,87.0,12.0,1.0,17.0,,Ni,"(N,P)"
C1C=CC2N3[Ni](Br)(Br)N(C4C(C)=CC=CC=4C)=C(C(C)(C)C)C=3C=CC=2C=1,MMAO,2500.0,Cc1ccccc1,333.15,5.0,0.5,1490000.0,5.2,90.0,,,,Ni,"(N,N)"
C1C=CN2[Cr]3(Cl)(Cl)(Cl)N(C4C(C)=CC=CC=4C)=C(C)C4C=CC5C=CC=1C=2C=5N=43,MAO,1000.0,Cc1ccccc1,293.15,1.0,1.0,134000.0,49.2,25.8,24.9,,,Cr,"(N,N,N)"
C1C=CN2[Co]3(Cl)(Cl)N4=C(C(C5C=CC=CC=5)=N3C3C(CC)=CC=CC=3CC)C=CC3C=CC=1C=2C=34,MAO,500.0,Cc1ccccc1,313.15,10.0,1.0,1039999.9999999999,97.0,3.0,0.0,,,Co,"(N,N,N)"
C1C(C)=CC(C)=C(N2=C(C)C3N4[Ni]2(Br)(Br)N2C5C=CC=C(C)C=5NC=2C=4C=CC=3)C=1C,DEAC,700.0,Cc1ccccc1,323.15,10.0,0.5,840000.0,98.9,1.1,,,,Ni,"(N,N,N)"
C1C2C(=N(C3C(C(C)C)=CC=CC=3C(C)C)[Ni]3(Cl)(Cl)N=2C(C2OC4C=CC=CC=4N=23)=CC=1)C,DEAC,200.0,Cc1ccccc1,323.15,10.0,0.5,1450000.0,94.6,5.4,,77.9,,Ni,"(N,N,N)"
C1C(C)=N2[Ni](Br)(Br)N3=C(C)C=CC4C=CC(C=1)=C2C=43,MAO,500.0,Cc1ccccc1,333.15,1.0,0.5,358000.0,95.1,4.9,,,,Ni,"(N,N)"
C1C=CC2N3[Co](Cl)(Cl)N4=C(C)C=CC=C4C=3NC=2C=1,DEAC,200.0,Cc1ccccc1,293.15,20.0,0.5,282000.0,70.5,29.5,,,,Co,"(N,N)"
C1C(C)=CC2[P+](C3C=CC=CC=3)(C3C=CC=CC=3)[Ni](Br)(Br)N3C(C)(C)COC=3C=2C=1,MAO,1000.0,Cc1ccccc1,298.15,20.0,0.5,1180000.0,85.34,9.31,,,,Ni,"(N,P)"
C12C=CC3C=CC(C)=N4[Ni]5(Br)(Br)N6C7C=CC=CC=7N(CC7C=CC=CC=7)C=6C(=CC=1)N5=C2C=34,DEAC,200.0,Cc1ccccc1,293.15,30.0,0.3333333333333333,900000.0,95.5,4.5,,85.3,,Ni,"(N,N,N)"
C1(Cl)C=C2C3=N([Ni]4(OC2=C(Cl)C=1)OC1=C(Cl)C=C(Cl)C=C1C1=N4C2C=CC=CC=2N1C(C)C)C1C=CC=CC=1N3C(C)C,DEAC,200.0,Cc1ccccc1,293.15,1.0,0.08333333333333333,336000.0,95.4,4.6,,,,Ni,"(N,N,O,O)"
C12C(C)=N(C3C=CC=CC=3)[Fe]3(Cl)(Cl)(Cl)N=1C(C(=N3C1C=CC=CC=1)C)=CC=C2,MAO,2500.0,Cc1ccccc1,333.15,10.0,1.0,1377603.5502958582,29.3,49.5,14.7,98.9,49.3,Fe,"(N,N,N)"
C1C=CC2N3[Fe](Cl)(Cl)N4=C(C)C=CC=C4C=3NC=2C=1,MMAO,1000.0,Cc1ccccc1,293.15,20.0,0.5,171999.99999999997,81.4,18.6,,,,Fe,"(N,N)"
C1C(C)=CC(C(C2C=CC=CC=2)C2C=CC=CC=2)=C(N2=C(C)C3N4[Ni]2(Cl)(Cl)N(C2C(C)=CC=CC=2C)=C(C)C=4C=CC=3)C=1C(C1C=CC=CC=1)C1C=CC=CC=1,EASC,200.0,Cc1ccccc1,313.15,10.0,0.5,412000.0,95.7,4.3,,90.1,,Ni,"(N,N,N)"
C1=CC=N2[Co]3(Cl)(Cl)N4C5C=CC=CC=5NC=4C4C=CC5=CC=C1C2=C5N=43,MMAO,1800.0,Cc1ccccc1,293.15,30.0,0.33,1320000.0,90.1,9.9,,78.0,,Co,"(N,N,N)"
C1C=CC2N3[Ni](Br)(Br)N(C4C(C)=CC=CC=4C)=C(C(C)(C)C)C=3C=CC=2C=1,EASC,500.0,Cc1ccccc1,293.15,5.0,0.5,1380000.0,29.5,22.6,,,,Ni,"(N,N)"
C1C(C)=CC(C)=C(N2=C(C)C3N4[Ni]2(Cl)(Cl)N2C5C=CC=C(C)C=5NC=2C=4C=CC=3)C=1C,DEAC,700.0,Cc1ccccc1,303.15,10.0,0.33,4200000.0,99.7,0.3,,,,Ni,"(N,N,N)"
C1C=CN2[Fe]3(Cl)(Cl)N4=C(C(C)=N3C3C(Br)=CC(F)=CC=3)C=CC3C=CC=1C=2C=34,MAO,1000.0,Cc1ccccc1,313.15,10.0,1.0,10600000.0,26.2,34.7,39.1,,,Fe,"(N,N,N)"
C12C(O[P+](C3C=CC=CC=3)(C3C=CC=CC=3)[Ni](Cl)(Cl)N=1C(C)(C)CO2)(C)C,EADC,2.0,Clc1ccccc1,300.65,19.0,0.5833333333333334,1245420.0000000002,81.0,18.0,1.0,14.0,,Ni,"(N,P)"
C1C2C(OCC)=O[Ni]3(Br)(Br)N(C4C(F)=CC=CC=4F)=C(C)C(=CC=1)N=23,MAO,1000.0,Cc1ccccc1,288.15,1.0,0.5,40800.0,87.86,1.66,,,,Ni,"(N,N,O)"
C1C=CN2[Co]3(Cl)(Cl)N4=C(C=N3C3C(C)=CC=CC=3C)C=CC3C=CC=1C=2C=34,MMAO,1000.0,Cc1ccccc1,293.15,1.0,0.5,158000.0,100.0,0.0,,,,Co,"(N,N,N)"
CCCCCCCCCCCCN1CCC(=O)NCCCCCCN2[Fe]3(OC4C=CC=CC=4C=N3CCCCCCNC(=O)CC1)OC1=CC=CC=C1C=2,MAO,500.0,CC1CCCCC1,298.15,5.0,0.5,31400.000000000004,76.57,11.19,10.28,,,Fe,"(N,N,O,O)"
C1C=CC(OC)=C(OCCN2[Ni](Cl)(Cl)OC3=CC(OC)=CC=C3C=2)C=1,MAO,300.0,Cc1ccccc1,323.15,20.0,0.5,101000.0,83.65,8.22,1.54,,,Ni,"(N,O)"
C1C=CN2[Ni](C3C(C)=CC(C)=CC=3C)(Br)N3=C(C)C=CC4C=CC=1C=2C=43,EASC,100.0,Cc1ccccc1,299.65,20.0,0.5,2213145.0,77.0,12.0,,,,Ni,"(C,N,N)"
C12C(C)=N(C3C=C(C(C)(C)C)C=C(C(C)(C)C)C=3)[Fe]3(Cl)(Cl)(Cl)N=1C(C(=N3C1C=C(C(C)(C)C)C=C(C(C)(C)C)C=1)C)=CC=C2,MAO,2500.0,Cc1ccccc1,333.15,10.0,1.0,7412176.165803108,41.1,45.9,11.4,99.9,70.0,Fe,"(N,N,N)"
C1C(Br)=N2[Ni](Br)(Br)N3=C(C)C=C(C)N3C2=CC=1,MAO,1000.0,Cc1ccccc1,304.65,20.0,1.0,1400000.0,79.0,11.0,7.0,89.0,56.0,Ni,"(N,N)"
C1C=CC2N3[Fe](Cl)(Cl)N4=C(C)C=CC=C4C=3NC=2C=1,DEAC,500.0,Cc1ccccc1,293.15,20.0,0.5,112000.00000000003,58.7,41.3,,,,Fe,"(N,N)"
C1C(C)=CC(C)=C(N2=C(C)C3N4[Ni]2(Cl)(Cl)N2C5C=CC=C(C)C=5NC=2C=4C=CC=3)C=1C,DEAC,800.0,Cc1ccccc1,303.15,10.0,0.5,660000.0,96.0,4.0,,,,Ni,"(N,N,N)"
C1C(CO)=N2[Ni](Cl)(Cl)N(C3C(C(C)(C)C)=CC(C(C)(C)C)=CC=3C(C)(C)C)=C3CCCC(C=1)=C23,MMAO,5500.0,Cc1ccccc1,303.15,5.0,0.5,1120000.0,14.4,85.6,,94.6,51.0,Ni,"(N,N)"
N12CC3C=CC=CN=3[Ni]3(Cl)(Cl[Ni]4(Cl)(Cl3)N3C=CC=CC=3CN3N4=C(C)C=C3C)N1=C(C)C=C2C,EADC,250.0,Cc1ccccc1,329.15,20.0,0.25,4872000.0,74.0,24.0,2.0,,,Ni,"(N,N)"
C1C=C2C3=N([Ni]4(OC2=CC=1)OC1=CC=CC=C1C1=N4C2C=C(C)C(C)=CC=2N1)C1C=C(C)C(C)=CC=1N3,DEAC,200.0,Cc1ccccc1,293.15,1.0,0.5,200000.0,92.8,7.2,,,,Ni,"(N,N,O,O)"
C1C=CC2N3[Ni](Br)(Br)N(C4C(C)=CC=CC=4C)=C(C(C)(C)C)C=3C=CC=2C=1,MMAO,2500.0,Cc1ccccc1,293.15,5.0,0.5,1520000.0,9.7,81.3,,,,Ni,"(N,N)"
C1C(C)(C)N2[Ni](Cl)(Cl)[P+](C3C=CC=CC=3)(C3C=CC=CC=3)OC(C)(C)C=2O1,EADC,1.3,Cc1ccccc1,303.15,10.0,0.5833333333333334,681615.0,91.0,9.0,0.0,17.0,,Ni,"(N,P)"
N12CN3C4C=CC=CC=4C=N3[Ni](Br)(Br)N1=CC1C=CC=CC2=1,DEAC,150.0,Cc1ccccc1,303.15,3.8,0.5,1710000.0,91.2,8.8,,25.4,17.0,Ni,"(N,N)"
C1C(C)=C(N2[Ni]3(Cl)(Cl[Ni]4(Cl3)N3C5C(C(C)(C)CC=5C=CC=3C3C=CC=CC=3)=N4C3C(C)=CC=CC=3C)N3C4C=2C(C)(C)CC=4C=CC=3C2C=CC=CC=2)C(C)=CC=1,MAO,2000.0,Cc1ccccc1,303.15,10.0,0.5,2239610.4,96.6,3.4,0.0,87.5,,Ni,"(N,N)"
C1C(Br)=N2[Ni](Br)(Br)N3=C(C)C=C(C)N3C2=CC=1,MAO,500.0,Cc1ccccc1,304.65,10.0,1.0,400000.0,89.0,6.0,3.0,92.0,58.0,Ni,"(N,N)"
C1C=CC=C([NH+]2[Cr]3(Cl)(Cl)(O4CCCC4)N4C=CC=C4C=N3CC2)C=1,MAO,300.0,Cc1ccccc1,353.15,20.0,0.25,1318350.0,67.6,16.2,4.6,97.2,88.9,Cr,"(N,N,N,O)"
N12CCO3[Cr](Cl)(Cl)(Cl)(N4=C(C5C=CC=CC=5)C=CN4CC3)N1=C(C1C=CC=CC=1)C=C2,MAO,300.0,Cc1ccccc1,353.15,20.0,0.25,748935.0,10.4,15.5,15.9,97.4,95.1,Cr,"(N,N,O)"
C1C2C3C=NC4C=CC=CC=4N=3[Ni]3(Br)(Br)N=2C(C(C)=N3C2C(C)=CC=CC=2C)=CC=1,"CC[Al](Cl)CC,PPh3",700.0,Cc1ccccc1,293.15,1.0,0.5,850000.0,96.2,3.8,,,,Ni,"(N,N,N)"
C1=C2CP(C3C=CC=CC=3)(C3C=CC=CC=3)=O[Fe]3(Cl)(Cl)N4=C(C)C=C(C)N4CC(C=C1)=N23,EADC,250.0,Clc1ccccc1,303.15,10.0,1.0,259999.99999999997,84.0,16.0,,15.0,,Fe,"(N,N,O)"
C1C=CN2[Fe]3(Cl)(Cl)N4=C(C(C)=N3C3C(C(C)C)=CC=CC=3)C=CC3C=CC=1C=2C=34,EADC,200.0,Cc1ccccc1,293.15,1.0,0.5,81700.0,100.0,,,99.0,,Fe,"(N,N,N)"
C1(=C(C(C)C)C=CC=C1C(C)C)[N+]1=C(C2=CC=CC=C2)N(C2=C(C(C)C)C=CC=C2C(C)C)[Ni]1([P+](C1=CC=CC=C1)(C1=CC=CC=C1)C1=CC=CC=C1)C1=CC=CC=C1,MAO,600.0,Cc1ccccc1,293.15,0.5,0.5,129030.0,63.4,36.0,,,,Ni,"(C,N,N,P)"
C1C=CC=C2N3[Ni]4(Br[Ni]5(Br)(N6C7C=CC=CC=7N=CC=6C6N5=CC=CC=6)Br4)(Br)N4=CC=CC=C4C=3C=NC=12,MAO,1000.0,Cc1ccccc1,278.15,1.0,0.5,110000.00000000001,85.2,14.8,,100.0,26.8,Ni,"(N,N)"
[P+]1([Cr]2(O(CC)CC3=CC=CC=C3[P+]2(C2C=CC=CC=2)C2C=CC=CC1=2)(Cl)(Cl)Cl)(C1C=CC=CC=1)C1C=CC=CC=1,MAO,730.0,Cc1ccccc1,358.15,20.0,0.5,1731600.0000000002,0.7,90.0,4.0,,97.3,Cr,"(O,P,P)"
C1=C2CP(C3C=CC=CC=3)(C3C=CC=CC=3)=O[Ni]3(Br)(Br)N4=C(C)C=C(C)N4CC(C=C1)=N23,EADC,250.0,Clc1ccccc1,303.15,10.0,1.0,500000.0,87.0,13.0,,21.0,,Ni,"(N,N,O)"
S(CCCN1[P+](C2=CC=CC=C2)(C2=CC=CC=C2)[Ni](Cl)(Cl)[S+]=P1(C1C=CC=CC=1)C1=CC=CC=C1)C,EADC,3.0,Clc1ccccc1,302.15,10.0,0.58,134640.0,70.0,21.0,7.0,,,Ni,"(P,S)"
C1N=C2C3N=CC=CC=3/C(=N3/NC(=O[Ni]4/3(/N(=C3\C5C=CC=NC=5C5N=CC=CC\3=5)/NC(C3C=CC=CC=3)=O4)(Cl)Cl)C3C=CC=CC=3)/C2=CC=1,MAO,1000.0,Cc1ccccc1,273.15,1.0,0.5,55000.0,84.5,15.5,0.0,100.0,0.0,Ni,"(N,N,O,O)"
C1C=CC2N3[Ni](Br)(Br)N(C4C(C)=CC=CC=4C)=C(C(C)(C)C)C=3C=CC=2C=1,EASC,200.0,Cc1ccccc1,303.15,5.0,0.5,640000.0,31.1,45.8,,,,Ni,"(N,N)"
N12[Ni]3(Cl)[NH+](CCN3=CC1=CC=C2C(C)(C)C)C1C=CC=CC=1,EASC,250.0,Cc1ccccc1,303.15,20.0,0.33,816255.0,97.1,2.9,,83.0,43.0,Ni,"(N,N,N)"
C1C=CC=C2N3[Ni]4(Cl[Ni]5(Cl)(N6C7C=CC=CC=7N=CC=6C6N5=CC=CC=6)Cl4)(Cl)N4=CC=CC=C4C=3C=NC=12,MAO,1000.0,Cc1ccccc1,293.15,1.0,0.5,440000.00000000006,88.7,11.3,,100.0,17.9,Ni,"(N,N)"
C1C=CC2N3[Ni](Br)(Br)N(C4C(C(C)C)=CC=CC=4C(C)C)=C4CCCC(=CC=2C=1)C=34,TMA,300.0,Cc1ccccc1,303.15,10.0,0.25,931000.0,36.7,9.7,53.6,,,Ni,"(N,N)"
C1=CC=N2[Fe]3(Cl)(Cl)N4C5C=CC=CC=5OC=4C4C=CC5=CC=C1C2=C5N=43,MMAO,800.0,Cc1ccccc1,333.15,1.0,0.33,21200.0,98.3,1.7,,25.6,,Fe,"(N,N,N)"
C1C(CO)=N2[Ni](Cl)(Cl)N(C3C(C(C)(C)C)=CC(C(C)(C)C)=CC=3C(C)(C)C)=C3CCCC(C=1)=C23,MMAO,5500.0,Cc1ccccc1,303.15,10.0,0.08,11600000.0,16.1,83.9,,86.1,49.5,Ni,"(N,N)"
C(N(CCC(=O)NCCN1C2N([Ni](Cl)(Cl)N3C=CC=CC1=3)=CC=CC=2)C1CCCCC1)CC(=O)NCCN1C2N([Ni](Cl)(Cl)N3C=CC=CC1=3)=CC=CC=2,MAO,700.0,Cc1ccccc1,328.15,40.0,0.5,181000.0,60.43,17.11,14.56,,,Ni,"(N,N)"
C1(Cl)C=C2C3=N([Ni]4(OC2=C(Cl)C=1)OC1=C(Cl)C=C(Cl)C=C1C1=N4C2C=CC=CC=2N1C(C)C)C1C=CC=CC=1N3C(C)C,DEAC,200.0,Cc1ccccc1,333.15,1.0,0.5,5600.0,100.0,0.0,,,,Ni,"(N,N,O,O)"
C1C2C3=N([Ni]4(Cl)(Cl)/N(=C\C5C=CC=CC=5)/C5=CC=CC(C=1)=C5N=24)C1C=CC=CC=1N3CC,DEAC,208.0,Cc1ccccc1,293.15,10.0,0.3333333333333333,3200000.0,97.0,3.0,,87.2,,Ni,"(N,N,N)"
C1C(C)=N2[Ni](Cl)(Cl)N3=C(C)C=CC4C=CC(C=1)=C2C=43,MAO,500.0,Cc1ccccc1,293.15,1.0,0.5,198000.0,100.0,0.0,,,,Ni,"(N,N)"
N12[Ni]3(Cl)O(CCN3=CC1=CC=C2)C1C=CC=CC=1,EASC,250.0,Cc1ccccc1,303.15,20.0,0.33,1220175.0,97.4,2.6,,85.0,30.0,Ni,"(N,N,O)"
C1C2C(=N(C3C(C(C)C)=CC=CC=3C(C)C)[Ni]3(Br)(Br)N=2C(C2OC4C=CC=CC=4N=23)=CC=1)C,DEAC,200.0,Cc1ccccc1,323.15,10.0,0.5,831000.0,94.6,5.4,,81.7,,Ni,"(N,N,N)"
C1=CC=N2[Ni]3(Cl)(Cl)N4CCOC=4C4C=CC5=CC=C1C2=C5N=43,DEAC,200.0,Cc1ccccc1,293.15,10.0,0.33,3110000.0,95.8,4.2,,44.2,,Ni,"(N,N,N)"
CCCCCCCCCCCCN1CCC(=O)NCCN2[Ni]3(N(=CC4C(O3)=CC=CC=4)CCNC(=O)CC1)OC1C=CC=CC=1C=2,MAO,300.0,Cc1ccccc1,298.15,5.0,0.5,98000.0,29.3,9.32,50.31,,,Ni,"(N,N,O,O)"
C12=CC(C(C)(C)C)=CC(C(C)(C)C)=C1O[Cr]1(Cl)(Cl)(N3=CC=CC4=CC=CC(=C34)N1=C2)O1CCCC1,MAO,300.0,Cc1ccccc1,353.15,20.0,0.25,816255.0,18.9,19.7,18.8,91.5,96.7,Cr,"(N,N,O,O)"
C1C=CN2[Cr]3(Cl)(Cl)(Cl)N(C4C(C(C)C)=CC=CC=4C(C)C)=CC4C=CC5C=CC=1C=2C=5N=43,MAO,1000.0,Cc1ccccc1,293.15,1.0,1.0,735000.0,42.1,31.1,26.8,,,Cr,"(N,N,N)"
C1C=CC(C(C)C)=C(C2N3[Ni](Cl)(Cl)[P+](C4C=CC=CC=4)(C4C=CC=CC=4)CC=3C=CC=2)C=1C(C)C,EADC,6.0,Cc1ccccc1,303.15,10.0,0.5833333333333334,1711050.0,77.0,22.0,1.0,10.0,,Ni,"(N,P)"
C1(C(C)C)C=CC=C(C(C)C)C=1N1[Ni](Br)(Br)[P+](C(C)C)(C(C)C)OC=1C,MMAO,209.52380952380955,Cc1ccccc1,273.15,5.0,1.0,415140.0,83.0,12.0,5.0,8.0,,Ni,"(N,P)"
C1C=CC(C)=C(N2[Fe]3(Cl)(Cl)N4C5C=CC=C(C)C=5NC=4C4C=CC=C(N=43)C=2C)C=1C,MMAO,200.0,Cc1ccccc1,293.15,30.0,0.5,1130000.0,45.1,18.3,11.4,,,Fe,"(N,N,N)"
C1C(C)=CC(C)=C(N2=C(C)C3N4[Ni]2(Cl)(Cl)N2C5C=CC=C(C)C=5NC=2C=4C=CC=3)C=1C,DEAC,400.0,Cc1ccccc1,303.15,10.0,0.5,540000.0,96.5,3.5,,,,Ni,"(N,N,N)"
C1C(O)=CC2O[Ni]34OC5=CC(O)=CC=C5C=N3CCCCN4=CC=2C=1,MAO,500.0,Cc1ccccc1,298.15,3.0,0.5,76900.0,14.45,30.52,22.12,,,Ni,"(N,N,O,O)"
N12CC3C=CC=C4CN5N(=C(C)C=C5C)[Ni](Br)(Br)(N1=C(C)C=C2C)N=34,EADC,250.0,Cc1ccccc1,316.15,20.0,1.0,3306000.0,48.0,27.0,25.0,,,Ni,"(N,N,N)"
C1C2C(=N(C3C(C)=CC=CC=3C)[Ni]3(Cl)(Cl)N=2C(C2OC4C=CC=CC=4N=23)=CC=1)C,MAO,1000.0,Cc1ccccc1,293.15,10.0,0.5,21000.0,98.5,1.5,,93.7,,Ni,"(N,N,N)"
C1(=O[Fe]2(Cl)(Cl)N3C4C=CC=CC=4N(C)C=3C3C=CC=C1N=32)C,DEAC,50.0,Cc1ccccc1,293.15,20.0,0.5,108000.0,33.8,66.2,,,,Fe,"(N,N,O)"
C1=CC(N2[P+](C3=CC=CC=C3)(C3=CC=CC=C3)[Ni](Cl)(Cl)[P+]2(C2=CC=CC=C2)C2=CC=CC=C2)=CC=C1SC,EADC,10.0,Clc1ccccc1,303.15,10.0,1.0,1925032.0,68.0,26.0,5.0,1.0,,Ni,"(P,P)"
C1C=C(C)N2[Ni](C3C(C)=CC(C)=CC=3C)(Br)N3=C(C)C=CC4C=CC=1C=2C=43,DEAC,100.0,Cc1ccccc1,299.65,20.0,0.5,2889150.0,96.0,4.0,,,,Ni,"(C,N,N)"
CC(C)CN1[P+](C2C=CC=CC=2)(C2C=CC=CC=2)[Cr]2(Cl[Cr]3(Cl)(Cl)([P+](N(CC(C)C)[P+]3(C3C=CC=CC=3)C3C=CC=CC=3)(C3C=CC=CC=3)C3C=CC=CC=3)Cl2)(Cl)(Cl)[P+]1(C1C=CC=CC=1)C1C=CC=CC=1,MAO,800.0,Cc1ccccc1,318.15,45.0,0.5,10800400.0,,17.1,70.2,,36.2,Cr,"(P,P)"
C1C=CN2[Fe]3(Cl)(Cl)N4=C(C(C)=N3C3C(Br)=CC(Cl)=CC=3F)C=CC3C=CC=1C=2C=34,MMAO,500.0,Cc1ccccc1,293.15,1.0,0.5,1039999.9999999999,42.1,44.0,13.9,,,Fe,"(N,N,N)"
C1CC[P+]([Cr](O2CCCC2)(Cl)(Cl)(Cl)[NH2+]1)(C1C=CC=CC=1)C1C=CC=CC=1,MAO,600.0,Cc1ccccc1,318.15,45.0,0.78,23826400.0,,24.5,68.1,,93.2,Cr,"(N,O,P)"
C1C(C)=CC(C(C2C=CC=CC=2)C2C=CC=CC=2)=C(N2[Ni]3(Br)(Br)N(C4C(C)=CC(C)=CC=4C)=C(C)C4C=CC=C(N=43)C=2C)C=1C(C1C=CC=CC=1)C1C=CC=CC=1,EASC,200.0,Cc1ccccc1,298.15,10.0,0.5,67200.0,98.6,1.4,,98.0,,Ni,"(N,N,N)"
C1C(C)=N2[Ni](Br)(Br)N3=C(C)C=CC4C=CC(C=1)=C2C=43,MAO,250.0,Cc1ccccc1,293.15,1.0,0.5,30000.0,93.7,6.3,,,,Ni,"(N,N)"
C1C=CN2[Ni]34(Br)([NH+](CCOC)CC5C=CC=CN=53)[NH+](CCO4C)CC=2C=1,MAO,1000.0,Cc1ccccc1,303.15,10.0,1.0,1700000.0,74.0,16.0,10.0,88.0,51.0,Ni,"(N,N,N,N,O)"
C1C=CC(CC)=C(N2=C(C)C3N4[Co]2(Cl)(Cl)N2C5C=CC=CC=5OC=2C=4C=CC=3)C=1CC,MAO,1000.0,Cc1ccccc1,293.15,10.0,0.5,91000.0,100.0,0.0,,99.4,,Co,"(N,N,N)"
[P+]1(C2C=CC=CC=2)(C2C=CC=CC=2)[Ni]2(O=P(OCC)(OCC)C(C3C=CC=CC=3)[P+]2(C2C=CC=CC=2)C2C=CC=CC=2)O=P(OCC)(OCC)C1C1C=CC=CC=1,EADC,6.0,Cc1ccccc1,296.15,10.0,0.58,687786.0,87.0,13.0,0.0,20.0,5.0,Ni,"(O,O,P,P)"
C1C2C3C=NC4C=CC=CC=4N=3[Ni]3(Br)(Br)N=2C(C(C)=N3C2C(CC)=CC=CC=2CC)=CC=1,"CC[Al](Cl)CC,PPh3",700.0,Cc1ccccc1,293.15,1.0,0.5,610000.0,97.6,2.4,,,,Ni,"(N,N,N)"
C1(=N(C2C(C)=CC=CC=2C)[Fe]2(Cl)(Cl)N3C4C=CC=CC=4N(C)C=3C3C=CC=C1N=32)C,MMAO,1000.0,Cc1ccccc1,293.15,20.0,0.5,1640000.0000000002,42.5,21.0,13.7,,,Fe,"(N,N,N)"
N1(C2CCCC2)[P+](C2C=CC=CC=2)(C2C=CC=CC=2)[Ni](Br)(Br)[P+](C2C=CC=CC=2)(C2C=CC=CC=2)[Si]1(C)C,EADC,500.0,C1CCCCC1C,318.15,10.0,0.5,94000000.0,83.8,16.2,,34.4,8.0,Ni,"(P,P)"
S(CCCN1[P+](C2=CC=CC=C2)(C2=CC=CC=C2)[Ni](Cl)(Cl)[S+]=P1(C1C=CC=CC=1)C1=CC=CC=C1)C,EADC,40.0,Clc1ccccc1,302.15,10.0,0.58,2835855.0,66.0,26.0,5.0,,,Ni,"(P,S)"
C1=C([P+](C2=CC=CC=C2)(C2=CC=CC=C2)[Ni]2([P+](C3=CC=CC=C3)(C3=CC=CC=C3)C3=CC=CC=C3)CC2)C=CC=C1,EADC,10.0,Not_defined,285.15,1.0,0.4,235640.34999999995,71.0,20.8,8.2,0.0,,Ni,"(C,C,P,P)"
C1C2C3C=NC4C=CC=CC=4N=3[Ni]3(Br)(Br)N=2C(C(C)=N3C2C(C)=CC(C)=CC=2C)=CC=1,"CC[Al](Cl)CC,PPh3",700.0,Cc1ccccc1,293.15,1.0,0.5,480000.0,97.0,3.0,,,,Ni,"(N,N,N)"
C1C=CN2[Fe]3(Cl)(Cl)N4=C(C(C)=N3C3C(C)=CC=CC=3)C=CC3C=CC=1C=2C=34,MMAO,500.0,Cc1ccccc1,293.15,1.0,0.5,933000.0000000001,31.8,34.1,34.1,,,Fe,"(N,N,N)"
C1C(C)=CC(C(C2C=CC=CC=2)C2C=CC=CC=2)=C(N2=C(C)C3N4[Ni]2(Cl)(Cl)N(C2C(C)=CC=CC=2C)=C(C)C=4C=CC=3)C=1C(C1C=CC=CC=1)C1C=CC=CC=1,EASC,300.0,Cc1ccccc1,353.15,10.0,0.5,200999.99999999997,90.2,9.8,,92.3,,Ni,"(N,N,N)"
N12CC3C=CC=CN=3[Ni]3(Cl)(Cl[Ni]4(Cl)(Cl3)N3C=CC=CC=3CN3N4=C(C)C=C3C)N1=C(C)C=C2C,EADC,250.0,Cc1ccccc1,329.15,20.0,3.0,2929000.0,36.0,29.0,35.0,,,Ni,"(N,N)"
C1(N(CCOC)C=CN1C1=C(C)C=C(C)C=C1C)[Ni](C1N(CCOC)C=CN1C1=C(C)C=C(C)C=C1C)(Br)Br,EADC,10.0,Cc1ccccc1,298.15,10.0,0.6,686673.0,77.0,21.0,2.0,12.0,,Ni,"(C,C)"
CCCCCCCCCCCCN1CCC(=O)NCCN2[Ni]3(N(=CC4C(O3)=CC=CC=4)CCNC(=O)CC1)OC1C=CC=CC=1C=2,MAO,500.0,Cc1ccccc1,308.15,5.0,0.5,134000.0,55.93,15.62,27.3,,,Ni,"(N,N,O,O)"
[P+](C1CCCCC1)(C1CCCCC1)(C1CCCCC1)[Ni](Cl)(Cl)[P+](C1CCCCC1)(C1CCCCC1)C1CCCCC1,EADC,10.0,Clc1ccccc1,303.15,10.0,0.5833333333333334,1444575.0,65.0,31.0,,,,Ni,"(P,P)"
C1=CC=N2[Fe]3(Cl)(Cl)N4C5C=CC=CC=5OC=4C4C=CC5=CC=C1C2=C5N=43,MMAO,800.0,Cc1ccccc1,303.15,1.0,0.33,105000.0,88.5,11.5,,56.7,,Fe,"(N,N,N)"
CCCCCCCCCCCCN1CCC(=O)NCCN2[Ni]3(N(=CC4C(O3)=CC=CC=4)CCNC(=O)CC1)OC1C=CC=CC=1C=2,MAO,500.0,Cc1ccccc1,298.15,3.0,0.5,124000.00000000001,33.09,10.53,54.33,,,Ni,"(N,N,O,O)"
N1(C)C=CC([Fe])=N1[Ni](Br)(Br)N1N(C)C=CC=1[Fe],EADC,400.0,Clc1ccccc1,298.15,10.0,1.0,1988990.8000000003,,,,,,Fe,"(C); (N,N)"
C1=CC(C2C=CC=CC=2)=N2[Co]3(Cl)(Cl)N4C(C)(C)COC=4C4C=CC5=CC=C1C2=C5N=43,MMAO,1000.0,Cc1ccccc1,293.15,10.0,0.33,68000.0,85.1,14.9,,78.1,,Co,"(N,N,N)"
C1=C2CP(C3C=CC=CC=3)(C3C=CC=CC=3)=O[Ni]3(Cl)(Cl)N4=C(C)C=C(C)N4CC(C=C1)=N23,EADC,250.0,Cc1ccccc1,303.15,10.0,1.0,310000.0,97.0,3.0,,17.0,,Ni,"(N,N,O)"
C1C=CC=C2N3[Ni]4(Br[Ni]5(Br)(N6C7C=CC=CC=7N=CC=6C6N5=CC=CC=6)Br4)(Br)N4=CC=CC=C4C=3C=NC=12,MAO,1500.0,Cc1ccccc1,293.15,1.0,0.5,270000.0,89.2,10.8,,100.0,44.3,Ni,"(N,N)"
C1(=[O+][Fe]2(Cl)(Cl)[N+]3C4C=CC=CC=4N(C)C=3C3C=CC=C1[N+]=32)C,DEAC,200.0,Cc1ccccc1,293.15,20.0,0.5,258000.0,76.2,23.8,,,,Fe,"(N,N,O)"
C1C=C(C2C=CC=CC=2)N2[Ni]3(Cl)(Cl)N(C4C(C(C)C)=CC=CC=4C(C)C)=C(C4C=CC=CC=4)C4C=CC5C=CC=1C=2C=5N=43,DEAC,300.0,Cc1ccccc1,303.15,10.0,0.5,5770000.0,98.4,1.6,,34.9,,Ni,"(N,N,N)"
[Ni]1234(N(=C5C=C(NCCN([H])CC)C(=O)C=C5O1)CCN2([H])CC)N([H])(CC)CCN3=C1C=C(NCCN(CC)[H])C(=O)C(O4)=C1,EADC,10.0,Clc1ccccc1,303.15,10.0,0.5833333333333334,1035045.0,80.0,20.0,,,,Ni,"(N,N,N,N,O,O)"
C12C[P+](C3C=CC=CC=3)(C3C=CC=CC=3)[Ni](Br)(Br)N=1CCO2,EADC,6.0,Clc1ccccc1,300.65,14.0,0.5833333333333334,2182290.0,62.0,34.0,4.0,3.0,,Ni,"(N,P)"
C12C=N3[Ni]4(N(=CC5C(O4)=C(C)C=CC=5)CC3)OC=1C(C)=CC=C2,MAO,175.0,C1CCCCC1,323.15,10.0,0.5,470000.0,53.2,42.1,3.2,89.7,73.4,Ni,"(N,N,O,O)"
N12CCCO([Ni](Cl)(Cl)N1=C(C)C=C2C)C1C=CC=CC=1,EASC,100.0,Cc1ccccc1,303.15,20.0,0.3333333333333333,154275.0,96.8,3.2,,94.0,37.0,Ni,"(N,O)"
C1C=CN2[Co]3(Cl)(Cl)N4=C(C(C5C=CC=CC=5)=N3C3C(CC)=CC=CC=3CC)C=CC3C=CC=1C=2C=34,MMAO,1000.0,Cc1ccccc1,293.15,1.0,0.5,360000.0,98.0,2.0,,,,Co,"(N,N,N)"
C1C(C)=CC(C(C2C=CC=CC=2)C2C=CC=CC=2)=C(N2[Ni]3(Br)(Br)N(C4C(C)=CC(C)=CC=4C)=C(C)C4C=CC=C(N=43)C=2C)C=1C(C1C=CC=CC=1)C1C=CC=CC=1,EASC,700.0,Cc1ccccc1,298.15,10.0,0.5,4900.0,87.1,12.9,,95.9,,Ni,"(N,N,N)"
S(CCCN1[P+](C2=CC=CC=C2)(C2=CC=CC=C2)[Ni](Cl)(Cl)[S+]=P1(C1C=CC=CC=1)C1=CC=CC=C1)C,EADC,10.0,Clc1ccccc1,302.15,10.0,0.58,1329570.0,71.0,26.0,2.0,,,Ni,"(P,S)"
C1(C(C)C)C=CC=C(C(C)C)C=1N1[Ni](Br)(Br)[P+](C(C)C)(C(C)C)OC=1C(C)(C)C,MMAO,601.9900497512436,Cc1ccccc1,303.15,5.0,1.0,460020.0,64.0,23.0,13.0,26.732673267326735,,Ni,"(N,P)"
C1=C2N([Ni]([P+](C2C2=CC=CC=C2)(C2=CC=CC=C2)C2=CC=CC=C2)(Cl)Cl)=CC=C1,EADC,6.0,Cc1ccccc1,303.15,10.0,0.5833333333333334,1385670.0,72.0,26.0,2.0,,,Ni,"(N,P)"
C12C=CC3C=CC=N4[Ni]5(Cl)(Cl)N6C7C=CC=CC=7NC=6C(=CC=1)N5=C2C=34,DEAC,300.0,Cc1ccccc1,293.15,20.0,0.3333333333333333,3550000.0,90.5,9.5,,61.4,,Ni,"(N,N,N)"
N12C(C)=CC(C)=N1[Ni](Br)(Br)N(C1C=CC([N+](=O)[O-])=CC=1)=C2C1C=CC=CC=1,MAO,400.0,Cc1ccccc1,273.15,0.5,1.0,72000.0,81.5,16.5,1.1,,,Ni,"(N,N)"
C(CCCC)CCCCCCCCCCCCCN1CCC(=O)NCCN2[Fe]3(N(=CC4C(O3)=CC=CC=4)CCNC(=O)CC1)OC1C=CC=CC=1C=2,MAO,200.0,Cc1ccccc1,298.15,5.0,0.5,40800.0,74.47,4.9,11.98,,,Fe,"(N,N,O,O)"
C12CO[P+]([Ni](Cl)(Cl)N=1C(C)(C)CO2)(C1C=CC=CC=1)C1C=CC=CC=1,EADC,4.0,Clc1ccccc1,300.65,24.0,0.5833333333333334,1363230.0,73.0,25.0,2.0,6.0,,Ni,"(N,P)"
C1C2C3C=NC4C=CC=CC=4N=3[Ni]3(Cl)(Cl)N=2C(C(C)=N3C2C(C)=CC=CC=2C)=CC=1,DEAC,700.0,Cc1ccccc1,293.15,20.0,0.5,790000.0,87.7,12.3,,,,Ni,"(N,N,N)"
C12[P+]([Cr]34(O=C(C)CC(C)=O3)(O=C(C)CC(C)=O4)[P+](C3C(COCC)=CC=CC=3)(C3C=CC=CC=3)(C3C=CC=CC=3)C1=CC=CC=2)(C1C=CC=CC=1)C1C=CC=CC=1,MAO,730.0,Cc1ccccc1,358.15,20.0,0.5,1544400.0,0.6,92.0,3.5,,96.6,Cr,"(O,O,O,O,P,P)"
C1C(C)=CC(C(C2C=CC=CC=2)C2C=CC=CC=2)=C(N2[Ni]3(Br)(Br)N(C4C(C)=CC(C)=CC=4C)=C(C)C4C=CC=C(N=43)C=2C)C=1C(C1C=CC=CC=1)C1C=CC=CC=1,MAO,1000.0,Cc1ccccc1,298.15,10.0,0.5,3600.0,100.0,0.0,,92.7,,Ni,"(N,N,N)"
C1C=CN2[Ni](C3C(C)=CC(C)=CC=3C)(Br)N3=C(C)C=CC4C=CC=1C=2C=43,DEAC,100.0,Cc1ccccc1,299.65,20.0,0.5,2936835.0,34.0,25.0,17.0,,,Ni,"(C,N,N)"
C1=CC=N2[Co]3(Cl)(Cl)N4C5C=CC=CC=5NC=4C4C=CC5=CC=C1C2=C5N=43,MMAO,2000.0,Cc1ccccc1,293.15,30.0,0.33,1010000.0,92.0,8.0,,75.2,,Co,"(N,N,N)"
N12C(C)=CC(C)=N1[Ni]1(N3=C(C)C=C(C)N3C(C3C=CC=CC=3)=N1C1C=CC=CC=1)(Br)(Br)N(C1C=CC=CC=1)=C2C1C=CC=CC=1,MAO,600.0,Cc1ccccc1,293.15,0.5,1.0,896000.0000000001,28.1,50.7,18.3,,,Ni,"(N,N,N,N)"
C1C=CC=C(OCCN2[Co](Cl)(Cl)OC3=CC(OC)=CC=C3C=2)C=1,MAO,300.0,Cc1ccccc1,323.15,20.0,0.5,259999.99999999997,36.7,24.84,28.93,,,Co,"(N,O)"
C1C2C=CC(C)=N3[Co]4(Cl)(Cl)N5C=CC=CC=5C=N4C(=CC=1)C=23,MMAO,1500.0,Cc1ccccc1,293.15,20.0,0.3333333333333333,1090000.0,97.4,2.6,,93.7,,Co,"(N,N,N)"
N12CC3C=CC=C4CN5N(=C(C)C=C5C)[Ni](Cl)(Cl)(N1=C(C)C=C2C)N=34,EADC,250.0,Cc1ccccc1,311.15,20.0,0.5,3031000.0,46.0,29.0,25.0,,,Ni,"(N,N,N)"
C1C=C(C)N2[Ni](Cl)(Cl)[P+](C3C=CC=CC=3)(C3C=CC=CC=3)OC(C)(C)C=2C=1,EADC,6.0,Cc1ccccc1,303.15,10.0,0.5833333333333334,1399695.0,71.0,29.0,,9.0,,Ni,"(N,P)"
C1C(C)=CC(C(C2C=CC=CC=2)C2C=CC=CC=2)=C(N2[Ni]3(Br)(Br)N(C4C(C)=CC(C)=CC=4C)=C(C)C4C=CC=C(N=43)C=2C)C=1C(C1C=CC=CC=1)C1C=CC=CC=1,EASC,500.0,Cc1ccccc1,298.15,10.0,0.5,82400.0,96.1,3.9,,99.1,,Ni,"(N,N,N)"
C1(C(C)C)C=CC=C(C(C)C)C=1N1[Ni](Br)(Br)[P+](C(C)C)(C(C)C)OC=1C,MMAO,1576.9230769230767,Cc1ccccc1,303.15,5.0,1.0,249645.0,71.0,29.0,0.0,28.999999999999996,,Ni,"(N,P)"
N12CC3C=CC=CN=3[Ni]3(Cl)(Cl[Ni]4(Cl)(Cl3)N3C=CC=CC=3CN3N4=C(C)C=C3C)N1=C(C)C=C2C,EADC,250.0,Cc1ccccc1,330.15,20.0,0.5,6960000.0,53.0,28.0,19.0,,,Ni,"(N,N)"
C1C=CC(C)=C(N2[Ni]3(Cl)(Cl)N4C5C=CC=CC=5NC=4C4C=CC=C(N=43)C=2C)C=1C,DEAC,300.0,Cc1ccccc1,353.15,10.0,0.5,190000.0,80.2,18.2,,73.5,,Ni,"(N,N,N)"
N12[Cr](Cl)(O3CCCC3)(Cl)(OC3C(C(C)(C)C)=CC(C(C)(C)C)=CC=3C=1)N1=CC=C(C3C(C)=CC(C)=CC=3C)N1CC2,MAO,1000.0,Cc1ccccc1,353.15,20.0,0.25,2005575.0,16.4,18.7,17.8,88.9,96.3,Cr,"(N,N,O,O)"
C1C2C=CC(C(C)C)=N3[Fe]4(Cl)(Cl)N5C(C)=CC=CC=5C=N4C(=CC=1)C=23,MMAO,2000.0,Cc1ccccc1,293.15,30.0,0.3333333333333333,2770000.0,97.9,2.1,,97.6,,Fe,"(N,N,N)"
N12C(C)=CC(C)=N1[Ni]1(N3=C(C)C=C(C)N3C(C3C=CC=CC=3)=N1C1C=CC=CC=1)(Br)(Br)N(C1C=CC=CC=1)=C2C1C=CC=CC=1,MAO,800.0,Cc1ccccc1,293.15,0.5,1.0,607000.0,17.0,28.4,52.8,,,Ni,"(N,N,N,N)"
C1C=CC(C)=C(N2[Fe]3(Cl)(Cl)N4C5C=CC=C(Cl)C=5NC=4C4C=CC=C(N=43)C=2C)C=1C,MAO,150.0,Cc1ccccc1,303.15,30.0,0.5,270000.0,28.3,13.0,10.4,,,Fe,"(N,N,N)"
C1=CC(C2C=CC=CC=2)=N2[Fe]3(Cl)(Cl)N4C5C=CC=CC=5OC=4C4C=CC5=CC=C1C2=C5N=43,MMAO,800.0,Cc1ccccc1,293.15,10.0,0.33,197000.0,100.0,0.0,,100.0,,Fe,"(N,N,N)"
P(C1[P+](C2C=CC=CC=2)(C2C=CC=CC=2)[Ni]2([P+](C(P(=O)(OC)OC)=P2(C2C=CC=CC=2)C2C=CC=CC=2)(C2C=CC=CC=2)C2C=CC=CC=2)P=1(C1C=CC=CC=1)C1C=CC=CC=1)(=O)(OC)OC,EADC,3.0,Clc1ccccc1,296.15,10.0,0.58,28050.0,34.0,64.0,3.0,36.0,0.0,Ni,"(P,P,P,P)"
C1C2C3C=NC4C=CC=CC=4N=3[Ni]3(Cl)(Cl)N=2C(C(C)=N3C2C(C)=CC=CC=2C)=CC=1,DEAC,700.0,Cc1ccccc1,293.15,10.0,0.5,690000.0,96.7,3.3,,,,Ni,"(N,N,N)"
C1=CC=N2[Fe]3(Cl)(Cl)N4C5C=CC=CC=5NC=4C4C=CC5=CC=C1C2=C5N=43,MMAO,1000.0,Cc1ccccc1,353.15,30.0,0.33,143000.0,100.0,0.0,,20.1,,Fe,"(N,N,N)"
C1C=CC(C)=C(C2N3[Ni](Cl)(Cl)[P+](C4C=CC=CC=4)(C4C=CC=CC=4)CC=3C=CC=2)C=1C,EADC,2.0,Cc1ccccc1,303.15,10.0,0.5833333333333334,1211760.0,83.0,18.0,0.0,14.0,,Ni,"(N,P)"
C1C=CC=N2[Ni]345[O+]6([Ni]789([O+]%10([Ni]%11%12%136(Br3)N3C=CC=CC=3C(=O)N%11C3C=CC=CN=3[Ni]3%10(Br7)O%12C(=NC6N%13=CC=CC=6)C6N3=CC=CC=6)C)(N3C=CC=CC=3C(=O)N8C3C=CC=CN4=3)N3=CC=CC=C3N=C(O59)C=12)C,MAO,500.0,Cc1ccccc1,293.15,30.0,0.5,660000.0,98.9,1.1,,78.2,,Ni,"(N,N,O,O); (N,N,N,O,O,O)"
[P+]1(C2C=CC=CC=2)(C2C=CC=CC=2)[Ni]2(O=P(OCC)(OCC)C(C3C=CC=CC=3)[P+]2(C2C=CC=CC=2)C2C=CC=CC=2)O=P(OCC)(OCC)C1C1C=CC=CC=1,MAO,200.0,Cc1ccccc1,296.15,10.0,0.58,155677.5,83.0,15.0,2.0,53.0,12.0,Ni,"(O,O,P,P)"
C1(=N(C2C(C)=CC=CC=2C)[Fe]2(Cl)(Cl)N3C4C=CC=CC=4N(C)C=3C3C=CC=C1N=32)C,"MMAO,PPh3",1000.0,Cc1ccccc1,293.15,30.0,0.5,660000.0,47.3,20.8,14.4,,,Fe,"(N,N,N)"
C1C2C3=N([Ni]4(Cl)(Cl)/N(=C\C5C=CC=CC=5)/C5=CC=CC(C=1)=C5N=24)C1C=CC=CC=1N3,DEAC,200.0,Cc1ccccc1,293.15,10.0,0.3333333333333333,7200000.0,93.2,6.8,,91.1,,Ni,"(N,N,N)"
C1C2C3=N([Ni]4(Cl)(Cl)/N(=C\C5C=CC=CC=5)/C5=CC=CC(C=1)=C5N=24)C1C=CC=CC=1N3,DEAC,200.0,Cc1ccccc1,333.15,10.0,0.3333333333333333,1400000.0,93.8,6.2,,53.9,,Ni,"(N,N,N)"
CCCCCCCCCCCCN1CCC(=O)NCCN2[Ni]3(N(=CC4C(O3)=CC=CC=4)CCNC(=O)CC1)OC1C=CC=CC=1C=2,MAO,500.0,Cc1ccccc1,298.15,1.0,0.5,123000.0,34.68,7.93,55.38,,,Ni,"(N,N,O,O)"
N12CCO([Ni]1(Cl)N1C=CC=C1C=2)C1C=CC=CC=1,EASC,50.0,Cc1ccccc1,303.15,20.0,0.3333333333333333,4311285.0,91.5,8.5,,58.0,17.0,Ni,"(N,N,O)"
N1(C2CCCC2)[P+](C2C=CC=CC=2)(C2C=CC=CC=2)[Ni](Br)(Br)[P+](C2C=CC=CC=2)(C2C=CC=CC=2)[Si]1(C)C,EADC,500.0,C1CCCCC1C,318.15,10.0,0.5,94000000.0,83.8,16.2,,34.4,8.0,Ni,"(P,P)"
C1C(O)=CC2O[Ni]34OC5=CC(O)=CC=C5C=N3CCCCN4=CC=2C=1,MAO,900.0,Cc1ccccc1,298.15,5.0,0.5,173600.0,24.57,43.76,20.84,,,Ni,"(N,N,O,O)"
C1C=C(C2C=CC=CC=2)N2[Fe]3(Cl)(Cl)N(C4C(C)=CC=CC=4C)=C(C)C4C=CC5C=CC=1C=2C=5N=43,MMAO,500.0,Cc1ccccc1,293.15,1.0,0.5,47800.00000000001,100.0,0.0,,100.0,,Fe,"(N,N,N)"
C1CN2[P+]([Ni]3([P+](C4C=CC=CC=4)(C4C=CC=CC=4)NC4SCCN3=4)(Br)[P+](C3C=CC=CC=3)(C3C=CC=CC=3)N=C2S1)(C1CCCCC1)C1C=CC=CC=1,EADC,6.0,Clc1ccccc1,303.15,10.0,0.6,889153.5,85.0,13.0,1.0,14.0,,Ni,"(N,P,P,P)"
N12[Ni]3(Cl)O(CCN3=CC1=CC=C2)C1C=CC=CC=1,EASC,100.0,Cc1ccccc1,303.15,20.0,0.33,746130.0,98.2,1.8,,90.0,44.0,Ni,"(N,N,O)"
C1=CC=N2[Co]3(Cl)(Cl)N4C5C=C(C)C=CC=5OC=4C4C=CC5=CC=C1C2=C5N=43,MMAO,1000.0,Cc1ccccc1,293.15,10.0,0.33,788000.0,80.1,19.9,,77.3,,Co,"(N,N,N)"
C1C=CN2[Co]3(Cl)(Cl)N4=C(C(C5C=CC=CC=5)=N3C3C(C(C)C)=CC=CC=3C(C)C)C=CC3C=CC=1C=2C=34,MMAO,2000.0,Cc1ccccc1,293.15,1.0,0.5,405000.0,92.9,5.1,,,,Co,"(N,N,N)"
C1(=N(C2C(C(C)C)=CC=CC=2C(C)C)[Co]2(Cl)(Cl)N3C4C=CC=CC=4N(C)C=3C3C=CC=C1N=32)C,MAO,1000.0,Cc1ccccc1,293.15,30.0,0.5,140100.0,89.3,10.7,,,,Co,"(N,N,N)"
C1C=C(C2C=CC=CC=2)N2[Co]3(Cl)(Cl)N(C4C(CC)=CC=CC=4CC)=C(C4C=CC=CC=4)C4C=CC5C=CC=1C=2C=5N=43,MAO,100.0,Cc1ccccc1,293.15,1.0,0.5,76000.0,90.7,5.9,,98.0,,Co,"(N,N,N)"
C1(=N(C2C(C)=CC=CC=2C)[Co]2(Cl)(Cl)N3C4C=CC=CC=4N(C)C=3C3C=CC=C1N=32)C,MAO,1500.0,Cc1ccccc1,293.15,30.0,0.5,140100.0,88.6,11.4,,,,Co,"(N,N,N)"
C1C=CC(F)=C(N2[Fe]3(Cl)(Cl)N(C4C(F)=CC=CC=4F)=C(C)C4C=CC=C(N=43)C=2C)C=1F,MMAO,1000.0,Cc1ccccc1,293.15,1.0,1.0,330000.0,37.2,,,,,Fe,"(N,N,N)"
N1(C2CCCC2)[P+](C2C=CC=CC=2)(C2C=CC=CC=2)[Ni](Br)(Br)[P+](C2C=CC=CC=2)(C2C=CC=CC=2)[Si]1(C)C,EADC,500.0,C1CCCCC1C,318.15,1.0,0.5,16000000.0,84.6,15.4,,32.9,6.5,Ni,"(P,P)"
C1C=CC2N3[Ni](Cl)(Cl)N(C4C(C(C)C)=CC=CC=4C(C)C)=C4CCCC(=CC=2C=1)C=34,TMA,350.0,Cc1ccccc1,303.15,10.0,0.5,384000.0,42.0,12.9,45.1,,,Ni,"(N,N)"
C1=C2N([Ni]([P+](C2)(C2=CC=CC=C2)C2=CC=CC=C2)(Cl)Cl)=CC=C1,EADC,6.0,Clc1ccccc1,300.65,10.0,0.5833333333333334,1783980.0,55.0,43.0,2.0,7.0,,Ni,"(N,P)"
C1(=O[Fe]2(Cl)(Cl)N3C4C=CC=CC=4N(C)C=3C3C=CC=C1N=32)C,DEAC,500.0,Cc1ccccc1,293.15,20.0,0.5,200000.0,64.8,35.2,,,,Fe,"(N,N,O)"
C1=CC=N2[Fe]3(Cl)(Cl)N4C5C=CC=CC=5NC=4C4C=CC5=CC=C1C2=C5N=43,MMAO,800.0,Cc1ccccc1,293.15,30.0,0.33,2170000.0,96.4,3.6,,93.5,,Fe,"(N,N,N)"
N12C(C)=CC(C)=N1[Ni](Br)(Br)N(C1C=CC([N+](=O)[O-])=CC=1)=C2C1C=CC=CC=1,MAO,1000.0,Cc1ccccc1,313.15,0.5,1.0,620000.0,26.8,70.9,1.9,,,Ni,"(N,N)"
C1(=N(C2C(C)=CC=CC=2C)[Fe]2(Cl)(Cl)N3C4C=CC=CC=4N(C)C=3C3C=CC=C1N=32)C,MAO,1000.0,Cc1ccccc1,293.15,10.0,0.5,920000.0000000001,20.0,17.3,13.8,,,Fe,"(N,N,N)"
C1C(CO)=N2[Ni](Cl)(Cl)N(C3C(C(C)(C)C)=CC(C(C)(C)C)=CC=3C(C)(C)C)=C3CCCC(C=1)=C23,DEAC,800.0,Cc1ccccc1,313.15,10.0,0.5,447000.0,81.7,18.3,,97.3,40.7,Ni,"(N,N)"
C1C(CO)=N2[Ni](Cl)(Cl)N(C3C(C(C)(C)C)=CC(C(C)(C)C)=CC=3C(C)(C)C)=C3CCCC(C=1)=C23,DEAC,800.0,Cc1ccccc1,303.15,10.0,1.0,323000.0,27.9,72.0,,99.0,33.4,Ni,"(N,N)"
C1C=CC(F)=C(N2[Fe]3(Cl)(Cl)(Cl)N4=C(C5N(C)C6C=CC=CC=6N=53)C=CC=C4C=2C)C=1F,MAO,300.0,Cc1ccccc1,293.15,10.0,0.5,1820000.0,50.5,28.6,,,,Fe,"(N,N,N)"
C1C=CC2N3[Ni](Br)(Br)N(C4C(C)=CC=CC=4C)=C(C(C)(C)C)C=3C=CC=2C=1,MMAO,2500.0,Cc1ccccc1,303.15,5.0,0.5,1710000.0,7.6,75.7,,,,Ni,"(N,N)"
C1(C)N2CN3(CC4C=CC=CC=4)[Ni](Cl)(Cl)(N4=C(C)C=C(C)N4C3)N2=C(C)C=1,MAO,250.0,Cc1ccccc1,333.15,20.0,0.33,47685.0,95.3,4.7,,82.3,,Ni,"(N,N,N)"
C12[P+]([Cr]34(O=C(C)CC(C)=O3)(O=C(C)CC(C)=O4)[P+](C3C=CC=CC=3)(C3C=CC=CC=3)C1=CC=CC=2)(C1C=CC=CC=1)C1C=CC=CC=1,MAO,730.0,Cc1ccccc1,358.15,20.0,0.5,1632800.0000000002,0.6,46.8,44.2,,82.7,Cr,"(O,O,O,O,P,P)"
C1=CC=N2[Fe]3(Cl)(Cl)N4C5C=CC=CC=5NC=4C4C=CC5=CC=C1C2=C5N=43,MMAO,1200.0,Cc1ccccc1,293.15,30.0,0.33,2530000.0,94.1,5.9,,87.2,,Fe,"(N,N,N)"
C1C=C(C2C=CC=CC=2)N2[Fe]3(Cl)(Cl)N(C4C(C(C)C)=CC=CC=4C(C)C)=C(C4C=CC=CC=4)C4C=CC5C=CC=1C=2C=5N=43,MAO,500.0,Cc1ccccc1,313.15,10.0,0.5,4090.0,100.0,0.0,,100.0,,Fe,"(N,N,N)"
C1C(CCCC)=CC=C(S(N2[P+]([Ni](Br)(Br)[P+]2(C(C)C)C(C)C)(C2C=CC=CC=2)C2C=CC=CC=2)(=O)=O)C=1,MAO,300.0,Cc1ccccc1,318.15,30.0,1.0,4753890.0,71.7,17.9,10.4,20.9,,Ni,"(P,P)"
N12C(C)=CC(C)=N1[Ni](Br)(Br)N(C1C=CC([N+](=O)[O-])=CC=1)=C2C1C=CC=CC=1,MAO,800.0,Cc1ccccc1,313.15,0.5,1.0,676000.0,33.3,63.6,2.2,,,Ni,"(N,N)"
C1=CC=N2[Ni]3(Cl)(Cl)N4C5C=CC=CC=5OC=4C4C=CC5=CC=C1C2=C5N=43,DEAC,200.0,Cc1ccccc1,313.15,1.0,0.33,53000.0,97.2,2.8,,41.3,,Ni,"(N,N,N)"
C1C=CC2N3[Ni](Br)(Br)N(C4C(C(C)C)=CC=CC=4C(C)C)=C4CCCC(=CC=2C=1)C=34,TMA,250.0,Cc1ccccc1,303.15,10.0,0.5,489000.0,44.9,8.6,46.5,,,Ni,"(N,N)"
N12C[Se+]([Ni]3(Br)(Br)(N4N(C[Se+]3C3C=CC=CC=3)C(C)=CC=4C)N1=C(C)C=C2C)C1C=CC=CC=1,MAO,800.0,Cc1ccccc1,303.15,20.0,0.33,931260.0,99.5,0.5,,91.1,,Ni,"(N,N,Se,Se)"
C1([Ni](C2N(CCOC)C=C[N+]=2CCCC)(I)I)=[N+](CCCC)C=CN1CCOC,EADC,10.0,Cc1ccccc1,295.65,10.0,0.58,334532.99999999994,86.0,13.0,,26.0,7.0,Ni,"(C,C)"
N12CC3C=CC=CN=3[Ni]3(Cl)(Cl[Ni]4(Cl)(Cl3)N3C=CC=CC=3CN3N4=C(C)C=C3C)N1=C(C)C=C2C,EADC,150.0,Cc1ccccc1,343.15,20.0,1.0,6000000.0,44.0,27.0,29.0,,,Ni,"(N,N)"
CC(C)CN1[P+](C2C=CC=CC=2)(C2C=CC=CC=2)[Cr]2(Cl[Cr]3(Cl)(Cl)([P+](N(CC(C)C)[P+]3(C3C=CC=CC=3)C3C=CC=CC=3)(C3C=CC=CC=3)C3C=CC=CC=3)Cl2)(Cl)(Cl)[P+]1(C1C=CC=CC=1)C1C=CC=CC=1,MAO,600.0,Cc1ccccc1,318.15,45.0,0.33,5491200.0,,16.9,70.8,,35.5,Cr,"(P,P)"
[Ni]([P+](C1CCCCC1)(C1CCCCC1)C1CCCCC1)([P+](C1CCCCC1)(C1CCCCC1)C1CCCCC1)(Cl)Cl,MAO,200.0,Cc1ccccc1,296.15,10.0,0.58,33660.0,74.0,18.0,8.0,76.0,0.0,Ni,"(P,P)"
[Ni]123(Br[Ni]4(N(C5C(F)=C(F)C=C(F)C=5F)=C(C)C(C)=N4C4C(F)=C(F)C=C(F)C=4F)(Br1)Br2)N(C1C(F)=C(F)C=C(F)C=1F)=C(C)C(C)=N3C1C(F)=C(F)C=C(F)C=1F,DEAC,150.0,Cc1ccccc1,303.15,3.0,0.5,323499.27999999997,64.0,31.0,5.0,31.0,,Ni,"(N,N)"
C1C=CN2[Co]3(Cl)(Cl)N4=C(C(C5C=CC=CC=5)=N3C3C(C(C)C)=CC=CC=3C(C)C)C=CC3C=CC=1C=2C=34,MAO,250.0,Cc1ccccc1,293.15,1.0,0.5,82200.0,95.4,4.6,,,,Co,"(N,N,N)"
C1C=CC(CC)=C(N2[Fe]3(Cl)(Cl)N(C4C=CC(F)=CC=4)=C(C)C4C=CC=C(N=43)C=2C)C=1,MMAO,1000.0,Cc1ccccc1,293.15,1.0,1.0,920000.0000000001,32.9,,,,,Fe,"(N,N,N)"
C1C(C)=CC(C)=C(N2=C(C)C3N4[Ni]2(Cl)(Cl)N2C5C=CC=C(C)C=5NC=2C=4C=CC=3)C=1C,DEAC,700.0,Cc1ccccc1,303.15,10.0,1.0,2100000.0,99.7,0.3,,,,Ni,"(N,N,N)"
C1C2CP(=O[Ni]3(Br)(Br)N4=C(C)C=C(C)N4CC(=CC=1)N=23)(C1C=CC=CC=1)C1C=CC=CC=1,EADC,250.0,Cc1ccccc1,303.15,10.0,1.0,359945.76999999996,94.0,6.0,0.0,65.0,,Ni,"(N,N,O)"
[P+]12(C3=CC=CC=C3)CC3=N(C(CO3)(C)C)[Ni]1(N1=C(C2)OCC1(C)C)(Cl)Cl,MAO,400.0,Clc1ccccc1,303.15,10.0,0.5833333333333334,42075.0,92.0,7.0,1.0,,,Ni,"(N,N,P)"
C1C=C(C2C=CC=CC=2)N2[Ni]3(Cl)(Cl)N(C4C(C(C)C)=CC=CC=4C(C)C)=C(C4C=CC=CC=4)C4C=CC5C=CC=1C=2C=5N=43,MMAO,500.0,Cc1ccccc1,293.15,1.0,0.5,4800.0,100.0,0.0,,92.0,,Ni,"(N,N,N)"
C1C(C)=CC(CC)=C(N2=C(C)C3N4[Ni]2(Br)(Br)N2C5C=CC=C(C)C=5NC=2C=4C=CC=3)C=1CC,DEAC,700.0,Cc1ccccc1,303.15,10.0,0.5,3600000.0,99.7,0.3,,,,Ni,"(N,N,N)"
CCCCCCCCCCCCN1CCC(=O)NCCCCN2[Ni]3(N(=CC4C(O3)=CC=CC=4)CCCCNC(=O)CC1)OC1C=CC=CC=1C=2,MAO,500.0,Cc1ccccc1,298.15,1.0,0.5,134000.0,41.24,6.62,50.83,,,Ni,"(N,N,O,O)"
CCCCCCCCCCCCN1CCC(=O)NCCCCN2[Ni]3(N(=CC4C(O3)=CC=CC=4)CCCCNC(=O)CC1)OC1C=CC=CC=1C=2,MAO,500.0,Clc1ccccc1,298.15,5.0,0.5,369000.0,83.64,7.67,3.71,,,Ni,"(N,N,O,O)"
C1C=CN2[Fe]3(Cl)(Cl)N4=C(C(C)=N3C3C(C(C)C)=CC=CC=3)C=CC3C=CC=1C=2C=34,MMAO,1000.0,Cc1ccccc1,293.15,10.0,0.5,15100000.000000002,33.2,48.8,18.0,,,Fe,"(N,N,N)"
C1C=CC(C(OCC)=O)=N2[Ni](Br)(Br)N(C3C(Br)=CC=CC=3Br)=C(C)C=12,MAO,1000.0,Cc1ccccc1,288.15,1.0,1.0,124000.00000000001,84.35,12.15,,,,Ni,"(N,N)"
C1C=CN2[Cr]3(Cl)(Cl)(Cl)N(C4C(C)=CC=CC=4C)=C(C)C4C=CC5C=CC=1C=2C=5N=43,MAO,1000.0,Cc1ccccc1,353.15,10.0,1.0,2140000.0,26.7,44.0,29.3,,,Cr,"(N,N,N)"
C1C=CN2[Ni](Cl)(Cl)[P+](C3C=CC=CC=3)(C3C=CC=CC=3)OC(C)(C)C=2C=1,EADC,6.0,Cc1ccccc1,303.15,10.0,0.5833333333333334,1085535.0,79.0,19.0,2.0,7.0,,Ni,"(N,P)"
C1(Cl)C=C2C3=N([Ni]4(OC2=C(Cl)C=1)OC1=C(Cl)C=C(Cl)C=C1C1=N4C2C=CC=CC=2N1C(C)C)C1C=CC=CC=1N3C(C)C,MAO,1000.0,Cc1ccccc1,293.15,1.0,0.5,20000.0,87.3,12.7,,,,Ni,"(N,N,O,O)"
C12C=CC3C=CC(C)=N4[Ni]5(Br)(Br)N6C7C=CC=CC=7N(CC)C=6C(=CC=1)N5=C2C=34,DEAC,300.0,Cc1ccccc1,293.15,30.0,0.3333333333333333,1140000.0,97.4,2.6,,80.9,,Ni,"(N,N,N)"
C1=CC=N2[Ni]3(Cl)(Cl)N4C5C=CC=CC=5OC=4C4C=CC5=CC=C1C2=C5N=43,DEAC,300.0,Cc1ccccc1,293.15,1.0,0.33,136000.0,89.1,10.9,,48.1,,Ni,"(N,N,N)"
CCCCCCCCCCCCN1CCC(=O)NCCCCN2[Ni]3(N(=CC4C(O3)=CC=CC=4)CCCCNC(=O)CC1)OC1C=CC=CC=1C=2,MAO,500.0,Cc1ccccc1,308.15,5.0,0.5,97000.0,54.86,10.49,33.14,,,Ni,"(N,N,O,O)"
C1(N(CCOC)C=C[N+]=1C1C(C(C)C)=CC=CC=1C(C)C)[Ni](C1N(CCOC)C=C[N+]=1C1C(C(C)C)=CC=CC=1C(C)C)(Cl)Cl,EADC,15.0,Cc1ccccc1,303.15,10.0,0.58,1062289.0,77.0,21.0,,8.0,1.0,Ni,"(C,C)"
C1C2C3C=NC4C=CC=CC=4N=3[Ni]3(Cl)(Cl)N=2C(C(C)=N3C2C(C)=CC=CC=2C)=CC=1,"CC[Al](Cl)CC,PPh3",700.0,Cc1ccccc1,293.15,1.0,0.5,720000.0,96.8,3.2,,,,Ni,"(N,N,N)"
C1=CC(C2C=CC=CC=2)=N2[Ni]3(Cl)(Cl)N4CCOC=4C4C=CC5=CC=C1C2=C5N=43,DEAC,200.0,Cc1ccccc1,293.15,10.0,0.33,1450000.0,85.1,14.9,,60.1,,Ni,"(N,N,N)"
C1(C(C)C)C=CC=C(C(C)C)C=1N1[Ni](Br)(Br)[P+](C(C)(C)C)(C(C)(C)C)OC=1C,MMAO,600.0,Cc1ccccc1,273.15,5.0,1.0,241230.0,65.0,31.0,4.0,94.94949494949495,,Ni,"(N,P)"
P(C1[P+](C2C=CC=CC=2)(C2C=CC=CC=2)[Ni](Cl)(Cl)[P+]1(C1C=CC=CC=1)C1C=CC=CC=1)(=O)(OC1C=CC=CC=1)OC1C=CC=CC=1,EADC,10.0,Cc1ccccc1,296.15,10.0,0.58,2196315.0,56.0,39.0,5.0,4.0,1.0,Ni,"(P,P)"
C1C2C=CC(C3CCCCC3)=N3[Co]4(Cl)(Cl)N5C(C)=CC=CC=5C=N4C(=CC=1)C=23,MMAO,1500.0,Cc1ccccc1,293.15,30.0,0.3333333333333333,1850000.0,98.2,1.8,,97.5,,Co,"(N,N,N)"
CCCCCCCCCCCCN1CCC(=O)NCCCCCCN2[Co]3(OC4C=CC=CC=4C=N3CCCCCCNC(=O)CC1)OC1=CC=CC=C1C=2,MAO,500.0,Clc1ccccc1,298.15,5.0,0.5,122000.0,72.59,15.46,1.32,,,Co,"(N,N,O,O)"
C12C=N3[Ni]4(N(=CC5C(O4)=C(C(C)(C)C)C=CC=5)CC3)OC=1C(C(C)(C)C)=CC=C2,MAO,275.0,C1CCCCC1,323.15,10.0,0.5,440000.00000000006,47.3,37.1,8.0,82.6,37.2,Ni,"(N,N,O,O)"
N12C[Se+]([Ni]3(Br)(Br)(N4N(C[Se+]3C3C=CC=CC=3)C(C)=CC=4C)N1=C(C)C=C2C)C1C=CC=CC=1,MAO,400.0,Cc1ccccc1,313.15,20.0,0.33,3063060.0,95.5,4.5,,85.4,,Ni,"(N,N,Se,Se)"
C1C=CN2[Fe]3(Cl)(Cl)N4=C(C(C)=N3C3C(Br)=CC(C)=CC=3)C=CC3C=CC=1C=2C=34,MMAO,1000.0,Cc1ccccc1,293.15,10.0,0.5,22600000.0,21.8,30.6,47.6,,,Fe,"(N,N,N)"
C1C=C(C2C=CC=CC=2)N2[Co]3(Cl)(Cl)N(C4C(CC)=CC=CC=4CC)=C(C4C=CC=CC=4)C4C=CC5C=CC=1C=2C=5N=43,MAO,500.0,Cc1ccccc1,313.15,1.0,0.5,505000.0,81.1,16.0,,95.9,,Co,"(N,N,N)"
C1[P+]([Cr]23(O=C(C)CC(C)=O2)(O=C(C)CC(C)=O3)[P+](C2C=CC=CC=2)(C2C=CC=CC=2)C1)(C1C=CC=CC=1)C1C=CC=CC=1,MAO,730.0,Cc1ccccc1,358.15,20.0,0.5,3021200.0,0.8,57.2,32.5,,91.4,Cr,"(O,O,O,O,P,P)"
C1C=CC(C)=C(N2[Ni]3(Cl)(Cl)N4C5C=CC=CC=5NC=4C4C=CC=C(N=43)C=2C)C=1C,DEAC,300.0,Cc1ccccc1,333.15,10.0,0.5,760000.0,85.9,12.2,,74.6,,Ni,"(N,N,N)"
C1C=CN2[Fe]3(Cl)(Cl)N4=C(C(C)=N3C3C(Br)=CC(F)=CC=3F)C=CC3C=CC=1C=2C=34,MAO,1000.0,Cc1ccccc1,313.15,10.0,1.0,9650000.0,24.6,40.1,35.4,,,Fe,"(N,N,N)"
C1=CC=N2[Co]3(Cl)(Cl)N4C5C=CC=CC=5NC=4C4C=CC5=CC=C1C2=C5N=43,MAO,1200.0,Cc1ccccc1,293.15,30.0,0.33,620000.0,89.3,10.7,,72.5,,Co,"(N,N,N)"
C1C=CC2N3[Fe](Cl)(Cl)N4=C(C)C=CC=C4C=3N(C)C=2C=1,MMAO,1000.0,Cc1ccccc1,293.15,20.0,0.5,156000.0,68.3,31.7,,,,Fe,"(N,N)"
[P+]12(C3=CC=CC=C3)OCC3=N(C=CC=C3)[Ni]1(Cl)(Cl)N1C(CO2)=CC=CC=1,EADC,6.0,Cc1ccccc1,303.15,10.0,0.5833333333333334,1399695.0,53.0,41.0,6.0,,,Ni,"(N,N,P)"
N1([P+](C2=CC=CC=C2)(C2=CC=CC=C2)[Ni](Cl)(Cl)[P+]1(C1C=CC=CC=1)C1=CC=CC=C1)C1=CC=C(SC)C=C1,EADC,10.0,Clc1ccccc1,302.15,10.0,0.58,1357620.0,69.0,27.0,3.0,,,Ni,"(P,P)"
C1=CN2=C(CC[P+]([Ni]32(Cl)Cl[Ni]2(Cl)(N4=C(C=CC=C4)CC[P+]2(C2=CC=CC=C2)C2=CC=CC=C2)Cl3)(C2=CC=CC=C2)C2=CC=CC=C2)C=C1,EADC,6.0,Clc1ccccc1,300.65,10.0,2.0,2920005.0,70.0,28.0,2.0,9.0,,Ni,"(N,P)"
C1C=C(C2C=CC=CC=2)N2[Ni]3(Cl)(Cl)N(C4C(C(C)C)=CC=CC=4C(C)C)=C(C4C=CC=CC=4)C4C=CC5C=CC=1C=2C=5N=43,DEAC,300.0,Cc1ccccc1,293.15,1.0,0.5,229000.0,98.1,1.9,,24.0,,Ni,"(N,N,N)"
N12C[Se+]([Ni]3(Br)(Br)(N4N(C[Se+]3C3C=CC=CC=3)C(C)=CC=4C)N1=C(C)C=C2C)C1C=CC=CC=1,MAO,400.0,Cc1ccccc1,303.15,20.0,0.3,645120.48,96.5,3.5,0.0,87.2,,Ni,"(N,N,Se,Se)"
C1C=C(C2C=CC=CC=2)N2[Ni]3(Cl)(Cl)N(C4C(C)=CC=CC=4C)=C(C4C=CC=CC=4)C4C=CC5C=CC=1C=2C=5N=43,DEAC,300.0,Cc1ccccc1,293.15,1.0,0.5,347000.00000000006,97.8,2.2,,15.2,,Ni,"(N,N,N)"
N1(=C(C2C=CC=CC=2)[P+](C(C)C)(C(C)C)[Cr]231(OC(C(CCCC)CC)=O2)OC(C(CCCC)CC)=O3)C1=C(C(C)C)C=CC=C1C(C)C,MMAO-3A,500.0,"CC1CCCCC1,ZnEt2",333.15,40.0,1.07,145547999.99999997,0.0,83.8,12.6,,99.7,Cr,"(N,O,O,O,O,P)"
N12C[Se+]([Ni]3(Br)(Br)(N4N(C[Se+]3C3C=CC=CC=3)C=CC=4)N1=CC=C2)C1C=CC=CC=1,MAO,400.0,Cc1ccccc1,303.15,20.0,0.33,173910.0,97.9,2.1,,93.3,,Ni,"(N,N,Se,Se)"
C1=CC=N2[Fe]3(Cl)(Cl)N4C5C=CC=CC=5OC=4C4C=CC5=CC=C1C2=C5N=43,MMAO,1000.0,Cc1ccccc1,293.15,1.0,0.33,124000.00000000001,86.9,13.1,,54.3,,Fe,"(N,N,N)"
C1C=C(C2C=CC=CC=2)N2[Fe]3(Cl)(Cl)N(C4C(C(C)C)=CC=CC=4C(C)C)=C(C)C4C=CC5C=CC=1C=2C=5N=43,MMAO,500.0,Cc1ccccc1,293.15,1.0,0.5,1990.0000000000002,100.0,0.0,,100.0,,Fe,"(N,N,N)"
C1C=CC2N3[Co](Cl)(Cl)N4=C(C)C=CC=C4C=3N(C)C=2C=1,DEAC,200.0,Cc1ccccc1,293.15,20.0,0.5,160000.0,37.4,62.6,,,,Co,"(N,N)"
C1=CC2C=N3[Ni]4(N(=CC5C=CC=CC=5O4)CCCCNC(CCN(CCCCCCCCCCCC)CCC(=O)NCCCC3)=O)OC=2C=C1,DEAC,700.0,Cc1ccccc1,308.15,5.0,0.5,1398000.0,70.98,16.09,1.68,,,Ni,"(N,N,O,O)"
C1C2C=CC=CC=2[P+]([Cr](O2CCCC2)(Cl)(Cl)(Cl)[NH2+]1)(C1C=CC=CC=1)C1C=CC=CC=1,MAO,700.0,Cc1ccccc1,323.15,30.0,0.78,11767600.0,,35.2,52.4,0.0,94.0,Cr,"(N,O,P)"
N12[Ni]3(Cl)[NH+](CCN3=CC1=CC=C2)C1C=CC=CC=1,EASC,250.0,Cc1ccccc1,303.15,20.0,0.33,325380.0,97.2,2.8,,92.0,42.0,Ni,"(N,N,N)"
C1C=CC=C2N3[Ni]4(Br[Ni]5(Br)(N6C7C=CC=CC=7N=CC=6C6N5=CC=CC=6)Br4)(Br)N4=CC=CC=C4C=3C=NC=12,MAO,2000.0,Cc1ccccc1,293.15,1.0,0.5,350000.0,90.3,9.7,,100.0,0.0,Ni,"(N,N)"
C1C=CN2[Cr]3(Cl)(Cl)(Cl)N(C4C(F)=CC=CC=4F)=C(C)C4C=CC5C=CC=1C=2C=5N=43,MAO,1000.0,Cc1ccccc1,353.15,10.0,1.0,1570000.0,39.2,30.4,30.4,,,Cr,"(N,N,N)"
C1C=C(C2C=CC=CC=2)N2[Ni]3(Cl)(Cl)N(C4C(C)=CC=CC=4C)=C(C)C4C=CC5C=CC=1C=2C=5N=43,DEAC,300.0,Cc1ccccc1,303.15,10.0,0.5,3679999.9999999995,98.1,1.9,,36.2,,Ni,"(N,N,N)"
C1C=C(C2C=CC=CC=2)N2[Fe]3(Cl)(Cl)N(C4C(C(C)C)=CC=CC=4C(C)C)=C(C)C4C=CC5C=CC=1C=2C=5N=43,MMAO,500.0,Cc1ccccc1,313.15,10.0,0.5,19000.0,100.0,0.0,,100.0,,Fe,"(N,N,N)"
C1=CC2C=N3[Ni]4(N(=CC5C=CC=CC=5O4)CCCCCCNC(CCN(CCCCCCCCCCCC)CCC(=O)NCCCCCC3)=O)OC=2C=C1,DEAC,500.0,Clc1ccccc1,298.15,5.0,0.5,613000.0,84.47,6.82,3.79,,,Ni,"(N,N,O,O)"
C1=CC(C2C=CC=CC=2)=N2[Co]3(Cl)(Cl)N4CCOC=4C4C=CC5=CC=C1C2=C5N=43,MMAO,1000.0,Cc1ccccc1,293.15,10.0,0.33,77000.0,83.7,16.3,,76.4,,Co,"(N,N,N)"
C1C=C2C3=N([Ni]4(OC2=CC=1)OC1=CC=CC=C1C1=N4C2C=CC=CC=2N1)C1C=CC=CC=1N3,DEAC,200.0,Cc1ccccc1,293.15,1.0,0.5,301000.0,92.4,7.6,,,,Ni,"(N,N,O,O)"
C1C=CC=C(OCCN2[Ni](Cl)(Cl)OC3=CC=CC=C3C=2)C=1,MAO,300.0,Cc1ccccc1,323.15,25.0,0.5,194000.0,73.61,2.97,4.49,,,Ni,"(N,O)"
N12CN3C(C)=C(I)C(C)=N3[Ni](Br)(Br)N1=C(C)C(I)=C2C,DEAC,150.0,Cc1ccccc1,303.15,3.8,0.5,1419000.0,92.4,7.2,,29.3,18.8,Ni,"(N,N)"
C1=C2CP(C3C=CC=CC=3)(C3C=CC=CC=3)=O[Ni]3(Br)(Br)N4=C(C)C=C(C)N4CC(C=C1)=N23,EADC,250.0,Cc1ccccc1,303.15,20.0,1.0,390000.0,96.0,4.0,,16.0,,Ni,"(N,N,O)"
C1C(C)=CC(C(C2C=CC=CC=2)C2C=CC=CC=2)=C(N2[Ni]3(Br)(Br)N(C4C(C)=CC(C)=CC=4C)=C(C)C4C=CC=C(N=43)C=2C)C=1C(C1C=CC=CC=1)C1C=CC=CC=1,EASC,500.0,Cc1ccccc1,303.15,10.0,0.5,87400.0,95.6,4.4,,96.9,,Ni,"(N,N,N)"
N12CCCO([Ni](Cl)(Cl)N1=C(C)C=C2C)C1C=CC=CC=1,MAO,250.0,Cc1ccccc1,303.15,20.0,0.3333333333333333,1281885.0,90.8,9.2,,69.0,19.0,Ni,"(N,O)"
C1N=C2C3N=CC=CC=3/C(=N3/NC(=O[Ni]4/3(/N(=C3\C5C=CC=NC=5C5N=CC=CC\3=5)/NC(C3C=CC=CC=3)=O4)(Cl)Cl)C3C=CC=CC=3)/C2=CC=1,MAO,1500.0,Cc1ccccc1,303.15,1.0,0.5,51800.0,98.4,1.6,0.0,100.0,0.0,Ni,"(N,N,O,O)"
C1C=CC(F)=C(N2[Fe]3(Cl)(Cl)(Cl)N4=C(C5N(C)C6C=CC=CC=6N=53)C=CC=C4C=2C)C=1F,MAO,100.0,Cc1ccccc1,293.15,10.0,0.5,5000.0,100.0,,,99.0,,Fe,"(N,N,N)"
C1C=C(C2C=CC=CC=2)N2[Co]3(Cl)(Cl)N(C4C(C(C)C)=CC=CC=4C(C)C)=C(C)C4C=CC5C=CC=1C=2C=5N=43,MAO,500.0,Cc1ccccc1,293.15,1.0,0.5,523000.00000000006,80.0,16.5,,95.4,,Co,"(N,N,N)"
C1C2C3C=NC4C=CC=CC=4N=3[Ni]3(Cl)(Cl)N=2C(C(C)=N3C2C(CC)=CC=CC=2CC)=CC=1,DEAC,700.0,Cc1ccccc1,293.15,10.0,0.5,610000.0,89.6,10.4,,,,Ni,"(N,N,N)"
C1C=CN2[Cr]3(Cl)(Cl)(Cl)N4C5C=C(C(C)(C)C)C=CC=5OC=4C4C=CC5C=CC=1C=2C=5N=43,MMAO,1500.0,Cc1ccccc1,333.15,1.0,0.5,1280000.0,28.8,31.9,,,,Cr,"(N,N,N)"
C1C=CN2[Fe]3(Cl)(Cl)N4=C(C(C)=N3C3C(C(C)C)=CC=CC=3)C=CC3C=CC=1C=2C=34,MMAO,1000.0,Cc1ccccc1,293.15,10.0,0.5,11800000.0,26.7,52.8,20.5,,,Fe,"(N,N,N)"
C1C=C(C2C=CC=CC=2)N2[Co]3(Cl)(Cl)N(C4C(C(C)C)=CC=CC=4C(C)C)=C(C)C4C=CC5C=CC=1C=2C=5N=43,MAO,500.0,Cc1ccccc1,303.15,10.0,0.5,6520000.0,75.7,23.0,,99.7,,Co,"(N,N,N)"
C1C(C)=CC(C(C2C=CC=CC=2)C2C=CC=CC=2)=C(N2[Ni]3(Br)(Br)N(C4C(C)=CC(C)=CC=4C)=C(C)C4C=CC=C(N=43)C=2C)C=1C(C1C=CC=CC=1)C1C=CC=CC=1,DEAC,200.0,Cc1ccccc1,298.15,10.0,0.5,9900.0,57.5,42.5,,100.0,,Ni,"(N,N,N)"
C1C=C(C2C=CC=CC=2)N2[Fe]3(Cl)(Cl)N(C4C(C(C)C)=CC=CC=4C(C)C)=C(C)C4C=CC5C=CC=1C=2C=5N=43,MAO,500.0,Cc1ccccc1,313.15,10.0,0.5,6210.0,100.0,0.0,,100.0,,Fe,"(N,N,N)"
C1C=CC2N3[Ni](Br)(Br)N(C4C(C(C)C)=CC=CC=4C(C)C)=C4CCCC(=CC=2C=1)C=34,TMA,300.0,Cc1ccccc1,313.15,10.0,0.5,513000.0,39.5,10.3,50.2,,,Ni,"(N,N)"
C1C2C=CC(C3CCCCC3)=N3[Fe]4(Cl)(Cl)N5C=CC=CC=5C=N4C(=CC=1)C=23,MMAO,2000.0,Cc1ccccc1,293.15,30.0,0.3333333333333333,640000.0,98.4,1.6,,50.5,,Fe,"(N,N,N)"
[Ni]1([P+](N(C(C)C)[Si](C)(C)C[P+]1(C1C=CC=CC=1)C1C=CC=CC=1)(C1C=CC=CC=1)C1C=CC=CC=1)(Br)Br,EADC,700.0,CC1CCCCC1,318.15,10.0,0.5,9330000.0,80.6,19.4,,48.5,12.3,Ni,"(P,P)"
[P+](C1CCCCC1)(C1CCCCC1)(C1CCCCC1)[Ni](Cl)(Cl)[P+](C1CCCCC1)(C1CCCCC1)C1CCCCC1,MAO,200.0,Clc1ccccc1,303.15,10.0,0.5833333333333334,33660.0,74.0,18.0,8.0,,,Ni,"(P,P)"
C12C=CC3C=CC(C)=N4[Ni]5(Br)(Br)N6C7C=CC=CC=7N(C)C=6C(=CC=1)N5=C2C=34,DEAC,300.0,Cc1ccccc1,293.15,30.0,0.3333333333333333,1270000.0,92.5,7.5,,82.8,,Ni,"(N,N,N)"
C1C2C3=N([Ni]4(Cl)(Cl)/N(=C\C5C=CC=CC=5[N+](=O)[O-])/C5=CC=CC(C=1)=C5N=24)C1C=CC=CC=1N3C,DEAC,206.0,Cc1ccccc1,293.15,10.0,0.3333333333333333,1800000.0,97.4,2.6,,89.3,,Ni,"(N,N,N)"
C1C=CN2[Cr]3(Cl)(Cl)(Cl)N(C4C(CC)=CC=CC=4CC)=C(C4C=CC=CC=4)C4C=CC5C=CC=1C=2C=5N=43,TEA,1000.0,Cc1ccccc1,293.15,1.0,1.0,27000.0,100.0,0.0,0.0,,,Cr,"(N,N,N)"
C1C=CC=C(OCCN2[Ni](Cl)(Cl)OC3=CC=CC=C3C=2)C=1,MAO,100.0,Cc1ccccc1,323.15,20.0,0.5,152000.0,73.54,6.59,9.37,,,Ni,"(N,O)"
C1=CC=N2[Fe]3(Cl)(Cl)N4C5C=CC=CC=5N(C)C=4C4C=CC5=CC=C1C2=C5N=43,MMAO,1000.0,Cc1ccccc1,293.15,30.0,0.33,1070000.0,93.2,6.8,,82.2,,Fe,"(N,N,N)"
CCCCCCCCCCCCN1CCC(=O)NCCCCN2[Ni]3(N(=CC4C(O3)=CC=CC=4)CCCCNC(=O)CC1)OC1C=CC=CC=1C=2,MAO,700.0,Cc1ccccc1,298.15,5.0,0.5,206999.99999999997,63.46,13.31,20.45,,,Ni,"(N,N,O,O)"
C1(C(C)C)C=CC=C(C(C)C)C=1N1[Ni](Br)(Br)[P+](C(C)(C)C)(C(C)(C)C)OC=1C,MMAO,600.0,Cc1ccccc1,303.15,5.0,1.0,25245.0,54.0,42.0,4.0,93.06930693069307,,Ni,"(N,P)"
C1=C2CP(C3C=CC=CC=3)(C3C=CC=CC=3)=O[Ni]3(Br)(Br)N4=C(C)C=C(C)N4CC(C=C1)=N23,EADC,250.0,Cc1ccccc1,303.15,10.0,1.0,790000.0,15.0,7.0,0.0,38.0,0.0,Ni,"(N,N,O)"
C1C=CC2N3[Ni](Br)(Br)N(C4C(C)=CC=CC=4C)=C(C(C)(C)C)C=3C=CC=2C=1,TEA,400.0,Cc1ccccc1,303.15,5.0,0.5,50000.0,100.0,0.0,,,,Ni,"(N,N)"
C1C=C(C2C=CC=CC=2)N2[Ni]3(Cl)(Cl)N(C4C(C(C)C)=CC=CC=4C(C)C)=C(C4C=CC=CC=4)C4C=CC5C=CC=1C=2C=5N=43,DEAC,300.0,Cc1ccccc1,313.15,1.0,0.5,235999.99999999997,97.2,2.8,,22.7,,Ni,"(N,N,N)"
C1(Cl)C=C2C3=N([Ni]4(OC2=C(Cl)C=1)OC1=C(Cl)C=C(Cl)C=C1C1=N4C2C=CC=CC=2N1C(C)C)C1C=CC=CC=1N3C(C)C,"CC[Al](Cl)CC,PPh3",200.0,Cc1ccccc1,293.15,30.0,0.5,16000000.0,93.0,7.0,,,,Ni,"(N,N,O,O)"
N1(/[Cr](O2CCCC2)(Cl)(Cl)(Cl)O(C2C=CC=CC=2)C2C=CC=CC/1=2)=C/C1SC=CC=1,MAO,300.0,Cc1ccccc1,353.15,20.0,0.25,1009800.0,20.0,12.8,9.7,94.7,92.4,Cr,"(N,O,O)"
C1=C2CP(C3C=CC=CC=3)(C3C=CC=CC=3)=O[Ni]3(Br)(Br)N4=C(C)C=C(C)N4CC(C=C1)=N23,EADC,250.0,Cc1ccccc1,303.15,30.0,1.0,430000.0,95.0,5.0,,19.0,,Ni,"(N,N,O)"
N12CCO([Ni]1(Cl)N1C=CC=C1C=2)C1C=CC=CC=1,MAO,250.0,Cc1ccccc1,303.15,20.0,0.6666666666666666,530145.0,94.5,5.5,,79.0,29.0,Ni,"(N,N,O)"
C1C2C3C=NC4C=CC=CC=4N=3[Ni]3(Br)(Br)N=2C(C(C)=N3C2C(C(C)C)=CC=CC=2C(C)C)=CC=1,"CC[Al](Cl)CC,PPh3",700.0,Cc1ccccc1,293.15,1.0,0.5,200000.0,82.7,17.3,,,,Ni,"(N,N,N)"
C1C=C(C2C=CC=CC=2)N2[Co]3(Cl)(Cl)N(C4C(CC)=CC=CC=4CC)=C(C4C=CC=CC=4)C4C=CC5C=CC=1C=2C=5N=43,MAO,500.0,Cc1ccccc1,353.15,1.0,0.5,87400.0,72.5,16.6,,96.3,,Co,"(N,N,N)"
C1(C)C=C(C)N2CCCO([Ni](Cl)(Cl)N=12)C1C=CC=CC=1,MAO,250.0,Cc1ccccc1,303.15,20.0,0.3,1281848.29,90.8,9.2,0.0,69.0,,Ni,"(N,O)"
C12C=CC3C=CC=N4[Ni]5(Br)(Br)N6C7C=CC=CC=7N(CC)C=6C(=CC=1)N5=C2C=34,DEAC,300.0,Cc1ccccc1,293.15,30.0,0.3333333333333333,4240000.0,94.6,5.4,,67.2,,Ni,"(N,N,N)"
C12C=CC3C=CC=N4[Ni]5(Cl)(Cl)N6C7C=CC=CC=7N(C(C)C)C=6C(=CC=1)N5=C2C=34,DEAC,300.0,Cc1ccccc1,293.15,30.0,0.3333333333333333,4210000.0,92.9,7.1,,67.9,,Ni,"(N,N,N)"
C1C(C)=CC(C(C2C=CC=CC=2)C2C=CC=CC=2)=C(N2[Ni]3(Br)(Br)N(C4C(C)=CC(C)=CC=4C)=C(C)C4C=CC=C(N=43)C=2C)C=1C(C1C=CC=CC=1)C1C=CC=CC=1,EASC,500.0,Cc1ccccc1,323.15,10.0,0.5,126000.0,95.0,5.0,,95.6,,Ni,"(N,N,N)"
CC(C)CN1[P+](C2C=CC=CC=2)(C2C=CC=CC=2)[Cr]2(Cl[Cr]3(Cl)(Cl)([P+](N(CC(C)C)[P+]3(C3C=CC=CC=3)C3C=CC=CC=3)(C3C=CC=CC=3)C3C=CC=CC=3)Cl2)(Cl)(Cl)[P+]1(C1C=CC=CC=1)C1C=CC=CC=1,MAO,900.0,Cc1ccccc1,318.15,45.0,0.5,9911200.0,,18.8,69.5,,36.5,Cr,"(P,P)"
C1C=CN2[Fe]3(Cl)(Cl)N4=C(C(C)=N3C3C(Br)=CC(F)=CC=3)C=CC3C=CC=1C=2C=34,MMAO,1000.0,Cc1ccccc1,293.15,10.0,0.5,24900000.0,20.5,33.7,45.8,,,Fe,"(N,N,N)"
C1(C(C)C)C=CC=C(C(C)C)C=1N1[Ni](Br)(Br)[P+](C(C)(C)C)(C(C)(C)C)OC=1C,DEAC,197.9695431472081,Cc1ccccc1,303.15,5.0,1.0,291720.0,90.0,10.0,0.0,33.333333333333336,,Ni,"(N,P)"
C1=C([P+](C2=CC=CC=C2)(C2=CC=CC=C2)[Ni]2([P+](C3=CC=CC=C3)(C3=CC=CC=C3)C3=CC=CC=C3)CC2)C=CC=C1,Not_defined,0.0,Not_defined,285.15,1.0,32.0,6.4559880000000005,83.4,14.6,0.0,7.1,,Ni,"(C,C,P,P)"
C1=CN2=C(CC[P+]([Ni]32(Cl)Cl[Ni]2(Cl)(N4=C(C=CC=C4)CC[P+]2(C2=CC=CC=C2)C2=CC=CC=C2)Cl3)(C2=CC=CC=C2)C2=CC=CC=C2)C=C1,EADC,6.0,Clc1ccccc1,300.65,10.0,0.5833333333333334,2558160.0,50.0,43.0,7.0,2.0,,Ni,"(N,P)"
CCCCCCCCCCCCN(CCC(=O)NCCCCN1[Co](Cl)(Cl)N2C=CC=CC=2C=1)CCC(=O)NCCCCN1[Co](Cl)(Cl)N2=CC=CC=C2C=1,MAO,500.0,Cc1ccccc1,298.15,5.0,0.5,244000.0,65.78,18.35,12.66,,,Co,"(N,N)"
C1C=CC2N3[Fe](Cl)(Cl)N4=C(C)C=CC=C4C=3NC=2C=1,DEAC,200.0,Cc1ccccc1,293.15,20.0,0.5,76000.0,60.2,39.8,,,,Fe,"(N,N)"
C1C=C(C2C=CC=CC=2)N2[Fe]3(Cl)(Cl)N(C4C(CC)=CC=CC=4CC)=C(C4C=CC=CC=4)C4C=CC5C=CC=1C=2C=5N=43,MMAO,500.0,Cc1ccccc1,313.15,10.0,0.5,543000.0,98.7,1.3,,100.0,,Fe,"(N,N,N)"
C1C=CC2N3[Ni](Cl)(Cl)N(C4C(C(C)C)=CC=CC=4C(C)C)=C4CCCC(=CC=2C=1)C=34,MAO,1000.0,Cc1ccccc1,303.15,10.0,0.5,241000.0,22.3,8.1,69.6,,,Ni,"(N,N)"
N1(/[Cr](O2CCCC2)(Cl)(Cl)(Cl)O(C2C=CC=CC=2)C2C=CC=CC/1=2)=C/C1SC(C2C=CC=CC=2)=CC=1,MAO,300.0,Cc1ccccc1,353.15,20.0,0.25,406725.0,16.5,18.5,16.1,55.4,53.8,Cr,"(N,O,O)"
[Ni]([P+](C1CCCCC1)(C1CCCCC1)C1CCCCC1)(Cl)([P+](C1CCCCC1)(C1CCCCC1)C1CCCCC1)Cl,EADC,2.0,Cc1ccccc1,303.15,10.0,0.5833333333333334,44880.0,88.0,12.0,0.0,,,Ni,"(P,P)"
C1C=CC(C)=C(N2[Fe]3(Cl)(Cl)N(C4C(F)=CC=CC=4F)=C(C)C4C=CC=C(N=43)C=2C)C=1,MMAO,1000.0,Cc1ccccc1,293.15,1.0,1.0,519999.99999999994,12.1,,,,,Fe,"(N,N,N)"
C1C=CN2[Cr]3(Cl)(Cl)(Cl)N(C4C(CC)=CC=CC=4CC)=C(C4C=CC=CC=4)C4C=CC5C=CC=1C=2C=5N=43,MAO,1000.0,Cc1ccccc1,273.15,1.0,1.0,211000.0,74.1,22.2,3.7,,,Cr,"(N,N,N)"
C1(Cl)C=C2C3=N([Ni]4(OC2=C(Cl)C=1)OC1=C(Cl)C=C(Cl)C=C1C1=N4C2C=CC=CC=2N1C(C)C)C1C=CC=CC=1N3C(C)C,DEAC,500.0,Cc1ccccc1,293.15,1.0,0.5,142000.0,93.7,6.3,,,,Ni,"(N,N,O,O)"
C1([Cr](Cl)(Cl)C2N(C=C[N+]=2C(C)(C)C)P(C(C)(C)C)C(C)(C)C)=[N+](C(C)(C)C)C=CN1P(C(C)(C)C)C(C)(C)C,MAO,400.0,Clc1ccccc1,303.15,10.0,0.5833333333333334,7854.0,1.0,10.0,19.0,97.0,100.0,Cr,"(C,C)"
C1C([N+]([O-])=O)=CN2[Ni](Br)(Br)N(C3C(C(C)C)=CC=CC=3C(C)C)=C(C3C=CC=CC=3)NC=2C=1,MAO,800.0,C(Cl)Cl,293.15,0.5,0.5,328185.0,28.3,34.9,27.7,,,Ni,"(N,N)"
N12CCCO([Ni](Cl)(Cl)N1=C(C)C=C2C)C1C=CC=CC=1,MAO,250.0,Cc1ccccc1,343.15,20.0,0.3333333333333333,294525.0,89.4,10.6,,74.0,26.0,Ni,"(N,O)"
C1C=CC(C)=C(N2[Fe]3(Cl)(Cl)N4C5C=CC=C(C)C=5NC=4C4C=CC=C(N=43)C=2C)C=1C,MMAO,500.0,Cc1ccccc1,303.15,30.0,0.5,250000.0,50.4,18.3,8.9,,,Fe,"(N,N,N)"
C1C=CN2[Ni](C3C(C)=CC(C)=CC=3C)(Br)N3=C(C)C=CC4C=CC=1C=2C=43,EADC,100.0,Cc1ccccc1,299.65,20.0,0.5,835890.0,71.0,1.0,2.0,,,Ni,"(C,N,N)"
C1C=CC(C)=C(N2[Fe]3(Cl)(Cl)(Cl)N4=C(C5N(C)C6C=CC=CC=6N=53)C=CC=C4C=2C)C=1C,MAO,1500.0,Cc1ccccc1,293.15,1.0,0.5,5010.0,77.2,13.0,,,,Fe,"(N,N,N)"
C1C=CC2N3[Ni](Br)(Br)N(C4C(C)=CC=CC=4C)=C(C(C)(C)C)C=3C=CC=2C=1,EASC,700.0,Cc1ccccc1,303.15,5.0,0.5,1520000.0,9.91,26.4,,,,Ni,"(N,N)"
C1C=C(C2C=CC=CC=2)N2[Co]3(Cl)(Cl)N(C4C(CC)=CC=CC=4CC)=C(C4C=CC=CC=4)C4C=CC5C=CC=1C=2C=5N=43,MAO,500.0,Cc1ccccc1,303.15,10.0,0.5,7330000.0,80.5,16.8,,99.7,,Co,"(N,N,N)"
N12[Cr](Cl)(O3CCCC3)(Cl)(OC3C4C=CC=CC=4C=CC=3C=1)N1=CC=C(C3=C(C)C=C(C=C3C)C)N1CC2,MAO,300.0,Cc1ccccc1,353.15,20.0,0.25,190740.0,20.3,20.1,19.6,86.5,88.2,Cr,"(N,N,O,O)"
C1C=CC(C)=C(N2[Fe]3(Cl)(Cl)(Cl)N4=C(C5N(C)C6C=CC=CC=6N=53)C=CC=C4C=2C)C=1C,MAO,1000.0,Cc1ccccc1,293.15,10.0,0.5,218000.00000000003,18.1,17.3,,,,Fe,"(N,N,N)"
C1C=CN2[Co]3(Cl)(Cl)N4=C(C(C)=N3C3C(Cl)=CC=CC=3Cl)C=CC3C=CC=1C=2C=34,MMAO,1000.0,Cc1ccccc1,293.15,1.0,0.5,216000.0,99.2,0.8,,,,Co,"(N,N,N)"
C1C=C(C2C=CC=CC=2)N2[Fe]3(Cl)(Cl)N(C4C(C)=CC=CC=4C)=C(C)C4C=CC5C=CC=1C=2C=5N=43,MAO,500.0,Cc1ccccc1,293.15,1.0,0.5,2590.0000000000005,100.0,0.0,,96.1,,Fe,"(N,N,N)"
N1([P+](C2=CC=CC=C2)(C2=CC=CC=C2)[Ni](Cl)(Cl)[P+]1(C1C=CC=CC=1)C1=CC=CC=C1)C1=CC=C(SC)C=C1,EADC,40.0,Clc1ccccc1,302.15,10.0,0.58,1175295.0,79.0,20.0,1.0,,,Ni,"(P,P)"
C1C=CC2N3[Ni](Br)(Br)N(C4C(C)=CC=CC=4C)=C(C(C)(C)C)C=3C=CC=2C=1,MMAO,1000.0,Cc1ccccc1,303.15,5.0,0.5,1450000.0,9.1,80.8,,,,Ni,"(N,N)"
CCCCCCCCCCCCN1CCC(=O)NCCN2[Ni]3(N(=CC4C(O3)=CC=CC=4)CCNC(=O)CC1)OC1C=CC=CC=1C=2,MAO,500.0,Cc1ccccc1,318.15,5.0,0.5,134000.0,36.59,11.65,47.29,,,Ni,"(N,N,O,O)"
N12[Ni]3(Cl)O(CCN3=CC1=CC=C2)C1C=CC=CC=1,EASC,50.0,Cc1ccccc1,303.15,20.0,0.33,58905.0,97.7,2.3,,91.0,71.0,Ni,"(N,N,O)"
C1C=CC2O[Ni]34OC5=CC=CC=C5C=N3CCN4=CC=2C=1,MAO,500.0,Cc1ccccc1,298.15,7.0,0.5,318000.0,41.54,28.62,12.17,,,Ni,"(N,N,O,O)"
C1=CC=N2[Co]3(Cl)(Cl)N4C5C=CC=CC=5NC=4C4C=CC5=CC=C1C2=C5N=43,MMAO,1200.0,Cc1ccccc1,293.15,30.0,0.33,1540000.0,87.4,12.6,,84.4,,Co,"(N,N,N)"
C1=C2N([Ni]([P+](C2C)(C2=CC=CC=C2)C2=CC=CC=C2)(Cl)Cl)=CC=C1,EADC,6.0,Cc1ccccc1,303.15,10.0,0.5833333333333334,1548360.0,66.0,30.0,3.5,,,Ni,"(N,P)"
C1(=N(C2C(C)=CC=CC=2C)[Fe]2(Cl)(Cl)N3C4C=CC=CC=4N(C)C=3C3C=CC=C1N=32)C,MMAO,1500.0,Cc1ccccc1,293.15,30.0,0.5,2271000.0,37.3,24.7,14.6,,,Fe,"(N,N,N)"
C1C=CC2N3[Ni](Br)(Br)N(C4C(C(C)C)=CC=CC=4C(C)C)=C4CCCC(=CC=2C=1)C=34,MMAO,1000.0,Cc1ccccc1,303.15,10.0,0.5,553000.0,30.5,20.3,49.2,,,Ni,"(N,N)"
N12CCCO([Ni](Cl)(Cl)N1=C(C)C=C2C)C1C=CC=CC=1,EASC,250.0,Cc1ccccc1,303.15,20.0,0.3333333333333333,260865.0,97.4,2.6,,95.0,49.0,Ni,"(N,O)"
C1(Cl)C=C2C3=N([Ni]4(OC2=C(Cl)C=1)OC1=C(Cl)C=C(Cl)C=C1C1=N4C2C=CC=CC=2N1C(C)C)C1C=CC=CC=1N3C(C)C,DEAC,200.0,Cc1ccccc1,293.15,20.0,0.5,3700000.0,91.8,8.2,,,,Ni,"(N,N,O,O)"
C12C(C)=N(C3C=C(I)C=C(I)C=3)[Fe]3(Cl)(Cl)(Cl)N=1C(C(=N3C1C=C(I)C=C(I)C=1)C)=CC=C2,MAO,2500.0,Cc1ccccc1,333.15,10.0,1.0,3496184.2105263164,48.4,33.2,10.7,99.7,82.6,Fe,"(N,N,N)"
C1C(C2C=CC=CC=2)=N2[Ni](Br)(Br)N(C3C(C(C)C)=CC=CC=3C(C)C)=C(C3C=CC=CC=3)C2=CC=1,EASC,150.0,Clc1ccccc1,303.15,1.3,0.5,46402074.699999996,88.0,12.0,0.0,92.0,,Ni,"(N,N)"
C1C(C)=CC(C(C2C=CC=CC=2)C2C=CC=CC=2)=C(N2[Ni]3(Br)(Br)N(C4C(C)=CC(C)=CC=4C)=C(C)C4C=CC=C(N=43)C=2C)C=1C(C1C=CC=CC=1)C1C=CC=CC=1,EASC,500.0,Cc1ccccc1,353.15,10.0,0.5,117000.0,95.0,5.0,,90.0,,Ni,"(N,N,N)"
CC(C)CN1[P+](C2C=CC=CC=2)(C2C=CC=CC=2)[Cr]2(Cl[Cr]3(Cl)(Cl)([P+](N(CC(C)C)[P+]3(C3C=CC=CC=3)C3C=CC=CC=3)(C3C=CC=CC=3)C3C=CC=CC=3)Cl2)(Cl)(Cl)[P+]1(C1C=CC=CC=1)C1C=CC=CC=1,MAO,800.0,Cc1ccccc1,313.15,40.0,0.5,6999200.0,,18.2,69.8,,32.4,Cr,"(P,P)"
C1=C2CP(C3C=CC=CC=3)(C3C=CC=CC=3)=O[Ni]3(Br)(Br)N4=C(C)C=C(C)N4CC(C=C1)=N23,EADC,350.0,Cc1ccccc1,303.15,10.0,1.0,280000.0,96.0,4.0,,13.0,,Ni,"(N,N,O)"
C1C=C2C3=N4[Co](Cl)(Cl)(N(C5C(C(C)C)=CC=CC=5C(C)C)=C3C3=CC=CC(C=1)=C23)N(CC)(CC)CC4,MAO,700.0,Cc1ccccc1,303.15,1.3,0.5,66300.00000000001,43.6,56.4,,57.56880733944954,29.964539007092196,Co,"(N,N,N)"
C1=CC=N2[Fe]3(Cl)(Cl)N4C5C=CC=CC=5N(CC)C=4C4C=CC5=CC=C1C2=C5N=43,MMAO,1000.0,Cc1ccccc1,293.15,30.0,0.33,917000.0,95.3,4.7,,80.7,,Fe,"(N,N,N)"
[Ni]1([P+](N(C(C)C)[Si](C)(C)C[P+]1(C1C=CC=CC=1)C1C=CC=CC=1)(C1C=CC=CC=1)C1C=CC=CC=1)(Br)Br,EADC,500.0,CC1CCCCC1,318.15,10.0,0.5,3660000.0,89.5,10.5,,77.8,23.3,Ni,"(P,P)"
[Ni]1([P+](N(C2C(C(C)C)=CC=CC=2C(C)C)[Si](C)(C)C[P+]1(C1C=CC=CC=1)C1C=CC=CC=1)(C1C=CC=CC=1)C1C=CC=CC=1)(Br)Br,EADC,500.0,CC1CCCCC1,318.15,10.0,0.17,6610000.0,93.3,6.7,,87.1,26.5,Ni,"(P,P)"
[Ni]1234(N(=C5C=C(NCCOC)C(=O)C=C5O1)CCO2C)O(C)CCN3=C1C=C(NCCOC)C(=O)C(O4)=C1,MAO,100.0,Clc1ccccc1,303.15,10.0,0.5833333333333334,75735.0,93.0,6.0,1.0,,,Ni,"(N,N,O,O,O,O)"
C1C=CN2[Fe]3(Cl)(Cl)N4=C(C(C)=N3C3C(CC)=CC=CC=3)C=CC3C=CC=1C=2C=34,MMAO,500.0,Cc1ccccc1,313.15,1.0,0.5,862000.0,43.2,42.0,14.8,,,Fe,"(N,N,N)"
C1C(C)=CC(C(C2C=CC=CC=2)C2C=CC=CC=2)=C(N2=C(C)C3N4[Ni]2(Cl)(Cl)N(C2C(C)=CC=CC=2C)=C(C)C=4C=CC=3)C=1C(C1C=CC=CC=1)C1C=CC=CC=1,EASC,300.0,"Cc1ccccc1,PPh3",313.15,10.0,0.5,2480000.0,93.7,6.3,,36.1,,Ni,"(N,N,N)"
C1C=CN2[Fe]3(Cl)(Cl)N4=C(C(C)=N3C3C(Br)=CC(F)=CC=3Cl)C=CC3C=CC=1C=2C=34,MMAO,1000.0,Cc1ccccc1,293.15,10.0,0.5,22000000.0,22.4,26.9,50.7,,,Fe,"(N,N,N)"
C1C2C=CC(C(C)C)=N3[Fe]4(Cl)(Cl)N5C(C)=CC=CC=5C=N4C(=CC=1)C=23,MMAO,1000.0,Cc1ccccc1,293.15,30.0,0.3333333333333333,819999.9999999999,96.9,3.1,,92.1,,Fe,"(N,N,N)"
C1C=CN2[Ni]34(Br)([NH+](CCOC)CC5C=CC=CN=53)[NH+](CCO4C)CC=2C=1,EADC,200.0,Clc1ccccc1,303.15,10.0,1.0,4300000.0,77.0,17.0,6.0,54.0,52.0,Ni,"(N,N,N,N,O)"
C1C=CC(C)=C(N2=C(C)C3N4[Co]2(Cl)(Cl)N2C5C=CC=CC=5OC=2C=4C=CC=3)C=1C,MAO,1000.0,Cc1ccccc1,293.15,10.0,0.5,370000.0,100.0,0.0,,100.0,,Co,"(N,N,N)"
C1C=CN2[Cr]3(Cl)(Cl)(Cl)N4C5C=CC=CC=5NC=4C4C=CC5C=CC=1C=2C=5N=43,MMAO,1500.0,Cc1ccccc1,333.15,1.0,0.5,1010000.0,31.2,33.5,,,,Cr,"(N,N,N)"
C1C=C(C)N2[Ni](Br)(Br)N3=C(C)C=CC4C=CC=1C=2C=43,MMAO-12,500.0,Cc1ccccc1,293.15,10.0,0.5,120615.0,99.0,1.0,,,,Ni,"(N,N)"
C1N=C2C3N=CC=CC=3/C(=N3/NC(=O[Ni]4/3(/N(=C3\C5C=CC=NC=5C5N=CC=CC\3=5)/NC(C3C=CC=CC=3)=O4)(Cl)Cl)C3C=CC=CC=3)/C2=CC=1,MAO,1000.0,Cc1ccccc1,303.15,1.0,0.5,159000.0,65.4,27.0,7.6,100.0,32.3,Ni,"(N,N,O,O)"
C1C=CN2[Cr]3(Cl)(Cl)(Cl)N4C5C=C(C(C)(C)C)C=CC=5OC=4C4C=CC5C=CC=1C=2C=5N=43,MMAO,1500.0,Cc1ccccc1,293.15,1.0,0.5,1019999.9999999999,65.2,22.1,,,,Cr,"(N,N,N)"
C1=CC=N2[Co]3(Cl)(Cl)N4CCOC=4C4C=CC5=CC=C1C2=C5N=43,MMAO,1000.0,Cc1ccccc1,293.15,10.0,0.33,192000.0,92.8,7.2,,58.2,,Co,"(N,N,N)"
C1C=CN2[Fe]3(Cl)(Cl)N4=C(C(C)=N3C3C(C(C)C)=CC=CC=3)C=CC3C=CC=1C=2C=34,MMAO,500.0,Cc1ccccc1,293.15,1.0,0.5,872000.0,55.7,34.6,9.7,,,Fe,"(N,N,N)"
C1C=C2[S+]([Cr](O3CCCC3)(Cl)(Cl)(Cl)N(C(C)(C)C)=CC2=CC=1)C1C=CC=CC=1,MAO,300.0,Cc1ccccc1,353.15,20.0,0.25,720885.0,17.3,19.3,16.6,,,Cr,"(N,O,S)"
C1C=C2C3C=CC=CN=3[Ni](Br)(C3C(C)=CC=CC=3C)N2=CC=1,MAO,3000.0,Cc1ccccc1,298.15,5.0,0.25,2500000.0000000005,52.702702702702695,27.027027027027025,12.16216216216216,,,Ni,"(C,N,N)"
C1=CN2=C(CC[P+]([Ni]32(Cl)Cl[Ni]2(Cl)(N4=C(C=CC=C4)CC[P+]2(C2=CC=CC=C2)C2=CC=CC=C2)Cl3)(C2=CC=CC=C2)C2=CC=CC=C2)C=C1,EADC,6.0,Clc1ccccc1,300.65,10.0,0.5833333333333334,5823180.0,69.0,30.0,1.0,1.0,,Ni,"(N,P)"
C1(=N(C2C(CC)=CC=CC=2CC)[Fe]2(Cl)(Cl)N3C4C=CC=CC=4N(C)C=3C3C=CC=C1N=32)C,MMAO,1000.0,Cc1ccccc1,293.15,30.0,0.5,6690000.0,26.3,22.5,18.0,,,Fe,"(N,N,N)"
C1C(CO)=N2[Ni](Cl)(Cl)N(C3C(C(C)(C)C)=CC(C(C)(C)C)=CC=3C(C)(C)C)=C3CCCC(C=1)=C23,DEAC,800.0,Cc1ccccc1,303.15,5.0,0.5,200000.0,52.6,47.4,,94.3,33.2,Ni,"(N,N)"
C1=CC=N2[Co]3(Cl)(Cl)N4C5C=CC=CC=5NC=4C4C=CC5=CC=C1C2=C5N=43,MMAO,1000.0,Cc1ccccc1,293.15,30.0,0.33,1070000.0,88.9,11.1,,87.0,,Co,"(N,N,N)"
N1(C)[P+](C2C(OC)=CC=CC=2)(C2C(OC)=CC=CC=2)[Cr]23(O=C(C)CC(C)=O2)(O=C(C)CC(C)=O3)[P+]1(C1C=CC=CC=1OC)C1C=CC=CC=1OC,MAO,730.0,Cc1ccccc1,358.15,20.0,0.5,13483600.0,0.2,88.2,1.4,,99.6,Cr,"(O,O,O,O,P,P)"
C1C2C3C=NC4C=CC=CC=4N=3[Ni]3(Cl)(Cl)N=2C(C(C)=N3C2C(C)=CC(C)=CC=2C)=CC=1,DEAC,700.0,Cc1ccccc1,293.15,10.0,0.5,500000.0,92.1,7.9,,,,Ni,"(N,N,N)"
C1=CC=N2[Co]3(Cl)(Cl)N4C5C=CC=CC=5NC=4C4C=CC5=CC=C1C2=C5N=43,MAO,800.0,Cc1ccccc1,293.15,30.0,0.33,422000.0,91.2,8.8,,83.8,,Co,"(N,N,N)"
C1C=CC(OC)=C(OCCN2[Co](Cl)(Cl)OC3=CC(OC)=CC=C3C=2)C=1,MAO,300.0,Cc1ccccc1,323.15,20.0,0.5,143000.0,35.04,36.96,20.52,,,Co,"(N,O)"
C1C=CN2[Cr]3(Cl)(Cl)(Cl)N(C4C(Br)=CC=CC=4Br)=C(C)C4C=CC5C=CC=1C=2C=5N=43,MAO,1000.0,Cc1ccccc1,293.15,1.0,1.0,616000.0,31.9,26.5,41.6,,,Cr,"(N,N,N)"
C1C=CN2[Cr]3(Cl)(Cl)(Cl)N4C5C=C(C(C)(C)C)C=CC=5OC=4C4C=CC5C=CC=1C=2C=5N=43,MMAO,1500.0,Cc1ccccc1,353.15,1.0,0.5,1090000.0,45.2,37.1,,,,Cr,"(N,N,N)"
C1C(CO)=N2[Ni](Cl)(Cl)N(C3C(C)=CC(C)=CC=3C)=C3CCCC(C=1)=C23,DEAC,800.0,Cc1ccccc1,303.15,10.0,0.5,604000.0,4.1,95.9,,99.0,27.9,Ni,"(N,N)"
C1C=CC=C(OCCN2[Co](Cl)(Cl)OC3=CC=CC=C3C=2)C=1,MAO,300.0,Cc1ccccc1,323.15,20.0,0.5,338000.0,35.57,14.02,34.44,,,Co,"(N,O)"
C1C2C(=N(C3C(CC)=CC=CC=3CC)[Ni]3(Br)(Br)N=2C(C2OC4C=CC=CC=4N=23)=CC=1)C,DEAC,200.0,Cc1ccccc1,323.15,10.0,0.5,348000.0,95.1,4.9,,90.6,,Ni,"(N,N,N)"
N12CCCO([Ni](Cl)(Cl)N1=C(C)C=C2C)C1C=CC=CC=1,MAO,250.0,Cc1ccccc1,283.15,20.0,0.3333333333333333,1088340.0,96.7,3.3,,87.0,34.0,Ni,"(N,O)"
C(N(CCC(=O)NCCN1C2N([Ni](Cl)(Cl)N3C=CC=CC1=3)=CC=CC=2)CCCCCC)CC(=O)NCCN1C2N([Ni](Cl)(Cl)N3C=CC=CC1=3)=CC=CC=2,MAO,700.0,Cc1ccccc1,328.15,40.0,0.5,192000.0,50.6,39.52,6.43,,,Ni,"(N,N)"
N12CCCO([Ni](Cl)(Cl)N1=C(C)C=C2C)C1C=CC=CC=1,MAO,250.0,Cc1ccccc1,303.15,20.0,0.6666666666666666,1077120.0,89.2,10.8,,64.0,17.0,Ni,"(N,O)"
N12=C3C=C(NCC[NH+](C)C)C(=O)C=C3O[Ni-]1(Cl)(Cl)N(C)(C)CC2,EADC,10.0,Clc1ccccc1,303.15,10.0,3.3333333333333335,575025.0,76.0,24.0,,,,Ni,"(N,N,O)"
C1C=CC(C)=C(C2N3[Ni](Cl)(Cl)[P+](C4C=CC=CC=4)(C4C=CC=CC=4)CC=3C=CC=2)C=1C,EADC,6.0,Cc1ccccc1,303.15,10.0,0.5833333333333334,1604460.0,78.0,21.0,1.0,9.0,,Ni,"(N,P)"
C1C=C2C3=N4[Co](Cl)(Cl)(N(C5C(C(C)C)=CC=CC=5C(C)C)=C3C3=CC=CC(C=1)=C23)N(CC)(CC)CC4,MAO,2000.0,Cc1ccccc1,303.15,1.3,0.5,106600.0,36.9,63.1,,55.013550135501355,29.318541996830426,Co,"(N,N,N)"
C1C=C(C2C=CC=CC=2)N2[Fe]3(Cl)(Cl)N(C4C(CC)=CC=CC=4CC)=C(C)C4C=CC5C=CC=1C=2C=5N=43,MMAO,500.0,Cc1ccccc1,313.15,10.0,0.5,479000.0,100.0,0.0,,100.0,,Fe,"(N,N,N)"
C1C2C=CC(C(C)C)=N3[Fe]4(Cl)(Cl)N5C(C)=CC=CC=5C=N4C(=CC=1)C=23,MMAO,2000.0,Cc1ccccc1,313.15,30.0,0.3333333333333333,340000.0,83.2,16.8,,73.2,,Fe,"(N,N,N)"
C1C=CN2[Co]3(Cl)(Cl)N4=C(C(C5C=CC=CC=5)=N3C3C(C(C)C)=CC=CC=3C(C)C)C=CC3C=CC=1C=2C=34,MMAO,1000.0,Cc1ccccc1,313.15,1.0,0.5,403000.0,97.2,2.8,,,,Co,"(N,N,N)"
C1C=CN2[Fe]3(Cl)(Cl)N4=C(C(C)=N3C3C(Cl)=CC(Cl)=CC=3Cl)C=CC3C=CC=1C=2C=34,MAO,1000.0,Cc1ccccc1,313.15,10.0,1.0,44600000.0,22.1,25.3,52.7,,,Fe,"(N,N,N)"
[P+]1([Cr](Cl)(O2CCCC2)(Cl)(Cl)[P+](C2C=CC=CC=2)(C2C=CC=CC=2)C2C=C(OC)C(OC)=CC1=2)(C1C=CC=CC=1)C1C=CC=CC=1,MAO,730.0,Cc1ccccc1,358.15,20.0,0.5,13285999.999999998,0.5,55.8,27.2,,88.6,Cr,"(O,P,P)"
C1=CC2C=N3[Ni]4(N(=CC5C=CC=CC=5O4)CCCCCCCCNC(CCN(CCCCCCCCCCCC)CCC(=O)NCCCCCCCC3)=O)OC=2C=C1,MAO,500.0,Cc1ccccc1,298.15,5.0,0.5,99000.0,81.25,9.4,7.16,,,Ni,"(N,N,O,O)"
N12C[Se+]([Ni]3(Br)(Br)(N4N(C[Se+]3C3C=CC=CC=3)C(C)=CC=4C)N1=C(C)C=C2C)C1C=CC=CC=1,MAO,2400.0,Cc1ccccc1,303.15,20.0,0.33,1472625.0,95.7,4.3,,86.9,,Ni,"(N,N,Se,Se)"
C1C=C(C2C=CC=CC=2)N2[Ni]3(Cl)(Cl)N(C4C(CC)=CC=CC=4CC)=C(C)C4C=CC5C=CC=1C=2C=5N=43,DEAC,300.0,Cc1ccccc1,303.15,10.0,0.5,6150000.0,98.7,1.3,,50.2,,Ni,"(N,N,N)"
C1(=N(C2C(C)=CC=CC=2C)[Fe]2(Cl)(Cl)N3C4C=CC=CC=4N(C)C=3C3C=CC=C1N=32)C,MMAO,500.0,Cc1ccccc1,293.15,30.0,0.5,5700000.0,35.7,28.7,16.7,,,Fe,"(N,N,N)"
C1C=CC(C2C=C(CCCC)C=C3C(C)=N([Ni](Br)(Br)N=23)C2C(C(C)C)=CC=CC=2C(C)C)=CC=1,EASC,250.0,Clc1ccccc1,303.15,1.3,0.5,2730000.0,93.0,7.0,,92.5,57.1,Ni,"(N,N)"
[Ni]1234(N(=C5C=C(NCCN(C)C)C(=O)C=C5O1)CCN2(C)C)N(C)(C)CCN3=C1C=C(NCCN(C)C)C(=O)C(O4)=C1,EADC,6.0,Clc1ccccc1,303.15,10.0,0.5833333333333334,684420.0,88.0,12.0,,,,Ni,"(N,N,N,N,O,O)"
C1C=CN2[Co]3(Cl)(Cl)N4=C(C(C)=N3C3C(CC)=CC=CC=3CC)C=CC3C=CC=1C=2C=34,MMAO,1000.0,Cc1ccccc1,293.15,1.0,0.5,234000.0,97.5,2.5,,,,Co,"(N,N,N)"
C1C=CN2[Fe]3(Cl)(Cl)N4=C(C(C)=N3C3C(C)=CC=CC=3CC)C=CC3C=CC=1C=2C=34,MMAO,500.0,Cc1ccccc1,293.15,1.0,0.5,815000.0,20.2,45.0,35.8,,,Fe,"(N,N,N)"
C1C=CC(C(C)C)=C(N2=C(C)C3N4[Co]2(Cl)(Cl)N2C5C=CC=CC=5OC=2C=4C=CC=3)C=1C(C)C,MAO,1000.0,Cc1ccccc1,293.15,10.0,0.5,68000.0,98.8,1.2,,99.0,,Co,"(N,N,N)"
C12C[P+](C(C)(C)C)(C(C)(C)C)[Ni](Br)(Br)N=1CCS2,MAO,2000.0,Cc1ccccc1,303.15,10.0,0.5,774179.9999999999,72.9,21.2,4.9,,12.2,Ni,"(N,P)"
C1C(C)=CC(C)=C(N2=C(C)C3N4[Ni]2(Br)(Br)N2C5C=CC=C(C)C=5NC=2C=4C=CC=3)C=1C,DEAC,700.0,Cc1ccccc1,313.15,10.0,0.5,4300000.0,98.5,1.5,,,,Ni,"(N,N,N)"
C1=CC(C)=N2[Fe]3(Cl)(Cl)N4C5C=CC=CC=5N(CC5C=CC=CC=5)C=4C4C=CC5=CC=C1C2=C5N=43,MMAO,1000.0,Cc1ccccc1,293.15,30.0,0.33,836999.9999999999,94.2,5.8,,81.6,,Fe,"(N,N,N)"
C1C(CO)=N2[Ni](Cl)(Cl)N(C3C(C(C)(C)C)=CC(C(C)(C)C)=CC=3C(C)(C)C)=C3CCCC(C=1)=C23,DEAC,1000.0,Cc1ccccc1,303.15,10.0,0.5,640000.0,54.8,45.2,,97.7,38.9,Ni,"(N,N)"
C1C=CC=C2N3[Ni]4(Cl[Ni]5(Cl)(N6C7C=CC=CC=7N=CC=6C6N5=CC=CC=6)Cl4)(Cl)N4=CC=CC=C4C=3C=NC=12,MAO,2000.0,Cc1ccccc1,293.15,1.0,0.5,270000.0,80.0,19.6,,100.0,0.0,Ni,"(N,N)"
C1C=CN2[Co]3(Cl)(Cl)N4=C(C(C5C=CC=CC=5)=N3C3C(C)=CC=CC=3C)C=CC3C=CC=1C=2C=34,MMAO,1000.0,Cc1ccccc1,293.15,1.0,0.5,308000.0,97.3,2.7,,,,Co,"(N,N,N)"
C1C(C)=CC2[P+](C3C=CC=CC=3)(C3C=CC=CC=3)[Ni](Br)(Br)N3C(C)(C)COC=3C=2C=1,"MAO,PPh3",1000.0,Cc1ccccc1,298.15,1.0,0.5,362000.0,91.13,7.3,,,,Ni,"(N,P)"
C1C=C(C)C2N3[Ni](Cl)(Cl)N4C5C=CC=CC=5N(C)C=4C=3C=CC=2C=1,MMAO,1000.0,Cc1ccccc1,303.15,10.0,0.33,129999.99999999999,94.1,5.9,,84.0,,Ni,"(N,N)"
C12C=CC3C=CC=N4[Ni]5(Cl)(Cl)N6C7C=CC=CC=7NC=6C(=CC=1)N5=C2C=34,DEAC,300.0,Cc1ccccc1,293.15,30.0,1.0,6170000.0,90.3,9.7,,64.2,,Ni,"(N,N,N)"
N12CCO([Ni]1(Cl)N1C=CC=C1C=2)C1C=CC=CC=1,MAO,500.0,Cc1ccccc1,303.15,20.0,0.3333333333333333,308550.0,97.7,2.3,,90.0,52.0,Ni,"(N,N,O)"
C1C=CC2[P+](C3C=CC=CC=3)(C3C=CC=CC=3)[Ni](Br)(Br)N3C(C)(C)COC=3C=2C=1,MAO,1000.0,Cc1ccccc1,298.15,20.0,0.5,627000.0,79.06,7.63,,,,Ni,"(N,P)"
N12CCO3[Cr](Cl)(Cl)(Cl)(N4=C(C)C=C(C)N4CC3)N1=C(C)C=C2C,MAO,300.0,Cc1ccccc1,353.15,20.0,0.25,1329570.0,14.1,15.6,21.0,93.8,91.2,Cr,"(N,N,O)"
C1C=CC=C([NH+]2[Cr]3(Cl)(Cl)(O4CCCC4)N4C(C(C)(C)C)=CC=C4C=N3CC2)C=1,MAO,300.0,Cc1ccccc1,353.15,20.0,0.25,92565.0,33.4,19.4,19.4,80.0,78.0,Cr,"(N,N,N,O)"
C1(=N(C2C(C)=CC=CC=2C)[Fe]2(Cl)(Cl)N3C4C=CC=CC=4N(C)C=3C3C=CC=C1N=32)C,MMAO,1000.0,Cc1ccccc1,313.15,30.0,0.5,231000.00000000003,65.5,16.3,8.7,,,Fe,"(N,N,N)"
C12C3[Fe]4567891(C1C4C5C6C71)C3C8C29[P+]([Ni]([P+](C1C=CC=CC=1)(C1C=CC=CC=1)C12C3C4C5C1[Fe]16782345C2C1C6C7C82)([C+]=O)[C+]=O)(C1C=CC=CC=1)C1C=CC=CC=1,MAO,2500.0,CCCCC,333.15,10.0,1.0,289987.29,28.0,68.0,4.0,0.0,,Fe,"(Cp,Cp); (C,C,P,P)"
CC(C)CN1[P+](C2C=CC=CC=2)(C2C=CC=CC=2)[Cr]2(Cl[Cr]3(Cl)(Cl)([P+](N(CC(C)C)[P+]3(C3C=CC=CC=3)C3C=CC=CC=3)(C3C=CC=CC=3)C3C=CC=CC=3)Cl2)(Cl)(Cl)[P+]1(C1C=CC=CC=1)C1C=CC=CC=1,MAO,800.0,Cc1ccccc1,318.15,35.0,0.5,5501600.0,,20.7,68.1,,38.5,Cr,"(P,P)"
C1C=C(C2C=CC=CC=2)N2[Co]3(Cl)(Cl)N(C4C(CC)=CC=CC=4CC)=C(C4C=CC=CC=4)C4C=CC5C=CC=1C=2C=5N=43,MAO,2000.0,Cc1ccccc1,293.15,1.0,0.5,431000.0,82.2,14.8,,98.2,,Co,"(N,N,N)"
C1C2C(=N(C3C(C)=CC=CC=3C)[Ni]3(Cl)(Cl)N=2C(C2OC4C=CC=CC=4N=23)=CC=1)C,MMAO,1000.0,Clc1ccccc1,293.15,10.0,0.5,4000.0,100.0,,,100.0,,Ni,"(N,N,N)"
C1C=CN2[Fe]3(Cl)(Cl)N4=C(C(C)=N3C3C(CC)=CC=CC=3)C=CC3C=CC=1C=2C=34,MMAO,500.0,Cc1ccccc1,293.15,1.0,0.5,910000.0,44.3,33.5,22.2,,,Fe,"(N,N,N)"
C1C=C2C3=N4[Co](Cl)(Cl)(N(C5C(C(C)C)=CC=CC=5C(C)C)=C3C3=CC=CC(C=1)=C23)N(C)(C)CC4,MAO,700.0,Cc1ccccc1,283.15,1.3,0.5,106600.0,40.2,59.8,,54.97512437810945,27.926421404682277,Co,"(N,N,N)"
C1C=CC2N3[Ni](Br)(Br)N(C4C(CC)=CC(C)=CC=4CC)=C(C(C)(C)C)C=3C=CC=2C=1,EASC,500.0,Cc1ccccc1,313.15,5.0,0.5,3900000.0,16.8,18.8,,,,Ni,"(N,N)"
CCCCCCCCCCCCN1CCC(=O)NCCCCCCCCN2[Fe]3(OC4C=CC=CC=4C=N3CCCCCCCCNC(=O)CC1)OC1=CC=CC=C1C=2,MAO,500.0,Cc1ccccc1,298.15,5.0,0.5,26200.0,52.66,16.97,16.42,,,Fe,"(N,N,O,O)"
C1(=N(C2C(C)=CC=CC=2C)[Co]2(Cl)(Cl)N3C4C=CC=CC=4N(C)C=3C3C=CC=C1N=32)C,MAO,1000.0,Cc1ccccc1,293.15,20.0,0.5,31600.0,77.8,22.2,,,,Co,"(N,N,N)"
C1C=CC2N3[Ni](Br)(Br)N(C4C(C)=CC=CC=4C)=C(C(C)(C)C)C=3C=CC=2C=1,MMAO,2500.0,Cc1ccccc1,313.15,5.0,0.75,890000.0,6.7,88.9,,,,Ni,"(N,N)"
C1C2C(=N(C3C(Cl)=CC=CC=3Cl)[Ni]3(Br)(Br)N=2C(C2OC4C=CC=CC=4N=23)=CC=1)C,DEAC,200.0,Cc1ccccc1,323.15,10.0,0.5,567000.0,94.2,5.8,,87.9,,Ni,"(N,N,N)"
C1C=C(C(C)C)C2N3[Ni](Cl)(Cl)N4C5C=CC=CC=5N(CC)C=4C=3C=CC=2C=1,DEAC,250.0,Cc1ccccc1,303.15,10.0,0.33,2340000.0,93.2,6.8,,79.3,,Ni,"(N,N)"
C1C=CC(CC)=C(N2=C(C)C3N4[Ni]2(Cl)(Cl)N2C5C=CC=C(C)C=5NC=2C=4C=CC=3)C=1CC,DEAC,700.0,Cc1ccccc1,303.15,10.0,0.5,2500000.0,99.4,0.6,,,,Ni,"(N,N,N)"
C1C2C=CC(C3CCCCC3)=N3[Co]4(Cl)(Cl)N5C=CC=CC=5C=N4C(=CC=1)C=23,MMAO,1500.0,Cc1ccccc1,293.15,30.0,0.3333333333333333,850000.0,96.7,3.3,,95.2,,Co,"(N,N,N)"
C(N1[P+](C2C=CC=CC=2)([Ni](Cl)(Cl)[P+]1(C1C=CC=CC=1)C1C=CC=CC=1)NC(C)C)(C)C,TEA,100.0,Cc1ccccc1,338.15,30.0,2.0,4401.75,72.0,11.9,16.1,0.0,,Ni,"(P,P)"
C1C=CN2[Fe]3(Cl)(Cl)N4=C(C(C)=N3C3C(Br)=CC(F)=CC=3)C=CC3C=CC=1C=2C=34,MMAO,500.0,Cc1ccccc1,293.15,1.0,0.5,924000.0000000001,43.6,42.2,14.2,,,Fe,"(N,N,N)"
C1C=CC2N3[Ni](Br)(Br)N(C4C(C(C)C)=CC=CC=4C(C)C)=C4CCCC(=CC=2C=1)C=34,TMA,300.0,Cc1ccccc1,303.15,10.0,0.75,583000.0,35.3,11.2,53.5,,,Ni,"(N,N)"
C1C=CC2N3[Ni](Cl)(Cl)N(C4C(C(C)C)=CC=CC=4C(C)C)=C4CCCC(=CC=2C=1)C=34,TMA,300.0,Cc1ccccc1,303.15,10.0,0.75,438999.99999999994,31.7,6.7,61.6,,,Ni,"(N,N)"
C1C=CN2[Ni]34(Br)([NH+](CCOC)C(C)C5C=CC=CN=53)[NH+](CCO4C)C(C)C=2C=1,MAO,1000.0,Cc1ccccc1,303.15,10.0,1.0,1880000.0,77.0,15.0,8.0,94.0,56.0,Ni,"(N,N,N,N,O)"
N12CN3C4C=CC=CC=4N=N3[Ni](Br)(Br)N1=NC1C=CC=CC2=1,DEAC,150.0,Cc1ccccc1,303.15,3.8,0.5,1991999.9999999998,93.3,6.7,,16.1,13.7,Ni,"(N,N)"
C12=[N+](C3=C(C(C)C)C=CC=C3C(C)C)C=CN1[P+](C(C)(C)C)(C(C)(C)C)[Cr]2(CC1=CC=CC=C1)(CC1=CC=CC=C1)CC1=CC=CC=C1,MAO,400.0,Clc1ccccc1,303.15,10.0,0.5833333333333334,318367.5,10.0,15.0,18.0,99.0,91.0,Cr,"(C,C,C,C,P)"
C1C=CN2[Fe]3(Cl)(Cl)N4=C(C(C)=N3C3C(C(C)C)=CC=CC=3)C=CC3C=CC=1C=2C=34,MAO,500.0,Cc1ccccc1,293.15,1.0,0.5,89300.0,57.6,31.1,11.3,,,Fe,"(N,N,N)"
C1C=CN2[Fe]3(Cl)(Cl)N4=C(C(C)=N3C3C(CC)=CC=CC=3)C=CC3C=CC=1C=2C=34,MAO,1000.0,Cc1ccccc1,313.15,10.0,1.0,17800000.0,22.6,43.4,34.0,,,Fe,"(N,N,N)"
N12CCCO([Ni](Cl)(Cl)N1=C(C)C=C2C)C1C=CC=CC=1,MAO,100.0,Cc1ccccc1,303.15,20.0,0.3333333333333333,849915.0,92.8,7.2,,78.0,24.0,Ni,"(N,O)"
[Ni]1([P+](N(C(C)C)[Si](C)(C)C[P+]1(C1C=CC=CC=1)C1C=CC=CC=1)(C1C=CC=CC=1)C1C=CC=CC=1)(Br)Br,EADC,500.0,CC1CCCCC1,333.15,10.0,0.5,4760000.0,87.9,12.1,,50.6,17.7,Ni,"(P,P)"
C1C=C(C)C2N3[Ni](Cl)(Cl)N4C5C=CC=CC=5N(CC)C=4C=3C=CC=2C=1,DEAC,250.0,Cc1ccccc1,303.15,10.0,0.33,1880000.0,93.1,6.9,,77.6,,Ni,"(N,N)"
C1C=CN2[Ni]34(Br)([NH+](CCOC)CC5C=CC=CN=53)[NH+](CCO4C)CC=2C=1,EADC,250.0,Cc1ccccc1,303.15,10.0,1.0,3320000.0,58.0,37.0,5.0,79.0,47.0,Ni,"(N,N,N,N,O)"
CCCCCCCCCCCCN1CCC(=O)NCCCCCCCCN2[Fe]3(OC4C=CC=CC=4C=N3CCCCCCCCNC(=O)CC1)OC1=CC=CC=C1C=2,MAO,500.0,CC1CCCCC1,298.15,5.0,0.5,14499.999999999998,62.53,11.23,20.17,,,Fe,"(N,N,O,O)"
C1C(CO)=N2[Ni](Cl)(Cl)N(C3C(C)=CC=CC=3C)=C3CCCC(C=1)=C23,DEAC,800.0,Cc1ccccc1,303.15,10.0,0.5,602000.0,18.9,81.0,,99.0,32.5,Ni,"(N,N)"
C(CCCC)CCCCCCCCCCCCCN1CCC(=O)NCCN2[Fe]3(N(=CC4C(O3)=CC=CC=4)CCNC(=O)CC1)OC1C=CC=CC=1C=2,MAO,500.0,C1CCCCC1,298.15,5.0,0.5,62300.000000000015,31.63,7.86,7.5,,,Fe,"(N,N,O,O)"
C1C=CN2[Cr]3(Cl)(Cl)(Cl)N4C5C=C(C(C)(C)C)C=CC=5OC=4C4C=CC5C=CC=1C=2C=5N=43,MMAO,1500.0,Cc1ccccc1,333.15,10.0,0.5,7359999.999999999,19.3,32.8,,,,Cr,"(N,N,N)"
C12[P+]([Cr]34(O=C(C)CC(C)=O3)(O=C(C)CC(C)=O4)[P+](C3C=CC=CC=3)(C3C=CC=CC=3)C1=CC(C(C)C)=CC=2)(C1C=CC=CC=1)C1C=CC=CC=1,MAO,730.0,Cc1ccccc1,358.15,20.0,0.5,1492400.0,0.6,46.4,44.1,,82.2,Cr,"(O,O,O,O,P,P)"
CCCCCCCCCCCCN1CCC(=O)NCCCCN2[Ni]3(N(=CC4C(O3)=CC=CC=4)CCCCNC(=O)CC1)OC1C=CC=CC=1C=2,MAO,300.0,Cc1ccccc1,298.15,5.0,0.5,87000.0,21.76,11.8,65.55,,,Ni,"(N,N,O,O)"
C1C=CN2[Cr]3(Cl)(Cl)(Cl)N4C5C=C(C(C)(C)C)C=CC=5OC=4C4C=CC5C=CC=1C=2C=5N=43,MMAO,1800.0,Cc1ccccc1,293.15,1.0,0.5,815000.0,62.5,18.1,,,,Cr,"(N,N,N)"
C1C2C3C=NC4C=CC=CC=4N=3[Ni]3(Cl)(Cl)N=2C(C(C)=N3C2C(C(C)C)=CC=CC=2C(C)C)=CC=1,"CC[Al](Cl)CC,PPh3",700.0,Cc1ccccc1,293.15,1.0,0.5,229999.99999999997,85.0,15.0,,,,Ni,"(N,N,N)"
C12C=CC3C=CC(C)=N4[Ni]5(Br)(Br)N6C7C=CC=CC=7N(CC7C=CC=CC=7)C=6C(=CC=1)N5=C2C=34,DEAC,1000.0,Cc1ccccc1,293.15,30.0,0.3333333333333333,3400000.0,90.2,9.8,,72.5,,Ni,"(N,N,N)"
C1(=N(C2C(C)=CC=CC=2C)[Co]2(Cl)(Cl)N3C4C=CC=CC=4N(C)C=3C3C=CC=C1N=32)C,MAO,1000.0,Cc1ccccc1,293.15,30.0,0.5,354000.0,90.0,10.0,,,,Co,"(N,N,N)"
[P+]12(C3=CC=CC=C3)CC3=N(C(CO3)(C)C)[Ni]1(N1=C(C2)OCC1(C)C)(Cl)Cl,EADC,6.0,Cc1ccccc1,303.15,10.0,0.5833333333333334,246840.0,90.0,10.0,1.0,,,Ni,"(N,N,P)"
C1(C2=N(C(CO2)(C)C)[Ni](Cl)(Cl)[P+]1(C1=CC=CC=C1)C1=CC=CC=C1)(C)C,EADC,2.0,Cc1ccccc1,303.15,10.0,0.5833333333333334,712470.0,67.0,28.0,3.0,,,Ni,"(N,P)"
C12C=CC3C=CC=N4[Ni]5(Cl)(Cl)N6C7C=CC=CC=7NC=6C(=CC=1)N5=C2C=34,MMAO,1000.0,Cc1ccccc1,293.15,30.0,0.3333333333333333,1130000.0,93.0,7.0,,59.1,,Ni,"(N,N,N)"
C1C=CC(C2C=C(CCCC)C=C3C(C)=N([Ni](Br)(Br)N=23)C2C(C(C)C)=CC=CC=2C(C)C)=CC=1,EASC,150.0,Clc1ccccc1,323.15,1.3,0.5,650000.0,87.0,13.0,,92.0,61.5,Ni,"(N,N)"
C1C=CN2[Fe]3(Cl)(Cl)N4=C(C(C)=N3C3C(CC)=CC=CC=3)C=CC3C=CC=1C=2C=34,MMAO,500.0,Cc1ccccc1,263.15,1.0,0.5,348000.0,34.6,45.4,20.0,,,Fe,"(N,N,N)"
CCCCCCCCCCCCN1CCC(=O)NCCCCN2[Co]3(OC4C=CC=CC=4C=N3CCCCNC(=O)CC1)OC1=CC=CC=C1C=2,MAO,500.0,CC1CCCCC1,298.15,5.0,0.5,48900.0,78.66,11.26,8.94,,,Co,"(N,N,O,O)"
C1C=C(C2C=CC=CC=2)N2[Ni]3(Cl)(Cl)N(C4C(C(C)C)=CC=CC=4C(C)C)=C(C4C=CC=CC=4)C4C=CC5C=CC=1C=2C=5N=43,DEAC,300.0,Cc1ccccc1,293.15,1.0,0.5,14299.999999999998,100.0,0.0,,78.5,,Ni,"(N,N,N)"
C1=CC2C=N3[Ni]4(N(=CC5C=CC=CC=5O4)CCCCNC(CCN(CCCCCCCCCCCC)CCC(=O)NCCCC3)=O)OC=2C=C1,DEAC,500.0,Cc1ccccc1,288.15,5.0,0.5,224000.00000000003,71.44,7.08,4.33,,,Ni,"(N,N,O,O)"
C1C(C)=N2[Ni](Br)(Br)N3=C(C)C=CC4C=CC(C=1)=C2C=43,MAO,500.0,Cc1ccccc1,293.15,1.0,0.5,216000.0,98.2,1.8,,,,Ni,"(N,N)"
C1C2C=CC(C(C)C)=N3[Fe]4(Cl)(Cl)N5C(C)=CC=CC=5C=N4C(=CC=1)C=23,MMAO,500.0,Cc1ccccc1,293.15,30.0,0.3333333333333333,380000.0,95.7,4.3,,95.7,,Fe,"(N,N,N)"
C1C2C=CC(C(C)C)=N3[Fe]4(Cl)(Cl)N5C(C)=CC=CC=5C=N4C(=CC=1)C=23,MMAO,2000.0,Cc1ccccc1,293.15,20.0,0.3333333333333333,610000.0,89.1,10.9,,50.7,,Fe,"(N,N,N)"
C1C=C2C3=N4[Co](Cl)(Cl)(N(C5C(C(C)C)=CC=CC=5C(C)C)=C3C3=CC=CC(C=1)=C23)N(C(C)C)(C(C)C)CC4,MAO,1200.0,Cc1ccccc1,303.15,1.3,0.5,88400.0,43.0,57.0,,58.83720930232558,29.473684210526315,Co,"(N,N,N)"
C1C=CN2[Ni]34(Br)([NH+](CCN(CC)CC)CC5C=CC=CN=53)[NH+](CCN4(CC)CC)CC=2C=1,MAO,1000.0,Cc1ccccc1,303.15,10.0,1.0,2240000.0,71.0,18.0,11.0,91.0,58.0,Ni,"(N,N,N,N,N)"
C1C=CC(CC)=C(N2[Fe]3(Cl)(Cl)N(C4C=CC=CC=4F)=C(C)C4C=CC=C(N=43)C=2C)C=1,MMAO,1000.0,Cc1ccccc1,293.15,1.0,1.0,1150000.0,9.3,,,,,Fe,"(N,N,N)"
C1C2C3C=NC4C=CC=CC=4N=3[Ni]3(Cl)(Cl)N=2C(C(C)=N3C2C(Cl)=CC=CC=2Cl)=CC=1,"CC[Al](Cl)CC,PPh3",700.0,Cc1ccccc1,293.15,1.0,0.5,150000.0,94.6,5.4,,,,Ni,"(N,N,N)"
C12C=N3[Ni]4(N(=CC5C(O4)=C(C)C=CC=5)CC3)OC=1C(C)=CC=C2,MAO,275.0,C1CCCCC1,323.15,40.0,0.5,1630000.0,19.7,9.9,9.6,81.4,65.5,Ni,"(N,N,O,O)"
N12C3C=CC=CC=3O([Ni]1(Cl)N1C=CC=C1C=2)C,MAO,250.0,Cc1ccccc1,303.15,20.0,0.3333333333333333,171105.0,100.0,0.0,,94.0,0.0,Ni,"(N,N,O)"
C1C=C2C3=N4[Co](Cl)(Cl)(N(C5C(C(C)C)=CC=CC=5C(C)C)=C3C3=CC=CC(C=1)=C23)N(CC)(CC)CC4,MAO,1200.0,Cc1ccccc1,303.15,1.3,0.5,85800.0,38.2,61.8,,53.40314136125654,28.96440129449838,Co,"(N,N,N)"
C12C=CC3C=CC(C)=N4[Ni]5(Br)(Br)N6C7C=CC=CC=7N(C(C)C)C=6C(=CC=1)N5=C2C=34,DEAC,300.0,Cc1ccccc1,293.15,30.0,0.3333333333333333,1019999.9999999999,94.4,5.6,,86.4,,Ni,"(N,N,N)"
N1([P+](C2=CC=CC=C2)(C2=CC=CC=C2)[Ni](Cl)(Cl)[P+]1(C1C=CC=CC=1)C1=CC=CC=C1)C1=CC=C(SC)C=C1,EADC,3.0,Clc1ccccc1,302.15,10.0,0.58,760155.0,58.0,36.0,5.0,,,Ni,"(P,P)"
C1C=CN2[Cr]3(Cl)(Cl)(Cl)N4C5C=C(C(C)(C)C)C=CC=5OC=4C4C=CC5C=CC=1C=2C=5N=43,MMAO,1500.0,Cc1ccccc1,333.15,1.0,0.5,1710000.0000000002,30.3,34.4,,,,Cr,"(N,N,N)"
CC(C)CN1[P+](C2C=CC=CC=2)(C2C=CC=CC=2)[Cr]2(Cl[Cr]3(Cl)(Cl)([P+](N(CC(C)C)[P+]3(C3C=CC=CC=3)C3C=CC=CC=3)(C3C=CC=CC=3)C3C=CC=CC=3)Cl2)(Cl)(Cl)[P+]1(C1C=CC=CC=1)C1C=CC=CC=1,MAO,700.0,Cc1ccccc1,318.15,45.0,0.5,8595600.0,,18.7,70.5,,36.2,Cr,"(P,P)"
C1C(C)=CC(C(C2C=CC=CC=2)C2C=CC=CC=2)=C(N2[Ni]3(Br)(Br)N(C4C(CC)=CC=CC=4CC)=C(C)C4C=CC=C(N=43)C=2C)C=1C(C1C=CC=CC=1)C1C=CC=CC=1,EASC,500.0,Cc1ccccc1,313.15,10.0,0.5,146000.0,97.8,2.2,,94.2,,Ni,"(N,N,N)"
C1=C2CP(C3C=CC=CC=3)(C3C=CC=CC=3)=O[Co]3(Cl)(Cl)N4=C(C)C=C(C)N4CC(C=C1)=N23,EADC,1000.0,Cc1ccccc1,303.15,10.0,1.0,230000.00000000003,83.0,14.0,3.0,21.0,33.0,Co,"(N,N,O)"
C1C=C(C2C=CC=CC=2)N2[Fe]3(Cl)(Cl)N(C4C(C)=CC=CC=4C)=C(C4C=CC=CC=4)C4C=CC5C=CC=1C=2C=5N=43,MAO,500.0,Cc1ccccc1,313.15,10.0,0.5,1940000.0000000002,99.2,0.8,,99.9,,Fe,"(N,N,N)"
C12C[P+](C3C=CC=CC=3)(C3C=CC=CC=3)[Ni](Cl)(Cl)N=1CCO2,EADC,6.0,Clc1ccccc1,300.65,11.0,0.5833333333333334,2210340.0,53.0,42.0,5.0,4.0,,Ni,"(N,P)"
C1C(C)=CC(C(C2C=CC=CC=2)C2C=CC=CC=2)=C(N2[Ni]3(Br)(Br)N(C4C(C)=CC(C)=CC=4C)=C(C)C4C=CC=C(N=43)C=2C)C=1C(C1C=CC=CC=1)C1C=CC=CC=1,EASC,600.0,Cc1ccccc1,298.15,10.0,0.5,24500.0,94.8,5.2,,97.3,,Ni,"(N,N,N)"
C1=CC(C)=N2[Co]3(Cl)(Cl)N4C5C=CC=CC=5N(C(C)C)C=4C4C=CC5=CC=C1C2=C5N=43,MMAO,1500.0,Cc1ccccc1,293.15,30.0,0.33,552000.0,89.2,10.8,,81.7,,Co,"(N,N,N)"
C1C=CC=C([NH+]2[Cr]3(Cl)(Cl)(O4CCCC4)N4C=CC=C4C=N3CC2)C=1,MAO,500.0,Cc1ccccc1,353.15,20.0,0.25,2123385.0,63.5,4.7,4.7,97.0,97.2,Cr,"(N,N,N,O)"
C1C=CC(C)=C(N2[Fe]3(Cl)(Cl)N(C4C=CC=CC=4F)=C(C)C4C=CC=C(N=43)C=2C)C=1,MMAO,1000.0,Cc1ccccc1,273.15,1.0,1.0,3030000.0,7.3,,,,,Fe,"(N,N,N)"
C1C=CN2[Ni](Cl)(Cl)[P+](C3C=CC=CC=3)(C3C=CC=CC=3)OC(C)(C)C=2C=1,EADC,1.3,Cc1ccccc1,303.15,10.0,0.5833333333333334,325380.0,92.0,13.0,0.1,19.0,,Ni,"(N,P)"
C1([Cr](Cl)(Cl)C2N(C=C[N+]=2C2C(C(C)C)=CC=CC=2C(C)C)P(C(C)(C)C)C(C)(C)C)=[N+](C2C(C(C)C)=CC=CC=2C(C)C)C=CN1P(C(C)(C)C)C(C)(C)C,MAO,400.0,Clc1ccccc1,303.15,10.0,0.5833333333333334,54136.5,0.0,17.0,51.0,0.0,99.0,Cr,"(C,C)"
C1=C2N([Ni]([P+](OC2)(C2=CC=CC=C2)C2=CC=CC=C2)(Cl)Cl)=CC=C1,EADC,6.0,Clc1ccccc1,300.65,10.0,0.5833333333333334,1640925.0,63.0,35.0,2.0,3.0,,Ni,"(N,P)"
P(C1[P+](C2C=CC=CC=2)(C2C=CC=CC=2)[Ni]2([P+](C(P(=O)(OC)OC)=P2(C2C=CC=CC=2)C2C=CC=CC=2)(C2C=CC=CC=2)C2C=CC=CC=2)P=1(C1C=CC=CC=1)C1C=CC=CC=1)(=O)(OC)OC,EADC,6.0,Clc1ccccc1,296.15,10.0,0.58,818639.25,93.0,7.0,1.0,10.0,2.0,Ni,"(P,P,P,P)"
N12C[Se+]([Ni]3(Br)(Br)(N4N(C[Se+]3C3C=CC=CC=3)C(C)=CC=4C)N1=C(C)C=C2C)C1C=CC=CC=1,MAO,400.0,Cc1ccccc1,323.15,20.0,0.33,1180905.0,94.8,5.2,,83.4,,Ni,"(N,N,Se,Se)"
C12C(C)=N(C3C=CC=C(I)C=3)[Fe]3(Cl)(Cl)(Cl)N=1C(C(=N3C1C=C(I)C=CC=1)C)=CC=C2,MAO,2500.0,Cc1ccccc1,333.15,10.0,1.0,6198302.433371958,34.5,41.1,13.1,98.9,55.4,Fe,"(N,N,N)"
C1N=C2C3N=CC=CC=3/C(=N3/NC(=O[Ni]4/3(/N(=C3\C5C=CC=NC=5C5N=CC=CC\3=5)/NC(C3C=CC=CC=3)=O4)(Cl)Cl)C3C=CC=CC=3)/C2=CC=1,MAO,1000.0,Cc1ccccc1,323.15,1.0,0.33,47500.0,92.6,5.7,1.7,100.0,0.0,Ni,"(N,N,O,O)"
N12CCCO([Ni](Cl)(Cl)N1=C(C)C=C2C)C1C=CC=CC=1,MAO,250.0,Cc1ccccc1,303.15,20.0,0.16666666666666666,2145825.0,91.6,8.4,,71.0,21.0,Ni,"(N,O)"
C1C=CC2[P+](C3C=CC=CC=3)(C3C=CC=CC=3)[Ni](Br)(Br)N3C(C)(C)COC=3C=2C=1,MAO,1000.0,Cc1ccccc1,298.15,1.0,1.0,98000.0,81.77,14.79,,,,Ni,"(N,P)"
C1C=CC(C)=C(N2[Ni]3(Cl)(Cl)N4C5C=CC=CC=5NC=4C4C=CC=C(N=43)C=2C)C=1C,DEAC,500.0,Cc1ccccc1,293.15,10.0,0.5,580000.0,90.3,7.0,,82.5,,Ni,"(N,N,N)"
N1(C2C(C(C)C)=CC=CC=2C(C)C)C2[Ni]3(O4CCN5C=CN(C6C(C(C)C)=CC=CC=6C(C)C)C5[Ni]4(Cl)O3CCN2C=C1)Cl,EADC,10.0,Clc1ccccc1,293.15,10.0,0.6,1115110.0,56.0,0.0,0.0,6.0,,Ni,"(C,O,O)"
C1(C(C)C)C=CC=C(C(C)C)C=1N1[Ni](Br)(Br)[P+](C(C)C)(C(C)C)OC=1C(C)(C)C,DEAC,1192.3076923076924,Cc1ccccc1,303.15,9.0,1.0,3795165.0,84.0,14.0,1.0,36.0,,Ni,"(N,P)"
C12[P+]([Cr]34(O=C(C)CC(C)=O3)(O=C(C)CC(C)=O4)[P+](C3C(COCC)=CC=CC=3)(C3C=CC=CC=3)(C3C=CC=CC=3)C1=CC(OC)=C(OC)C=2)(C1C=CC=CC=1)C1C=CC=CC=1,MAO,730.0,Cc1ccccc1,358.15,20.0,0.5,1872000.0,0.7,75.5,14.2,,89.7,Cr,"(O,O,O,O,P,P)"
N1(C2CCCC2)[P+](C2C=CC=CC=2)(C2C=CC=CC=2)[Ni](Br)(Br)[P+](C2C=CC=CC=2)(C2C=CC=CC=2)[Si]1(C)C,EADC,500.0,C1CCCCC1C,318.15,10.0,0.3333333333333333,131999999.99999999,82.3,17.7,,35.7,8.5,Ni,"(P,P)"
N12C3C=CC=CC=3O([Ni]1(Cl)N1C=CC=C1C=2)C1C=CC=CC=1,MAO,250.0,Cc1ccccc1,303.15,20.0,0.3333333333333333,412335.0,98.9,1.1,,84.0,30.0,Ni,"(N,N,O)"
C1C=CC=C(OCCN2[Co](Cl)(Cl)OC3=CC=CC=C3C=2)C=1,MAO,300.0,Cc1ccccc1,293.15,20.0,0.5,204999.99999999997,49.96,7.9,16.62,,,Co,"(N,O)"
C12C=N3[Ni]4(N(=CC5C(O4)=C(C)C=CC=5)CC3)OC=1C(C)=CC=C2,MAO,225.0,C1CCCCC1,323.15,10.0,0.5,620000.0,45.9,39.9,6.2,88.4,73.2,Ni,"(N,N,O,O)"
C1C=CN2[Cr]3(Cl)(Cl)(Cl)N4C5C=C(C(C)(C)C)C=CC=5OC=4C4C=CC5C=CC=1C=2C=5N=43,MMAO,1500.0,Cc1ccccc1,333.15,1.0,0.5,888000.0000000001,23.1,26.8,,,,Cr,"(N,N,N)"
C1CC[P+]([Cr](O2CCCC2)(Cl)(Cl)(Cl)[NH2+]1)(C1C=CC=CC=1)C1C=CC=CC=1,MAO,700.0,Cc1ccccc1,333.15,45.0,0.78,16993600.0,,34.8,55.3,,94.8,Cr,"(N,O,P)"
[Ni]1([P+](N(C2CCCC2)[Si](C)(C)C[P+]1(C1C=CC=CC=1)C1C=CC=CC=1)(C1C=CC=CC=1)C1C=CC=CC=1)(Br)Br,EADC,700.0,CC1CCCCC1,318.15,10.0,0.5,34500000.0,58.6,41.4,,26.7,6.3,Ni,"(P,P)"
C1C(C)=CC(C(C2C=CC=CC=2)C2C=CC=CC=2)=C(N2[Ni]3(Br)(Br)N(C4C(CC)=CC(C)=CC=4CC)=C(C)C4C=CC=C(N=43)C=2C)C=1C(C1C=CC=CC=1)C1C=CC=CC=1,EASC,500.0,Cc1ccccc1,313.15,10.0,0.5,28000.0,93.4,6.6,,97.2,,Ni,"(N,N,N)"
N1(/[Cr](O2CCCC2)(Cl)(Cl)(Cl)[NH+](C2C=CC=CC=2)CC/1)=C/C1SC=CC=1,MAO,300.0,Cc1ccccc1,353.15,20.0,0.25,2622675.0,63.3,19.0,6.3,99.2,99.6,Cr,"(N,N,O)"
C1C=C(C2C=CC=CC=2)N2[Cr]3(Cl)(Cl)(Cl)N4C5C=CC=CC=5SC=4C4C=CC5C=CC=1C=2C=5N=43,MMAO,1500.0,Cc1ccccc1,333.15,10.0,0.5,209000.0,62.9,19.8,,,,Cr,"(N,N,N)"
N1(C2CCCC2)[P+](C2C=CC=CC=2)(C2C=CC=CC=2)[Ni](Br)(Br)[P+](C2C=CC=CC=2)(C2C=CC=CC=2)[Si]1(C)C,EADC,500.0,C1CCCCC1C,318.15,10.0,0.16666666666666666,240000000.00000003,81.8,18.2,,35.0,8.8,Ni,"(P,P)"
C1(Cl)C=C2C3=N([Ni]4(OC2=C(Cl)C=1)OC1=C(Cl)C=C(Cl)C=C1C1=N4C2C=CC=CC=2N1C(C)C)C1C=CC=CC=1N3C(C)C,DEAC,200.0,Cc1ccccc1,293.15,30.0,0.5,8900000.0,93.6,6.4,,,,Ni,"(N,N,O,O)"
C1C=CN2[Cr]3([NH2+]C4=CC=CC5C=CC=N3C=54)(Cl)(Cl)[NH2+]C3=CC=CC=1C=23,MAO,300.0,Cc1ccccc1,353.15,20.0,0.25,1105170.0,23.8,19.3,18.2,84.9,100.0,Cr,"(N,N,N,N)"
C1C=CC(C)=C(N2[Fe]3(Cl)(Cl)N4C5C=CC=C(C)C=5NC=4C4C=CC=C(N=43)C=2C)C=1C,MMAO,200.0,Cc1ccccc1,353.15,30.0,0.5,340000.0,51.1,19.0,9.6,,,Fe,"(N,N,N)"
CCCCCCCCCCCCN(CCC(=O)NCCN1[Ni](Cl)(Cl)N2C=CC=CC=2C=1)CCC(=O)NCCN1[Ni](Cl)(Cl)N2=CC=CC=C2C=1,MAO,500.0,Cc1ccccc1,298.15,5.0,0.5,603000.0,54.41,21.52,11.62,,,Ni,"(N,N)"
C1C=CN2[Co]3(Cl)(Cl)N4=C(C(C)=N3C3C(F)=CC=CC=3F)C=CC3C=CC=1C=2C=34,MMAO,1000.0,Cc1ccccc1,293.15,1.0,0.5,166000.0,100.0,0.0,,,,Co,"(N,N,N)"
C1(C(C)C)C=CC=C(C(C)C)C=1N1[Ni](Br)(Br)[P+](C(C)C)(C(C)C)OC=1C,MMAO,209.52380952380955,Cc1ccccc1,303.15,5.0,1.0,378675.0,78.0,20.0,3.0,13.0,,Ni,"(N,P)"
P(C1[P+](C2C=CC=CC=2)(C2C=CC=CC=2)[Ni](Cl)(Cl)[P+]1(C1C=CC=CC=1)C1C=CC=CC=1)(=O)(OC)OC,MAO,200.0,Cc1ccccc1,296.15,10.0,0.58,249084.0,88.0,11.0,0.0,13.0,5.0,Ni,"(P,P)"
C1C=C(C2C=CC=CC=2)N2[Ni]3(Cl)(Cl)N(C4C(C(C)C)=CC=CC=4C(C)C)=C(C4C=CC=CC=4)C4C=CC5C=CC=1C=2C=5N=43,DEAC,300.0,Cc1ccccc1,293.15,1.0,0.5,275000.0,98.8,1.2,,27.2,,Ni,"(N,N,N)"
C1C=CC(Cl)=C(N2[Fe]3(Cl)(Cl)N4C5C=CC=C(C)C=5NC=4C4C=CC=C(N=43)C=2C)C=1Cl,MMAO,200.0,Cc1ccccc1,303.15,30.0,0.5,180000.0,39.1,25.8,13.3,,,Fe,"(N,N,N)"
N12C(C)=CC(C)=N1[Ni](Br)(Br)N(C1C=CC([N+](=O)[O-])=CC=1)=C2C1C=CC=CC=1,MAO,200.0,Cc1ccccc1,313.15,0.5,1.0,183000.0,34.7,63.1,1.9,,,Ni,"(N,N)"
C1C=CC=C(OCCN2[Ni](Cl)(Cl)OC3=CC=CC=C3C=2)C=1,MAO,300.0,C1CCCCC1,323.15,20.0,0.5,146000.0,82.32,5.84,2.95,,,Ni,"(N,O)"
[P+]1(C2C=CC=CC=2)(C2C=CC=CC=2)[Ni]2(O=P(OCC)(OCC)C(C3C=CC=CC=3)[P+]2(C2C=CC=CC=2)C2C=CC=CC=2)O=P(OCC)(OCC)C1C1C=CC=CC=1,EADC,3.0,Cc1ccccc1,296.15,10.0,0.58,11781.0,90.0,10.0,0.0,27.0,0.0,Ni,"(O,O,P,P)"
N12C(C)=CC(C)=N1[Ni]1(N3=C(C)C=C(C)N3C(C3C=CC=CC=3)=N1C1C=CC=CC=1)(Br)(Br)N(C1C=CC=CC=1)=C2C1C=CC=CC=1,MAO,400.0,Cc1ccccc1,333.15,0.5,1.0,236000.00000000003,55.7,40.2,3.6,,,Ni,"(N,N,N,N)"
C1C=C(C2C=CC=CC=2)N2[Co]3(Cl)(Cl)N(C4C(CC)=CC=CC=4CC)=C(C4C=CC=CC=4)C4C=CC5C=CC=1C=2C=5N=43,MAO,1500.0,Cc1ccccc1,293.15,1.0,0.5,542000.0,76.0,16.7,,96.1,,Co,"(N,N,N)"
N1([P+](C2=CC=CC=C2)(C2=CC=CC=C2)[Ni](Cl)(Cl)[P+]1(C1C=CC=CC=1)C1=CC=CC=C1)C1=CC=C(SC)C=C1,EADC,10.0,Clc1ccccc1,302.15,10.0,1.0,1929840.0,68.0,26.0,3.0,,,Ni,"(P,P)"
C1(C(C)C)C=CC=C(C(C)C)C=1N1[Ni](Br)(Br)[P+](C(C)(C)C)(C(C)(C)C)OC=1C,DEAC,197.9695431472081,Cc1ccccc1,273.15,5.0,1.0,61710.0,93.0,14.0,0.0,42.0,,Ni,"(N,P)"
N12C(C)=CC(C)=N1[Ni]1(N3=C(C)C=C(C)N3C(C3C=CC=CC=3)=N1C1C=CC=CC=1)(Br)(Br)N(C1C=CC=CC=1)=C2C1C=CC=CC=1,MAO,400.0,Cc1ccccc1,313.15,0.5,1.0,426999.99999999994,45.5,43.1,8.9,,,Ni,"(N,N,N,N)"
C1C=CN2[Cr]3(Cl)(Cl)(Cl)N4C5C=CC=CC=5N(CC)C=4C4C=CC5C=CC=1C=2C=5N=43,MMAO,1500.0,Cc1ccccc1,333.15,10.0,0.5,1180000.0,28.6,29.9,,,,Cr,"(N,N,N)"
C1C=C(C(C)C)C2N3[Ni](Cl)(Cl)N4C5C=CC=CC=5N(C)C=4C=3C=CC=2C=1,DEAC,250.0,Cc1ccccc1,303.15,10.0,0.33,3250000.0,93.7,6.3,,80.1,,Ni,"(N,N)"
C1C=CC(C)=C(N2[Fe]3(Cl)(Cl)(Cl)N4=C(C5N(C)C6C=CC=CC=6N=53)C=CC=C4C=2C)C=1C,MAO,100.0,Cc1ccccc1,293.15,10.0,0.5,6000.0,100.0,,,99.0,,Fe,"(N,N,N)"
C1C=CC2N3[Ni](Br)(Br)N(C4C(C)=CC(CC)=CC=4C)=C(C(C)(C)C)C=3C=CC=2C=1,EASC,500.0,Cc1ccccc1,313.15,5.0,0.5,3030000.0,16.5,20.1,,,,Ni,"(N,N)"
C1C(C)=C(N2[Ni]3(Cl)(Cl[Ni]4(Cl3)N3C5C(C(C)(C)CC=5C=CC=3Cl)=N4C3C(C)=CC=CC=3C)N3C4C=2C(C)(C)CC=4C=CC=3Cl)C(C)=CC=1,MAO,2000.0,Cc1ccccc1,303.15,10.0,0.5,4809175.9799999995,65.5,24.1,10.4,76.0,,Ni,"(N,N)"
C1=CC(C)=N2[Co]3(Cl)(Cl)N4C5C=CC=CC=5N(CC5C=CC=CC=5)C=4C4C=CC5=CC=C1C2=C5N=43,MMAO,1500.0,Cc1ccccc1,293.15,30.0,0.33,757000.0,90.2,9.8,,77.3,,Co,"(N,N,N)"
C1C=CC(C(C)C)=C(N2[Ni]3(Cl)(Cl)N4C5C=CC=CC=5NC=4C4C=CC=C(N=43)C=2C)C=1C(C)C,DEAC,300.0,Cc1ccccc1,313.15,10.0,0.5,860000.0,87.0,7.7,,78.8,,Ni,"(N,N,N)"
CCCCCCCCCCCCN1CCC(=O)NCCCCCCN2[Co]3(OC4C=CC=CC=4C=N3CCCCCCNC(=O)CC1)OC1=CC=CC=C1C=2,MAO,500.0,CC1CCCCC1,298.15,5.0,0.5,33900.0,77.95,10.13,8.42,,,Co,"(N,N,O,O)"
C1C2C=CC(C)=N3[Co]4(Cl)(Cl)N5C=CC=CC=5C=N4C(=CC=1)C=23,MMAO,750.0,Cc1ccccc1,293.15,30.0,0.3333333333333333,1550000.0,96.8,3.2,,96.1,,Co,"(N,N,N)"
Cl[Ni](Cl)([P+](C1CCCCC1)(C1CCCCC1)C1CCCCC1)[P+](C1CCCCC1)(C1CCCCC1)C1CCCCC1,EADC,6.0,Cc1ccccc1,303.15,10.0,0.5833333333333334,7629600.0,86.0,14.0,0.5,9.0,,Ni,"(P,P)"
N12[Cr](Cl)(O3CCCC3)(Cl)(OC3C(C(C)(C)C)=CC(C(C)(C)C)=CC=3C=1)N1=CC=C(C3C(C)=CC(C)=CC=3C)N1CC2,MAO,500.0,Cc1ccccc1,353.15,20.0,0.25,1029435.0,17.2,19.5,17.8,85.9,95.5,Cr,"(N,N,O,O)"
C12C=CC3C=CC(C)=N4[Ni]5(Br)(Br)N6C7C=CC=CC=7N(CC7C=CC=CC=7)C=6C(=CC=1)N5=C2C=34,MMAO,1000.0,Cc1ccccc1,293.15,30.0,0.3333333333333333,940000.0,92.4,7.6,,65.4,,Ni,"(N,N,N)"
N12C(C)=CC(C)=N1[Ni]1(N3=C(C)C=C(C)N3C(C3C=CC=CC=3)=N1C1C=CC(OC)=CC=1)(Br)(Br)N(C1C=CC(OC)=CC=1)=C2C1C=CC=CC=1,MAO,400.0,Cc1ccccc1,293.15,0.5,1.0,280000.0,28.2,43.0,24.8,,,Ni,"(N,N,N,N)"
N12[Cr](N3C(=CC=C3)C=1)(Cl)(O1CCCC1)(Cl)N1=CC=C(C3=C(C)C=C(C=C3C)C)N1CC2,MAO,300.0,Cc1ccccc1,353.15,20.0,0.25,720885.0,5.1,9.6,12.7,96.0,98.7,Cr,"(N,N,N,O)"
N1([P+](C2=CC=CC=C2)(C2=CC=CC=C2)[Ni](Cl)(Cl)[S+]=P1(C1C=CC=CC=1)C1=CC=CC=C1)C1=CC=C(SC)C=C1,EADC,3.0,Clc1ccccc1,302.15,10.0,0.58,230010.0,87.0,11.0,1.0,,,Ni,"(P,S)"
N12CN3C([H])=C([H])C(C4C=CC=CC=4)=N3[Ni](Br)(Br)N1=C(C1C=CC=CC=1)C([H])=C2[H],DEAC,150.0,Cc1ccccc1,303.15,3.8,0.5,1559999.9999999998,90.1,9.9,,34.5,19.4,Ni,"(N,N)"
C1C=CC=C2N3[Ni]4(Cl[Ni]5(Cl)(N6C7C=CC=CC=7N=CC=6C6N5=CC=CC=6)Cl4)(Cl)N4=CC=CC=C4C=3C=NC=12,MAO,3000.0,Cc1ccccc1,293.15,1.0,0.5,200000.0,83.9,16.1,,100.0,22.2,Ni,"(N,N)"
C1C=CN2[Ni](Br)(Br)N(C3C(C(C)C)=CC=CC=3C(C)C)=C(C3C=CC(OC)=CC=3)NC=2C=1,MAO,600.0,C(Cl)Cl,293.15,0.5,0.5,64515.0,76.2,23.8,0.0,,,Ni,"(N,N)"
C1=C2CP(C3C=CC=CC=3)(C3C=CC=CC=3)=O[Ni]3(Cl)(Cl)N4=C(C)C=C(C)N4CC(C=C1)=N23,EADC,250.0,Clc1ccccc1,303.15,10.0,1.0,470000.0,83.0,17.0,,19.0,,Ni,"(N,N,O)"
C1C(C)=CC(C)=C(N2=C(C)C3N4[Ni]2(Cl)(Cl)N2C5C=CC=C(C)C=5NC=2C=4C=CC=3)C=1C,DEAC,700.0,Cc1ccccc1,303.15,10.0,0.83,2500000.0,99.7,0.3,,,,Ni,"(N,N,N)"
C1C=CC2[P+](C3C=CC=CC=3)(C3C=CC=CC=3)[Ni](Br)(Br)N3C(C)(C)COC=3C=2C=1,MAO,1000.0,Cc1ccccc1,298.15,1.0,1.5,60000.0,81.88,15.7,,,,Ni,"(N,P)"
C1C=CC(C)=C(N2[Fe]3(Cl)(Cl)N(C4C=CC=CC=4F)=C(C)C4C=CC=C(N=43)C=2C)C=1,MMAO,500.0,Cc1ccccc1,293.15,1.0,1.0,1840000.0000000002,6.8,,,,,Fe,"(N,N,N)"
C1C=CC(Br)=C(N2=C(C)C3N4[Co]2(Cl)(Cl)N2C5C=CC=CC=5OC=2C=4C=CC=3)C=1Br,MAO,1000.0,Cc1ccccc1,303.15,10.0,0.5,254999.99999999997,99.4,0.6,,98.8,,Co,"(N,N,N)"
C1=CN2=C(CC[P+]([Ni]32(Cl)Cl[Ni]2(Cl)(N4=C(C=CC=C4)CC[P+]2(C2=CC=CC=C2)C2=CC=CC=C2)Cl3)(C2=CC=CC=C2)C2=CC=CC=C2)C=C1,EADC,2.0,Clc1ccccc1,300.65,10.0,0.5833333333333334,493680.0,76.0,21.0,3.0,13.0,,Ni,"(N,P)"
C1C(CO)=N2[Ni](Cl)(Cl)N(C3C(CC)=CC=CC=3CC)=C3CCCC(C=1)=C23,MMAO,5500.0,Cc1ccccc1,303.15,10.0,0.5,2079999.9999999998,13.6,86.4,,80.4,48.9,Ni,"(N,N)"
C1C=CN2[Cr]3(Cl)(Cl)(Cl)N(C4C(CC)=CC=CC=4CC)=C(C4C=CC=CC=4)C4C=CC5C=CC=1C=2C=5N=43,MAO,1500.0,Cc1ccccc1,293.15,1.0,1.0,791000.0,40.4,43.8,15.8,,,Cr,"(N,N,N)"
C1(C)(C)COC2C(C)(C)[P+](C3C=CC=CC=3)(C3C=CC=CC=3)[Ni](Cl)(Cl)N1=2,EADC,2.0,Cc1ccccc1,303.15,10.0,0.5833333333333334,712470.0,67.0,28.0,3.0,25.0,,Ni,"(N,P)"
C1C=CN2[Cr]3(Cl)(Cl)(Cl)N(C4C(CC)=CC=CC=4CC)=C(C4C=CC=CC=4)C4C=CC5C=CC=1C=2C=5N=43,TEA,500.0,Cc1ccccc1,293.15,1.0,1.0,3000.0,100.0,0.0,0.0,,,Cr,"(N,N,N)"
C1C=CN2[Fe]3(Cl)(Cl)N4=C(C(C)=N3C3C(Br)=CC(Cl)=CC=3F)C=CC3C=CC=1C=2C=34,MMAO,1000.0,Cc1ccccc1,293.15,10.0,0.5,24300000.0,31.3,31.7,37.0,,,Fe,"(N,N,N)"
C1C=CN2[Fe]3(Cl)(Cl)N4=C(C(C)=N3C3C(CC)=CC=CC=3)C=CC3C=CC=1C=2C=34,MMAO,100.0,Cc1ccccc1,293.15,1.0,0.5,49000.0,73.2,26.8,,,,Fe,"(N,N,N)"
[P+]12(C3=CC=CC=C3)CC3=N(C=CC=C3)[Ni]1(N1C(C2)=CC=CC=1)(Cl)Cl,EADC,6.0,Cc1ccccc1,303.15,10.0,0.5833333333333334,1559580.0,53.0,43.0,4.0,,,Ni,"(N,N,P)"
C1C2C3C=NC4C=CC=CC=4N=3[Ni]3(Br)(Br)N=2C(C(C)=N3C2C(C)=CC(C)=CC=2C)=CC=1,DEAC,700.0,Cc1ccccc1,293.15,10.0,0.5,220000.00000000003,77.7,22.3,,,,Ni,"(N,N,N)"
C1=CC=N2[Ni]3(Cl)(Cl)N4C5C=CC=CC=5OC=4C4C=CC5=CC=C1C2=C5N=43,DEAC,100.0,Cc1ccccc1,293.15,1.0,0.33,180000.0,94.8,5.2,,55.7,,Ni,"(N,N,N)"
C1(C(C)C)C=CC=C(C(C)C)C=1N1=C(C)C[P+]([Ni]1(Br)Br)(C(C)C)C(C)C,DEAC,200.0,Cc1ccccc1,303.15,5.0,1.0,4322342.43,88.0,12.0,0.0,40.0,,Ni,"(N,P)"
C1=CC=N2[Co]3(Cl)(Cl)N4C5C=CC=CC=5NC=4C4C=CC5=CC=C1C2=C5N=43,DEAC,1000.0,Cc1ccccc1,293.15,30.0,0.33,513000.0,98.8,1.2,,75.1,,Co,"(N,N,N)"
C1C=CC(C)=C(N2[Fe]3(Cl)(Cl)(Cl)N4=C(C5N(C)C6C=CC=CC=6N=53)C=CC=C4C=2C)C=1C,MAO,300.0,Cc1ccccc1,293.15,10.0,0.5,656000.0,17.2,15.8,,,,Fe,"(N,N,N)"
C1C=CC2N3[Ni](Br)(Br)N(C4C(C)=CC=CC=4C)=C(C(C)(C)C)C=3C=CC=2C=1,EASC,400.0,Cc1ccccc1,303.15,5.0,0.5,1330000.0,28.9,35.5,,,,Ni,"(N,N)"
C12C=CC3C=CC(C)=N4[Ni]5(Br)(Br)N6C7C=CC=CC=7NC=6C(=CC=1)N5=C2C=34,"CC[Al](Cl)CC,PPh3",300.0,Cc1ccccc1,293.15,30.0,0.3333333333333333,26700000.0,91.3,8.7,,26.7,,Ni,"(N,N,N)"
C1C(C)=CC(CC)=C(N2=C(C)C3N4[Ni]2(Cl)(Cl)N2C5C=CC=C(C)C=5NC=2C=4C=CC=3)C=1CC,DEAC,700.0,Cc1ccccc1,303.15,10.0,0.5,3500000.0,94.7,5.3,,,,Ni,"(N,N,N)"
C1C(C)=CC(C)=C(N2[Fe]3(Cl)(Cl)N4C5C=CC=C(Cl)C=5NC=4C4C=CC=C(N=43)C=2C)C=1C,MAO,250.0,Cc1ccccc1,303.15,30.0,0.5,1290000.0,39.3,20.9,11.6,,,Fe,"(N,N,N)"
C1C(C)=CC(C(C2C=CC=CC=2)C2C=CC=CC=2)=C(N2=C(C)C3N4[Ni]2(Cl)(Cl)N(C2C(C)=CC=CC=2C)=C(C)C=4C=CC=3)C=1C(C1C=CC=CC=1)C1C=CC=CC=1,EASC,300.0,Cc1ccccc1,313.15,10.0,1.0,229999.99999999997,95.2,4.8,,93.1,,Ni,"(N,N,N)"
CCCCCCCCCCCCN1CCC(=O)NCCCCN2[Ni]3(N(=CC4C(O3)=CC=CC=4)CCCCNC(=O)CC1)OC1C=CC=CC=1C=2,TEA,500.0,Cc1ccccc1,298.15,5.0,0.5,247000.0,68.3,7.65,22.05,,,Ni,"(N,N,O,O)"
[Ni]1([P+](N(C(C)C)[Si](C)(C)C[P+]1(C1C=CC=CC=1)C1C=CC=CC=1)(C1C=CC=CC=1)C1C=CC=CC=1)(Br)Br,EADC,500.0,CC1CCCCC1,303.15,10.0,0.5,5500000.0,89.0,11.1,,51.8,18.8,Ni,"(P,P)"
C1C=CN2[Fe]3(Cl)(Cl)N4=C(C(C5C=CC=CC=5)=N3C3C(C)=CC(C)=CC=3C)C=CC3C=CC=1C=2C=34,MMAO,500.0,Cc1ccccc1,293.15,1.0,0.5,800000.0,21.0,29.8,49.2,,,Fe,"(N,N,N)"
C1C=CC2N3[Ni](Br)(Br)N(C4C(C(C)C)=CC=CC=4C(C)C)=C4CCCC(=CC=2C=1)C=34,TMA,200.0,Cc1ccccc1,303.15,10.0,0.5,308000.0,40.3,6.6,53.1,,,Ni,"(N,N)"
C1C(CO)=N2[Ni](Cl)(Cl)N(C3C(C(C)(C)C)=CC(C(C)(C)C)=CC=3C(C)(C)C)=C3CCCC(C=1)=C23,MMAO,5500.0,Cc1ccccc1,303.15,10.0,0.75,550000.0,16.3,83.7,,60.7,49.5,Ni,"(N,N)"
C1C2C(=N(C3C(CC)=CC=CC=3CC)[Ni]3(Cl)(Cl)N=2C(C2OC4C=CC=CC=4N=23)=CC=1)C,DEAC,200.0,Cc1ccccc1,323.15,10.0,0.5,446000.0,97.5,2.5,,90.3,,Ni,"(N,N,N)"
C1C=C(C2C=CC=CC=2)N2[Co]3(Cl)(Cl)N(C4C(CC)=CC=CC=4CC)=C(C4C=CC=CC=4)C4C=CC5C=CC=1C=2C=5N=43,MAO,500.0,Cc1ccccc1,333.15,1.0,0.5,140999.99999999997,72.4,19.2,,97.2,,Co,"(N,N,N)"
C1C(CO)=N2[Ni](Cl)(Cl)N(C3C(C(C)(C)C)=CC(C(C)(C)C)=CC=3C(C)(C)C)=C3CCCC(C=1)=C23,MMAO,5500.0,Cc1ccccc1,323.15,10.0,0.5,1780000.0,12.5,87.5,,95.7,49.3,Ni,"(N,N)"
CCCCCCCCCCCCN1CCC(=O)NCCCCCCN2[Co]3(OC4C=CC=CC=4C=N3CCCCCCNC(=O)CC1)OC1=CC=CC=C1C=2,MAO,500.0,Cc1ccccc1,298.15,5.0,0.5,37200.0,46.76,13.68,20.74,,,Co,"(N,N,O,O)"
CCCCCCCCCCCCN1CCC(=O)NCCCCCCN2[Fe]3(OC4C=CC=CC=4C=N3CCCCCCNC(=O)CC1)OC1=CC=CC=C1C=2,MAO,500.0,Cc1ccccc1,298.15,5.0,0.5,41700.0,53.85,18.06,12.19,,,Fe,"(N,N,O,O)"
C1(Cl)C=C2C3=N([Ni]4(OC2=C(Cl)C=1)OC1=C(Cl)C=C(Cl)C=C1C1=N4C2C=CC=CC=2N1C(C)C)C1C=CC=CC=1N3C(C)C,DEAC,200.0,Cc1ccccc1,293.15,1.0,0.5,250999.99999999994,92.2,7.8,,,,Ni,"(N,N,O,O)"
C1C=CC2N3[Ni](Br)(Br)N(C4C(C)=CC=CC=4C)=C(C(C)(C)C)C=3C=CC=2C=1,MMAO,1500.0,Cc1ccccc1,303.15,5.0,0.5,1250000.0,9.1,98.1,,,,Ni,"(N,N)"
N12[Cr](Cl)(O3CCCC3)(Cl)(OC3C(C(C)(C)C)=CC(C(C)(C)C)=CC=3C=1)N1=CC=C(C3C(C)=CC(C)=CC=3C)N1CC2,MAO,500.0,Cc1ccccc1,353.15,20.0,0.5,597465.0,15.0,18.1,17.7,89.8,97.6,Cr,"(N,N,O,O)"
N1(C(C)C)[P+](C2C=CC=CC=2)(C2C=CC=CC=2)[Ni](Br)(Br)[P+](C2C=CC=CC=2)(C2C=CC=CC=2)[Si]1(C)C,EADC,500.0,C1CCCCC1C,303.15,10.0,0.5,24000000.0,86.9,13.1,,58.2,6.9,Ni,"(P,P)"
C1C=CC=C(OCCN2[Co](Cl)(Cl)OC3=CC=CC=C3C=2)C=1,MAO,900.0,Cc1ccccc1,323.15,20.0,0.5,208000.0,50.78,15.76,10.46,,,Co,"(N,O)"
N12CN3C(C)=CC(C)=N3[Ni](Br)(Br)N1=C(C)C=C2C,DEAC,150.0,Cc1ccccc1,303.15,3.8,0.5,705000.0,94.1,5.9,,47.6,27.0,Ni,"(N,N)"
CCCCCCCCCCCCN(CCC(=O)NCCCCN1[Ni](Cl)(Cl)N2C=CC=CC=2C=1)CCC(=O)NCCCCN1[Ni](Cl)(Cl)N2=CC=CC=C2C=1,MAO,500.0,Cc1ccccc1,298.15,5.0,0.5,468000.0,55.06,22.25,23.26,,,Ni,"(N,N)"
C1C=CC(C(C)C)=C(C2N3[Ni](Cl)(Cl)[P+](C4C=CC=CC=4)(C4C=CC=CC=4)CC=3C=CC=2)C=1C(C)C,EADC,2.0,Cc1ccccc1,303.15,10.0,0.5833333333333334,1245420.0,73.0,26.0,1.5,9.0,,Ni,"(N,P)"
C1C2C3C=NC4C=CC=CC=4N=3[Ni]3(Br)(Br)N=2C(C(C)=N3C2C(Cl)=CC=CC=2Cl)=CC=1,"CC[Al](Cl)CC,PPh3",700.0,Cc1ccccc1,293.15,1.0,0.5,220000.00000000003,98.7,1.3,,,,Ni,"(N,N,N)"
C1C=CN2[Cr]3(Cl)(Cl)(Cl)N(C4C(CC)=CC=CC=4CC)=C(C4C=CC=CC=4)C4C=CC5C=CC=1C=2C=5N=43,MAO,1000.0,Cc1ccccc1,333.15,10.0,1.0,5150000.0,17.6,46.3,36.1,,,Cr,"(N,N,N)"
C(CCCC)CCCCCCCCCCCCCN1CCC(=O)NCCN2[Fe]3(N(=CC4C(O3)=CC=CC=4)CCNC(=O)CC1)OC1C=CC=CC=1C=2,MAO,500.0,Cc1ccccc1,318.15,5.0,0.5,49600.0,80.11,1.59,9.66,,,Fe,"(N,N,O,O)"
C1C=C2[S+]([Cr](O3CCCC3)(Cl)(Cl)(Cl)N(C(C)(C)C)=CC2=CC=1)C1C=CC=CC=1,MAO,2000.0,Cc1ccccc1,353.15,20.0,0.25,27239355.0,15.7,18.9,17.9,,,Cr,"(N,O,S)"
C1C=CN2[Fe]3(Cl)(Cl)N4=C(C(C)=N3C3C(CC)=CC=CC=3)C=CC3C=CC=1C=2C=34,MMAO,500.0,Cc1ccccc1,333.15,1.0,0.5,413000.0,54.7,44.0,1.3,,,Fe,"(N,N,N)"
C12C(C)=N(C3C=CC=C(Br)C=3)[Fe]3(Cl)(Cl)(Cl)N=1C(C(=N3C1C=C(Br)C=CC=1)C)=CC=C2,MAO,2500.0,Cc1ccccc1,333.15,10.0,1.0,8815714.285714285,60.9,29.8,5.8,99.6,80.8,Fe,"(N,N,N)"
C12C=CC3C=CC=N4[Ni]5(Cl)(Cl)N6C7C=CC=CC=7N(C)C=6C(=CC=1)N5=C2C=34,DEAC,300.0,Cc1ccccc1,293.15,30.0,0.3333333333333333,2770000.0,96.6,3.4,,70.8,,Ni,"(N,N,N)"
C1C=CN2[Fe]3(Cl)(Cl)N4=C(C(C)=N3C3C(F)=CC(F)=CC=3F)C=CC3C=CC=1C=2C=34,MAO,1000.0,Cc1ccccc1,313.15,10.0,1.0,9930000.0,39.4,37.8,22.8,,,Fe,"(N,N,N)"
C1C=CC2N3[Ni](Cl)(Cl)N4C5C=CC=CC=5N(CC)C=4C=3C=CC=2C=1,DEAC,250.0,Cc1ccccc1,303.15,10.0,0.33,1630000.0,93.1,6.9,,82.1,,Ni,"(N,N)"
C1C(C)=N2[Ni](Br)(Br)N3=C(C)C=CC4C=CC(C=1)=C2C=43,MAO,500.0,Cc1ccccc1,293.15,1.0,0.5,216000.0,98.2,1.8,,,,Ni,"(N,N)"
C1(=N(C2C(C)=CC=CC=2C)[Fe]2(Cl)(Cl)N3C4C=CC=CC=4N(C)C=3C3C=CC=C1N=32)C,MMAO,1000.0,Cc1ccccc1,293.15,30.0,0.5,7920000.000000001,35.0,27.8,15.2,,,Fe,"(N,N,N)"
C1C=CC2N3[Co](Cl)(Cl)N4=C(C(=O)OCC)C=CC=C4C=3N(C)C=2C=1,DEAC,200.0,Cc1ccccc1,293.15,20.0,0.5,152000.0,77.9,22.1,,,,Co,"(N,N)"
C1C=CN2[Cr]3(Cl)(Cl)(Cl)N(C4C(C(C)C)=CC=CC=4C(C)C)=CC4C=CC5C=CC=1C=2C=5N=43,MAO,1000.0,Cc1ccccc1,353.15,10.0,1.0,5000000.0,30.6,40.2,29.2,,,Cr,"(N,N,N)"
C1C=CC(Br)=C(N2=C(C)C3N4[Co]2(Cl)(Cl)N2C5C=CC=CC=5OC=2C=4C=CC=3)C=1Br,MAO,1000.0,Cc1ccccc1,293.15,10.0,0.5,752000.0,100.0,0.0,,100.0,,Co,"(N,N,N)"
C1C=CC=CC=1OCCN1C=C[N+](=C1[Ni](Br)(Br)C1=[N+](C2C(C)=CC(C)=CC=2C)C=CN1CCOC1C=CC=CC=1)C1C(C)=CC(C)=CC=1C,EADC,10.0,Cc1ccccc1,295.65,10.0,0.58,358009.0,80.0,18.0,,39.0,6.0,Ni,"(C,C)"
[P+]12(C3=CC=CC=C3)CC3=N(C(CO3)(C)C)[Ni]1(N1=C(C2)OCC1(C)C)(Cl)Cl,MAO,200.0,Clc1ccccc1,303.15,10.0,0.5833333333333334,33660.0,91.0,8.0,1.0,,,Ni,"(N,N,P)"
N1(C2CCCC2)[P+](C2C=CC=CC=2)(C2C=CC=CC=2)[Ni](Br)(Br)[P+](C2C=CC=CC=2)(C2C=CC=CC=2)[Si]1(C)C,EADC,500.0,C1CCCCC1C,318.15,10.0,0.5,94000000.0,83.8,16.2,,34.4,8.0,Ni,"(P,P)"
C1=CC2C=N3[Ni]4(N(=CC5C=CC=CC=5O4)CCCCNC(CCN(CCCCCCCCCCCC)CCC(=O)NCCCC3)=O)OC=2C=C1,DEAC,500.0,Cc1ccccc1,318.15,5.0,0.5,993000.0,74.94,15.34,2.07,,,Ni,"(N,N,O,O)"
C1(=N(C2C(C)=CC=CC=2C)[Fe]2(Cl)(Cl)N3C4C=CC=CC=4N(C)C=3C3C=CC=C1N=32)C,MMAO,1000.0,Cc1ccccc1,333.15,30.0,0.5,150000.0,68.0,18.9,6.1,,,Fe,"(N,N,N)"
C1C=CN2[Cr]3(Cl)(Cl)(Cl)N(C4C(CC)=CC=CC=4CC)=C(C4C=CC=CC=4)C4C=CC5C=CC=1C=2C=5N=43,MAO,1000.0,Cc1ccccc1,353.15,10.0,1.0,11500000.0,20.9,38.6,40.5,,,Cr,"(N,N,N)"
C1C=C(C2C=CC=CC=2)N2[Ni]3(Cl)(Cl)N(C4C(C(C)C)=CC=CC=4C(C)C)=C(C4C=CC=CC=4)C4C=CC5C=CC=1C=2C=5N=43,DEAC,300.0,Cc1ccccc1,273.15,1.0,1.0,191000.0,98.4,1.6,,16.3,,Ni,"(N,N,N)"
C1C=CN2[Cr]3(Cl)(Cl)(Cl)N4C5C=CC=CC=5N(CC)C=4C4C=CC5C=CC=1C=2C=5N=43,MMAO,1500.0,Cc1ccccc1,333.15,1.0,0.5,710000.0,30.6,29.9,,,,Cr,"(N,N,N)"
C1C=CC2[P+](C3C=CC=CC=3)(C3C=CC=CC=3)[Ni](Br)(Br)N3C(CC)COC=3C=2C=1,"MAO,PPh3",1000.0,Cc1ccccc1,298.15,1.0,0.5,271000.0,91.0,5.91,,,,Ni,"(N,P)"
C1C(O)=CC2O[Ni]34OC5=CC(O)=CC=C5C=N3CCCCN4=CC=2C=1,MAO,500.0,Cc1ccccc1,298.15,7.0,0.5,199000.0,11.58,28.17,30.57,,,Ni,"(N,N,O,O)"
C1C=CN2[Co]3(Cl)(Cl)N4=C(C(C5C=CC=CC=5)=N3C3C(C(C)C)=CC=CC=3C(C)C)C=CC3C=CC=1C=2C=34,MAO,500.0,Cc1ccccc1,313.15,10.0,1.0,2340000.0,93.4,6.6,0.0,,,Co,"(N,N,N)"
C1C=C(C2C=CC=CC=2)N2[Ni]3(Cl)(Cl)N(C4C(C)=CC=CC=4C)=C(C)C4C=CC5C=CC=1C=2C=5N=43,DEAC,300.0,Cc1ccccc1,293.15,1.0,0.5,374000.0,98.0,2.0,,17.5,,Ni,"(N,N,N)"
N12CC[S+]3[Cr](Cl)(Cl)(Cl)(N4=C(C)C=C(C)N4CC3)N1=C(C)C=C2C,MAO,300.0,Cc1ccccc1,373.15,20.0,0.25,791010.0,19.1,24.0,21.1,96.2,97.4,Cr,"(N,N,S)"
N12C(C)=CC(C)=N1[Ni](Br)(Br)N(C1C=CC([N+](=O)[O-])=CC=1)=C2C1C=CC=CC=1,MAO,400.0,Cc1ccccc1,293.15,0.5,1.0,317000.0,32.2,50.3,14.7,,,Ni,"(N,N)"
C1(N(CCCC)C=C[N+]=1C1=C(C(C)C)C=CC=C1C(C)C)[Ni](C1N(CCCC)C=C[N+]=1C1=C(C(C)C)C=CC=C1C(C)C)(Br)Br,EADC,10.0,Cc1ccccc1,295.65,10.0,0.58,786446.0,80.0,18.0,,12.0,2.0,Ni,"(C,C)"
C1=CC=N2[Fe]3(Cl)(Cl)N4C5C=CC=CC=5NC=4C4C=CC5=CC=C1C2=C5N=43,MMAO,1000.0,Cc1ccccc1,293.15,10.0,0.33,572000.0,94.1,5.9,,73.8,,Fe,"(N,N,N)"
C1=C2CP(C3C=CC=CC=3)(C3C=CC=CC=3)=O[Ni]3(Br)(Br)N4=C(C)C=C(C)N4CC(C=C1)=N23,EADC,250.0,Cc1ccccc1,303.15,10.0,1.0,120000.0,100.0,0.0,0.0,0.0,0.0,Ni,"(N,N,O)"
N12CC[S+]3[Cr](Cl)(Cl)(Cl)(N4=C(C)C=C(C)N4CC3)N1=C(C)C=C2C,MAO,300.0,Cc1ccccc1,353.15,40.0,0.25,3674550.0,9.7,14.3,17.7,94.3,95.8,Cr,"(N,N,S)"
C1C=CC(C2C=C(CCCC)C=C3C(C)=N([Ni](Br)(Br)N=23)C2C(C(C)C)=CC=CC=2C(C)C)=CC=1,EASC,150.0,Clc1ccccc1,343.15,1.3,0.5,130000.00000000001,83.0,17.0,,91.6,52.9,Ni,"(N,N)"
C1C=CN2[Co]3(Cl)(Cl)N4=C(C(C)=N3C3C(C)=CC=CC=3C)C=CC3C=CC=1C=2C=34,MMAO,1000.0,Cc1ccccc1,293.15,1.0,0.5,193000.0,100.0,0.0,,,,Co,"(N,N,N)"
C1N=C2C3N=CC=CC=3/C(=N3/NC(=O[Ni]4/3(/N(=C3\C5C=CC=NC=5C5N=CC=CC\3=5)/NC(C3C=C([N+]([O-])=O)C=CC=3)=O4)(Cl)Cl)C3C=C([N+]([O-])=O)C=CC=3)/C2=CC=1,MAO,1500.0,Cc1ccccc1,303.15,1.0,0.5,11800.0,92.8,0.0,7.2,100.0,0.0,Ni,"(N,N,O,O)"
C1C2C(=O[Ni]3(Br)(Br)O=C(NC4C(CC)=CC=CC=4CC)C(=CC=1)N=23)NC1C(CC)=CC=CC=1CC,DEAC,200.0,Cc1ccccc1,293.15,10.0,0.5,7028831.779999999,98.9,1.1,0.0,72.0,,Ni,"(N,O,O)"
C1C=CC=N2[Ni]345[O+]6([Ni]789([O+]%10([Ni]%11%12%136(Br3)N3C=CC=CC=3C(=O)N%11C3C(Cl)=CC(C(F)(F)F)=CN=3[Ni]3%10(Br7)O%12C(=NC6N%13=CC(C(F)(F)F)=CC=6Cl)C6N3=CC=CC=6)C)(N3C=CC=CC=3C(=O)N8C3C(Cl)=CC(C(F)(F)F)=CN4=3)N3=CC(C(F)(F)F)=C(Cl)C=C3N=C(O59)C=12)C,MAO,1000.0,Cc1ccccc1,293.15,30.0,0.5,1610000.0000000002,96.6,2.4,,94.8,,Ni,"(N,N,O,O); (N,N,N,O,O,O)"
N12=C3C=C(NCC[NH+](C)C)C(=O)C=C3O[Ni-]1(Cl)(Cl)N(C)(C)CC2,MAO,100.0,Clc1ccccc1,303.15,10.0,0.5833333333333334,325380.0,77.0,21.0,2.0,,,Ni,"(N,N,O)"
C1C=CC=C(OCCN2[Ni](Cl)(Cl)OC3=CC=CC=C3C=2)C=1,MAO,700.0,Cc1ccccc1,323.15,20.0,0.5,193000.0,83.89,4.27,1.52,,,Ni,"(N,O)"
C1C=C2C3=N4[Co](Cl)(Cl)(N(C5C(C(C)C)=CC=CC=5C(C)C)=C3C3=CC=CC(C=1)=C23)N(C)(C)CC4,MAO,700.0,Cc1ccccc1,303.15,1.3,0.5,68900.0,41.7,58.3,,57.55395683453237,29.845626072041163,Co,"(N,N,N)"
C1C=CN2[Cr]3(Cl)(Cl)(Cl)N(C4C(CC)=CC=CC=4CC)=C(C4C=CC=CC=4)C4C=CC5C=CC=1C=2C=5N=43,MAO,1000.0,Cc1ccccc1,293.15,1.0,0.5,975000.0,60.6,24.2,15.2,,,Cr,"(N,N,N)"
C1C=CN2[Fe]3(Cl)(Cl)N4=C(C(C)=N3C3C(F)=CC(F)=CC=3F)C=CC3C=CC=1C=2C=34,MMAO,500.0,Cc1ccccc1,293.15,1.0,0.5,1080000.0,38.4,40.4,21.2,,,Fe,"(N,N,N)"
C1C2C3C=NC4C=CC=CC=4N=3[Ni]3(Br)(Br)N=2C(C(C)=N3C2C(C)=CC=CC=2C)=CC=1,"CC[Al](Cl)CC,PPh3",700.0,Cc1ccccc1,293.15,10.0,0.5,1200000.0,95.6,4.4,,,,Ni,"(N,N,N)"
C1=CC=CC=C1[P+](C1=CC=CC=C1)(C1C=CC=CC=1)[Ni]([P+](C1C=CC=CC=1)(C1=CC=CC=C1)C1C=CC=CC=1)Cl,EADC,10.0,Not_defined,285.15,1.0,0.5,201952.28999999998,69.4,25.7,4.9,0.0,,Ni,"(P,P)"
C1C(CO)=N2[Ni](Cl)(Cl)N(C3C(C(C)(C)C)=CC(C(C)(C)C)=CC=3C(C)(C)C)=C3CCCC(C=1)=C23,MMAO,5000.0,Cc1ccccc1,303.15,10.0,0.5,1830000.0,20.0,80.0,,53.6,48.9,Ni,"(N,N)"
C12C(C)(C)[P+](C3C=CC=CC=3)(C3C=CC=CC=3)[Ni](Cl)(Cl)N=1C(C)(C)CO2,EADC,6.0,Cc1ccccc1,303.15,10.0,0.5833333333333334,1287495.0,54.0,40.0,1.0,20.0,,Ni,"(N,P)"
C1=C2CP(C3C=CC=CC=3)(C3C=CC=CC=3)=O[Ni]3(Br)(Br)N4=C(C)C=C(C)N4CC(C=C1)=N23,EADC,1000.0,Cc1ccccc1,303.15,10.0,1.0,540000.0,71.0,15.0,14.0,54.0,42.0,Ni,"(N,N,O)"
C12C=N3[Ni]4(N(=CC5C(O4)=C(C)C=CC=5)CC3)OC=1C(C)=CC=C2,MAO,325.0,C1CCCCC1,323.15,10.0,0.5,560000.0,47.6,36.5,5.9,77.6,60.3,Ni,"(N,N,O,O)"
C1C=CC2N3[Ni](Br)(Br)N(C4C(C(C)C)=CC=CC=4C(C)C)=C4CCCC(=CC=2C=1)C=34,TMA,300.0,Cc1ccccc1,293.15,10.0,0.5,438000.0,33.2,9.7,57.1,,,Ni,"(N,N)"
C1C(C)=CC(C(C2C=CC=CC=2)C2C=CC=CC=2)=C(N2[Ni]3(Br)(Br)N(C4C(C)=CC(C)=CC=4C)=C(C)C4C=CC=C(N=43)C=2C)C=1C(C1C=CC=CC=1)C1C=CC=CC=1,EASC,550.0,Cc1ccccc1,298.15,10.0,0.5,39900.0,95.2,4.8,,98.4,,Ni,"(N,N,N)"
C1C(CO)=N2[Ni](Cl)(Cl)N(C3C(C(C)(C)C)=CC(C(C)(C)C)=CC=3C(C)(C)C)=C3CCCC(C=1)=C23,MMAO,4500.0,Cc1ccccc1,303.15,10.0,0.5,1680000.0,19.5,80.5,,60.8,49.6,Ni,"(N,N)"
C1C(O)=CC2O[Ni]34OC5=CC(O)=CC=C5C=N3CCCCN4=CC=2C=1,MAO,300.0,Cc1ccccc1,298.15,5.0,0.5,59100.0,7.98,27.07,30.12,,,Ni,"(N,N,O,O)"
C1C=CN2[Co]3(Cl)(Cl)N4=C(C=N3C3C(Br)=CC=CC=3Br)C=CC3C=CC=1C=2C=34,MAO,500.0,Cc1ccccc1,313.15,10.0,1.0,1019999.9999999999,96.8,3.2,0.0,,,Co,"(N,N,N)"
N1(C(C)C)[P+](C2C=CC=CC=2)(C2C=CC=CC=2)[Ni](Br)(Br)[P+](C2C=CC=CC=2)(C2C=CC=CC=2)[Si]1(C)C,EADC,500.0,C1CCCCC1C,333.15,10.0,0.5,32000000.0,86.7,13.3,,52.4,11.3,Ni,"(P,P)"
N12CC3C=CC=CN=3[Ni]3(Cl)(Cl[Ni]4(Cl)(Cl3)N3C=CC=CC=3CN3N4=C(C)C=C3C)N1=C(C)C=C2C,EADC,250.0,Cc1ccccc1,330.15,20.0,1.0,6612000.0,41.0,28.0,31.0,,,Ni,"(N,N)"
Cl[Ni](Cl)([P+](CCCC)(CCCC)CCCC)[P+](CCCC)(CCCC)CCCC,EADC,6.0,Clc1ccccc1,300.65,10.0,0.5833333333333334,2064480.0,61.0,34.0,5.0,3.0,,Ni,"(P,P)"
C12C=N3[Ni]4(N(=CC5C(O4)=C(C)C=CC=5)CC3)OC=1C(C)=CC=C2,MAO,275.0,C1CCCCC1,323.15,20.0,0.5,1320000.0,23.2,21.5,10.1,82.4,50.0,Ni,"(N,N,O,O)"
N12CC3C=CC=C4CN5N(=C(C)C=C5C)[Ni](Cl)(Cl)(N1=C(C)C=C2C)N=34,EADC,250.0,Cc1ccccc1,306.15,20.0,0.5,4172000.0,49.0,29.0,22.0,,,Ni,"(N,N,N)"
N12[Ni]3(Cl)O(CCN3=CC1=CC=C2)C1C=CC=CC=1,EASC,50.0,Cc1ccccc1,303.15,20.0,0.33,4311285.0,91.5,8.5,,58.0,17.0,Ni,"(N,N,O)"
C1(=N(C2C(Br)=CC=CC=2Br)[Fe]2(Cl)(Cl)N3C4C=CC=CC=4N(C)C=3C3C=CC=C1N=32)C,MMAO,1000.0,Cc1ccccc1,293.15,30.0,0.5,2121000.0,46.9,26.1,11.8,,,Fe,"(N,N,N)"
C1C=CN2[Fe]3(Cl)(Cl)N4=C(C(C)=N3C3C(C(C)C)=CC=CC=3)C=CC3C=CC=1C=2C=34,MMAO,500.0,Cc1ccccc1,293.15,1.0,0.5,872000.0,55.7,34.6,9.7,,,Fe,"(N,N,N)"
C1C(C)=N2[Ni](Br)(Br)N3=C(C)C=CC4C=CC(C=1)=C2C=43,MAO,1000.0,Cc1ccccc1,293.15,1.0,0.5,227999.99999999997,98.0,2.0,,,,Ni,"(N,N)"
C12CN3([H])[Ni]4(Br)(N(CCOC)([H])CC5C=CC=CN4=5)(O(C)CC3)N=1C=CC=C2,EADC,200.0,Cc1ccccc1,303.15,10.0,1.0,2379586.05,61.0,35.0,4.0,72.0,,Ni,"(N,N,N,N,O)"
C1=CC2C=N3[Ni]4(N(=CC5C=CC=CC=5O4)CCCCNC(CCN(CCCCCCCCCCCC)CCC(=O)NCCCC3)=O)OC=2C=C1,DEAC,500.0,Cc1ccccc1,308.15,10.0,0.5,2627000.0,72.42,20.77,2.61,,,Ni,"(N,N,O,O)"
C12C=N3[Cr](Cl)(Cl)(O(C4C=CC=CC=4)C4C=CC=CC=4C3)(O3CCCC3)OC1=C(C(C)(C)C)C=C(C(C)(C)C)C=2,MAO,300.0,Cc1ccccc1,353.15,20.0,0.25,617100.0,20.5,21.3,19.2,84.3,92.4,Cr,"(N,O,O,O)"
C1C=CN2[Co]3(Cl)(Cl)N4=C(C=N3C3C(CC)=CC=CC=3CC)C=CC3C=CC=1C=2C=34,MAO,500.0,Cc1ccccc1,313.15,10.0,1.0,1200000.0,97.6,1.6,0.8,,,Co,"(N,N,N)"
C1([Cr](Cl)(Cl)C2N(C=C[N+]=2C2C(C(C)C)=CC=CC=2C(C)C)P(C(C)(C)C)C(C)(C)C)=[N+](C2C(C(C)C)=CC=CC=2C(C)C)C=CN1P(C(C)(C)C)C(C)(C)C,MAO,400.0,Clc1ccccc1,353.15,10.0,0.5833333333333334,124542.0,15.0,18.0,15.0,99.0,91.0,Cr,"(C,C)"
C1C=CC2N3[Co](Cl)(Cl)N4=C(C)C=CC=C4C=3NC=2C=1,DEAC,500.0,Cc1ccccc1,293.15,20.0,0.5,258000.0,67.4,32.6,,,,Co,"(N,N)"
C1(=N(C2C(C)=CC=CC=2C)[Co]2(Cl)(Cl)N3C4C=CC=CC=4N(C)C=3C3C=CC=C1N=32)C,MAO,1000.0,Cc1ccccc1,333.15,30.0,0.5,71100.0,91.5,8.5,,,,Co,"(N,N,N)"
C1C(C)=CC(C(C2C=CC=CC=2)C2C=CC=CC=2)=C(N2=C(C)C3N4[Ni]2(Cl)(Cl)N(C2C(C)=CC(C)=CC=2C)=C(C)C=4C=CC=3)C=1C(C1C=CC=CC=1)C1C=CC=CC=1,EASC,300.0,Cc1ccccc1,313.15,10.0,0.5,202999.99999999997,95.9,4.1,,93.9,,Ni,"(N,N,N)"
C1C=CC=C(OCCN2[Co](Cl)(Cl)OC3=CC=CC=C3C=2)C=1,MAO,300.0,CCCCCC,323.15,20.0,0.5,295000.0,50.35,7.95,25.36,,,Co,"(N,O)"
N12CCO3[Cr](Cl)(Cl)(Cl)(N4=C(C)C=C(C)N4CC3)N1=C(C)C=C2C,MAO,1000.0,Cc1ccccc1,353.15,20.0,0.25,1952280.0,23.8,22.9,18.3,92.4,90.5,Cr,"(N,N,O)"
C1=CC=N2[Co]3(Cl)(Cl)N4C5C=CC=CC=5N(CC)C=4C4C=CC5=CC=C1C2=C5N=43,MMAO,1500.0,Cc1ccccc1,293.15,30.0,0.33,849000.0,90.1,9.9,,74.2,,Co,"(N,N,N)"
C1C=CC(Br)=C(N2=C(C)C3N4[Co]2(Cl)(Cl)N2C5C=CC=CC=5OC=2C=4C=CC=3)C=1Br,MAO,800.0,Cc1ccccc1,293.15,10.0,0.5,698000.0,99.6,0.4,,99.8,,Co,"(N,N,N)"
N12CC3C=CC=CN=3[Ni]3(Cl)(Cl[Ni]4(Cl)(Cl3)N3C=CC=CC=3CN3N4=C(C)C=C3C)N1=C(C)C=C2C,EADC,250.0,Cc1ccccc1,330.15,20.0,2.0,4009999.9999999995,38.0,28.0,34.0,,,Ni,"(N,N)"
[NH2+]1[Ni](Br)(Br)N2=C(C)C=C(C)N2CC1,EADC,540.0,Cc1ccccc1,303.15,10.0,0.75,7546712.340000001,57.0,43.0,0.0,0.0,,Ni,"(N,N)"
N1(/[Cr](O2CCCC2)(Cl)(Cl)(Cl)[NH+](C2C=CC=CC=2)CC/1)=C/C1SC=CC=1,MAO,300.0,Cc1ccccc1,333.15,20.0,0.25,1102365.0,58.4,17.2,5.3,84.5,86.5,Cr,"(N,N,O)"
S1C=CC=C1/C=N(\[Ni](Cl)(Cl)/N(/O)=C\C1=CC=CS1)/O,DEAC,250.0,Cc1ccccc1,318.15,20.0,1.0,939040.0000000001,76.0,24.0,0.0,99.5,,Ni,"(N,N)"
C1C=CC=C2N3[Ni]4(Br[Ni]5(Br)(N6C7C=CC=CC=7N=CC=6C6N5=CC=CC=6)Br4)(Br)N4=CC=CC=C4C=3C=NC=12,MAO,1000.0,Cc1ccccc1,293.15,1.0,0.5,200000.0,89.3,10.7,,100.0,0.0,Ni,"(N,N)"
C1C=CN2[Co]3(Cl)(Cl)N4=C(C(C)=N3C3C(Br)=CC=CC=3Br)C=CC3C=CC=1C=2C=34,MMAO,1000.0,Cc1ccccc1,293.15,1.0,0.5,418000.0,97.0,3.0,,,,Co,"(N,N,N)"
N1(C2CCCC2)[P+](C2C=CC=CC=2)(C2C=CC=CC=2)[Ni](Br)(Br)[P+](C2C=CC=CC=2)(C2C=CC=CC=2)[Si]1(C)C,EADC,500.0,C1CCCCC1C,318.15,10.0,0.5,94000000.0,83.8,16.2,,34.4,8.0,Ni,"(P,P)"
C1C=CC(C)=C(N2[Fe]3(Cl)(Cl)N4C5C=CC=C(C)C=5NC=4C4C=CC=C(N=43)C=2C)C=1C,MMAO,150.0,Cc1ccccc1,303.15,30.0,0.5,960000.0,40.0,23.0,7.5,,,Fe,"(N,N,N)"
[Ni]1([P+](N(C2C(C(C)C)=CC=CC=2C(C)C)[Si](C)(C)C[P+]1(C1C=CC=CC=1)C1C=CC=CC=1)(C1C=CC=CC=1)C1C=CC=CC=1)(Br)Br,EADC,300.0,CC1CCCCC1,318.15,10.0,0.5,8850000.0,91.3,8.7,,66.8,19.6,Ni,"(P,P)"
C1=CC=N2[Co]3(Cl)(Cl)N4C5C=C(C(C)(C)C)C=CC=5OC=4C4C=CC5=CC=C1C2=C5N=43,MMAO,1000.0,Cc1ccccc1,293.15,10.0,0.33,632000.0,78.9,21.1,,84.3,,Co,"(N,N,N)"
C1C=C(C2C=CC=CC=2)N2[Cr]3(Cl)(Cl)(Cl)N4C5C=C(C(C)(C)C)C=CC=5OC=4C4C=CC5C=CC=1C=2C=5N=43,MMAO,1500.0,Cc1ccccc1,333.15,10.0,0.5,532000.0,46.2,23.9,,,,Cr,"(N,N,N)"
N12C(C)=CC(C)=N1[Ni]1(N3=C(C)C=C(C)N3C(C3C=CC=CC=3)=N1C1C=CC=CC=1)(Br)(Br)N(C1C=CC=CC=1)=C2C1C=CC=CC=1,MAO,400.0,Cc1ccccc1,293.15,0.5,1.0,455999.99999999994,41.8,47.1,9.2,,,Ni,"(N,N,N,N)"
C1(C)N2C[S+]3[Ni](Cl)(Cl)(N4=C(C)C=C(C)N4C3)N2=C(C)C=1,DEAC,50.0,Cc1ccccc1,303.15,20.0,0.33,2215950.0,98.3,1.7,,76.3,,Ni,"(N,N,S)"
C1C=CN2[Fe]3(Cl)(Cl)N4=C(C(C)=N3C3C(C(C)C)=CC=CC=3)C=CC3C=CC=1C=2C=34,MMAO,500.0,Cc1ccccc1,293.15,1.0,0.16666666666666666,2910000.0,64.0,36.0,4.0,,,Fe,"(N,N,N)"
C1=C2CP(C3C=CC=CC=3)(C3C=CC=CC=3)=O[Fe]3(Cl)(Cl)N4=C(C)C=C(C)N4CC(C=C1)=N23,EADC,250.0,Cc1ccccc1,303.15,10.0,1.0,110000.0,94.0,6.0,,6.0,,Fe,"(N,N,O)"
N12CCN([H])([Ni]1(Cl)N1C=CC=C1C=2)C1C=CC=CC=1,MAO,250.0,Cc1ccccc1,303.15,20.0,0.3333333333333333,325380.0,97.2,2.8,,92.0,42.0,Ni,"(N,N,N)"
C1(=O[Fe]2(Cl)(Cl)N3C4C=CC=CC=4N(C)C=3C3C=CC=C1N=32)C,DEAC,200.0,Cc1ccccc1,293.15,30.0,0.5,303000.0,75.0,25.0,,,,Fe,"(N,N,O)"
C1C=CN2[Cr]3(Cl)(Cl)(Cl)N(C4C(C)=CC=CC=4C)=CC4C=CC5C=CC=1C=2C=5N=43,MAO,1000.0,Cc1ccccc1,293.15,1.0,1.0,112000.00000000001,43.0,34.6,22.4,,,Cr,"(N,N,N)"
C1C=CC=N2[Ni]3(Cl[Ni]4(Cl3)(Cl)N3C(CC(C)(C)O[P+]4(C4=CC=CC=C4)C4C=CC=CC=4)=CC=CC=3)(Cl)[P+](C3=CC=CC=C3)(C3C=CC=CC=3)OC(C)(C)CC=12,EADC,1.3,Cc1ccccc1,303.15,10.0,0.5833333333333334,591855.0,79.0,20.0,1.0,17.0,,Ni,"(N,P)"
C1C=C(C)C2N3[Ni](Cl)(Cl)N4C5C=CC=CC=5NC=4C=3C=CC=2C=1,DEAC,250.0,Cc1ccccc1,303.15,10.0,0.33,2220000.0,93.5,6.5,,84.2,,Ni,"(N,N)"
N12CN3C(C)=CC(C)=N3[Ni](Br)(Br)N1=C(C)C=C2C,EASC,150.0,Cc1ccccc1,303.15,3.8,0.5,281999.99999999994,95.7,4.3,,93.2,60.1,Ni,"(N,N)"
C1C=CC=C(OCCN2[Ni](Cl)(Cl)OC3=CC(OC)=CC=C3C=2)C=1,MAO,300.0,Cc1ccccc1,323.15,20.0,0.5,198000.0,73.07,11.28,5.46,,,Ni,"(N,O)"
N1([P+](C2=CC=CC=C2)(C2=CC=CC=C2)[Ni](Cl)(Cl)[S+]=P1(C1C=CC=CC=1)C1=CC=CC=C1)C1=CC=C(SC)C=C1,EADC,40.0,Clc1ccccc1,302.15,10.0,0.58,1890570.0,73.0,23.0,3.0,,,Ni,"(P,S)"
C1C=CC2N3[Ni](Br)(Br)N(C4C(C)=CC=CC=4C)=C(C(C)(C)C)C=3C=CC=2C=1,EASC,300.0,Cc1ccccc1,303.15,5.0,0.5,810000.0,33.2,49.0,,,,Ni,"(N,N)"
[Ni]([P+](C1CCCCC1)(C1CCCCC1)C1CCCCC1)([P+](C1CCCCC1)(C1CCCCC1)C1CCCCC1)(Cl)Cl,MAO,400.0,Cc1ccccc1,296.15,10.0,0.58,179520.0,70.0,26.0,4.0,72.0,0.0,Ni,"(P,P)"
N1(/[Cr](O2CCCC2)(Cl)(Cl)(Cl)[NH+](C2C=CC=CC=2)CC/1)=C/C1SC=CC=1,MAO,300.0,Cc1ccccc1,373.15,20.0,0.25,1758735.0,59.4,14.9,5.8,83.3,73.1,Cr,"(N,N,O)"
C1(Cl)C=C2C3=N([Ni]4(OC2=C(Cl)C=1)OC1=C(Cl)C=C(Cl)C=C1C1=N4C2C=CC=CC=2N1C(C)C)C1C=CC=CC=1N3C(C)C,DEAC,200.0,Cc1ccccc1,273.15,1.0,0.5,196000.0,95.3,4.7,,,,Ni,"(N,N,O,O)"
C1C(C)=N2[Ni](Br)(Br)N3=C(C)C=CC4C=CC(C=1)=C2C=43,MAO,500.0,Cc1ccccc1,273.15,1.0,0.5,17000.0,95.2,4.8,,,,Ni,"(N,N)"
N12C(C)=CC(C)=N1[Ni](Br)(Br)N(C1C=CC([N+](=O)[O-])=CC=1)=C2C1C=CC=CC=1,MAO,400.0,Cc1ccccc1,313.15,0.5,1.0,360000.0,16.8,63.7,13.5,,,Ni,"(N,N)"
C1C=CC2N3[Ni](Br)(Br)N(C4C([H])=CC=CC=4C(F)(F)F)=C([H])C=3C=CC=2C=1,MAO,500.0,Cc1ccccc1,308.15,2.0,0.25,15200005.719999997,90.4,9.6,0.0,56.2,,Ni,"(N,N)"
C1C=C(C2C=CC=CC=2)N2[Ni]3(Cl)(Cl)N(C4C(C(C)C)=CC=CC=4C(C)C)=C(C4C=CC=CC=4)C4C=CC5C=CC=1C=2C=5N=43,DEAC,300.0,Cc1ccccc1,293.15,1.0,0.5,588000.0,97.5,2.5,,10.6,,Ni,"(N,N,N)"
C1=C2N([Ni]([P+](C2)(C2=CC=CC=C2)C2=CC=CC=C2)(Cl)Cl)=CC=C1,EADC,4.0,Clc1ccccc1,300.65,10.0,0.5833333333333334,1309935.0,71.0,28.0,1.0,14.0,,Ni,"(N,P)"
C1C=CC(C)=C(N2[Fe]3(Cl)(Cl)(Cl)N4=C(C5N(C)C6C=CC=CC=6N=53)C=CC=C4C=2C)C=1C,MAO,700.0,Cc1ccccc1,293.15,10.0,0.5,483000.00000000006,15.7,15.8,,,,Fe,"(N,N,N)"
C1C2C3C=NC4C=CC=CC=4N=3[Ni]3(Cl)(Cl)N=2C(C(C)=N3C2C(C)=CC=CC=2C)=CC=1,DEAC,700.0,C(Cl)Cl,293.15,10.0,0.5,969999.9999999999,98.3,1.7,,,,Ni,"(N,N,N)"
C1C=CC(C2C=C(CCCC)C=C3C(C4C=CC=CC=4)=N([Ni](Br)(Br)N=23)C2C(C(C)C)=CC=CC=2C(C)C)=CC=1,EASC,150.0,Clc1ccccc1,303.15,1.3,0.5,46410000.0,88.0,12.0,,92.0,66.7,Ni,"(N,N)"
C1C=CC=C(OCCN2[Co](Cl)(Cl)OC3=CC=CC=C3C=2)C=1,MAO,300.0,Cc1ccccc1,333.15,20.0,0.5,229000.0,41.87,16.1,32.54,,,Co,"(N,O)"
C1C2C3C=NC4C=CC=CC=4N=3[Ni]3(Cl)(Cl)N=2C(C(C)=N3C2C(C)=CC=CC=2C)=CC=1,DEAC,1000.0,Cc1ccccc1,293.15,10.0,0.5,350000.0,99.0,0.0,,,,Ni,"(N,N,N)"
C1CC[P+]([Cr](O2CCCC2)(Cl)(Cl)(Cl)[NH2+]1)(C1C=CC=CC=1)C1C=CC=CC=1,MAO,700.0,Cc1ccccc1,328.15,45.0,0.78,19531200.0,,30.5,60.5,,94.1,Cr,"(N,O,P)"
C1(=N(C2C(C)=CC=CC=2C)[Fe]2(Cl)(Cl)N3C4C=CC=CC=4N(C)C=3C3C=CC=C1N=32)C,MMAO,200.0,Cc1ccccc1,293.15,30.0,0.5,180000.0,46.1,22.1,11.5,,,Fe,"(N,N,N)"
C1C=CC=C(OCCN2[Ni](Cl)(Cl)OC3=CC=CC=C3C=2)C=1,MAO,900.0,Cc1ccccc1,323.15,20.0,0.5,184000.0,84.98,3.1,1.3,,,Ni,"(N,O)"
C1C2C(=N(C3C(C)=CC=CC=3C)[Ni]3(Br)(Br)N=2C(C2OC4C=CC=CC=4N=23)=CC=1)C,DEAC,200.0,Cc1ccccc1,323.15,10.0,0.5,174000.0,97.7,2.3,,91.5,,Ni,"(N,N,N)"
C12C=CC3C=CC(C)=N4[Ni]5(Br)(Br)N6C7C=CC=CC=7N(CC7C=CC=CC=7)C=6C(=CC=1)N5=C2C=34,DEAC,800.0,Cc1ccccc1,293.15,30.0,0.5,2670000.0,90.3,9.7,,73.1,,Ni,"(N,N,N)"
[P+]1(C2C=CC=CC=2)(C2C=CC=CC=2)[Ni]2(O=P(OCC)(OCC)C(C3C=CC=CC=3)[P+]2(C2C=CC=CC=2)C2C=CC=CC=2)O=P(OCC)(OCC)C1C1C=CC=CC=1,EADC,10.0,Cc1ccccc1,296.15,10.0,0.58,1285531.5,85.0,15.0,1.0,16.0,3.0,Ni,"(O,O,P,P)"
C1C=CC=C([NH+]2[Cr]3(Cl)(Cl)(O4CCCC4)N4C=CC=C4C=N3CC2)C=1,MAO,300.0,Cc1ccccc1,353.15,20.0,0.75,485265.0,66.5,5.7,5.7,88.1,82.6,Cr,"(N,N,N,O)"
N12CC3C=CC=C4CN5N(=C(C(C)(C)C)C=C5C(C)(C)C)[Ni](Br)(Br)(N1=C(C(C)(C)C)C=C2C(C)(C)C)N=34,EADC,200.0,Cc1ccccc1,315.15,20.0,1.0,2784000.0,48.0,28.0,24.0,,,Ni,"(N,N,N)"
C1C=C(CC)C2N3[Ni](Cl)(Cl)N4C5C=CC=CC=5N(C(C)C)C=4C=3C=CC=2C=1,DEAC,250.0,Cc1ccccc1,303.15,10.0,0.33,1670000.0,94.0,6.0,,88.0,,Ni,"(N,N)"
[Ni]12(N(CC(C)(C)C)=C3C=C(NCC(C)(C)C)C(=O)C=C3O1)N(CC(C)(C)C)=C1C=C(NCC(C)(C)C)C(=O)C=C1O2,EADC,10.0,Clc1ccccc1,303.15,10.0,0.5833333333333334,1262250.0,51.0,43.0,,,,Ni,"(N,N,O,O)"
N12=C3C=C(NCC[NH+](C)C)C(=O)C=C3O[Ni-]1(Cl)(Cl)N(C)(C)CC2,MAO,200.0,Clc1ccccc1,303.15,10.0,0.5833333333333334,451605.0,71.0,24.0,5.0,,,Ni,"(N,N,O)"
C12C=CC3C=CC(C)=N4[Ni]5(Cl)(Cl)N6C7C=CC=CC=7N(CC)C=6C(=CC=1)N5=C2C=34,DEAC,300.0,Cc1ccccc1,293.15,30.0,0.3333333333333333,970000.0000000001,95.9,4.1,,86.2,,Ni,"(N,N,N)"
C12C=CC3C=CC=N4[Ni]5(Cl)(Cl)N6C7C=CC=CC=7NC=6C(=CC=1)N5=C2C=34,DEAC,300.0,Cc1ccccc1,313.15,30.0,0.3333333333333333,10090000.0,89.1,10.9,,46.1,,Ni,"(N,N,N)"
C1C=CC(Br)=C(N2=C(C)C3N4[Co]2(Cl)(Cl)N2C5C=CC=CC=5OC=2C=4C=CC=3)C=1Br,MAO,1000.0,Cc1ccccc1,323.15,10.0,0.5,5000.0,100.0,0.0,,100.0,,Co,"(N,N,N)"
C1C2C3C=NC4C=CC=CC=4N=3[Ni]3(Br)(Br)N=2C(C(C)=N3C2C(F)=CC=CC=2F)=CC=1,DEAC,700.0,Cc1ccccc1,293.15,10.0,0.5,229999.99999999997,98.5,1.5,,,,Ni,"(N,N,N)"
CCCCCCCCCCCCN1CCC(=O)NCCCCN2[Co]3(OC4C=CC=CC=4C=N3CCCCNC(=O)CC1)OC1=CC=CC=C1C=2,MAO,500.0,Cc1ccccc1,298.15,5.0,0.5,66900.0,40.47,10.91,16.77,,,Co,"(N,N,O,O)"
C1C=C(C)C2N3[Ni](Cl)(Cl)N4C5C=CC=CC=5N(C)C=4C=3C=CC=2C=1,EASC,200.0,Cc1ccccc1,303.15,10.0,0.33,1610000.0,93.7,6.3,,80.1,,Ni,"(N,N)"
N12CN3C(C)=C(C(C)(C)C)C(C)=N3[Ni](Br)(Br)N1=C(C)C(C(C)(C)C)=C2C,DEAC,150.0,Cc1ccccc1,303.15,3.8,0.5,1629000.0,90.0,9.4,,28.5,18.1,Ni,"(N,N)"
C1C=CN2[Fe]3(Cl)(Cl)N4=C(C(C)=N3C3C(Cl)=CC(Cl)=CC=3Cl)C=CC3C=CC=1C=2C=34,MMAO,1000.0,Cc1ccccc1,293.15,10.0,0.5,29800000.0,14.9,21.3,63.8,,,Fe,"(N,N,N)"
C1C=CN2[Fe]3(Cl)(Cl)N4=C(C(C)=N3C3C(C(C)C)=CC=CC=3)C=CC3C=CC=1C=2C=34,EADC,750.0,Cc1ccccc1,293.15,1.0,0.5,79000.0,100.0,,,99.0,,Fe,"(N,N,N)"
C1C=CC2N3[Ni](Br)(Br)N(C4C(C)=CC=CC=4C)=C(CCCC)C=3C=CC=2C=1,MMAO,2500.0,Cc1ccccc1,313.15,5.0,0.5,1749724.97,7.8,88.4,3.8,0.0,,Ni,"(N,N)"
C12C=N3[Ni]4(N(=CC5C(O4)=C(C(C)(C)C)C=CC=5)CC3)OC=1C(C(C)(C)C)=CC=C2,MAO,275.0,C1CCCCC1,323.15,20.0,0.5,750000.0,51.2,24.0,9.7,72.5,30.2,Ni,"(N,N,O,O)"
CCCCCCCCCCCCN1CCC(=O)NCCN2[Co]3(OC4C=CC=CC=4C=N3CCNC(=O)CC1)OC1=CC=CC=C1C=2,MAO,500.0,Clc1ccccc1,298.15,5.0,0.5,282400.0,71.75,5.47,2.27,,,Co,"(N,N,O,O)"
C1C2C3C=NC4C=CC=CC=4N=3[Ni]3(Cl)(Cl)N=2C(C(C)=N3C2C(C)=CC=CC=2C)=CC=1,DEAC,700.0,Cc1ccccc1,303.15,10.0,0.5,160000.0,97.5,2.5,,,,Ni,"(N,N,N)"
C1=CC=N2[Fe]3(Cl)(Cl)N4C5C=CC=CC=5OC=4C4C=CC5=CC=C1C2=C5N=43,MMAO,800.0,Cc1ccccc1,273.15,1.0,0.33,71900.0,84.5,15.5,,65.4,,Fe,"(N,N,N)"
C12C=N3[Ni]4(N(=CC5C(O4)=C(C)C=CC=5)CC3)OC=1C(C)=CC=C2,MAO,275.0,C1CCCCC1,343.15,10.0,0.5,570000.0,30.4,29.2,8.3,79.3,70.1,Ni,"(N,N,O,O)"
C12[P+]([Cr]34(O=C(C)CC(C)=O3)(O=C(C)CC(C)=O4)[P+](C3C=CC=CC=3)(C3C=CC=CC=3)C1=CC(C)=C(C)C=2)(C1C=CC=CC=1)C1C=CC=CC=1,MAO,730.0,Cc1ccccc1,358.15,20.0,0.5,1242800.0,0.6,48.5,42.5,,82.8,Cr,"(O,O,O,O,P,P)"
C12C=CC3C=CC=N4[Ni]5(Cl)(Cl)N6C7C=CC=CC=7NC=6C(=CC=1)N5=C2C=34,TEA,1000.0,Cc1ccccc1,293.15,30.0,0.3333333333333333,1220000.0,91.9,8.1,,61.2,,Ni,"(N,N,N)"
C1C(CO)=N2[Ni](Cl)(Cl)N(C3C(C(C)(C)C)=CC(C(C)(C)C)=CC=3C(C)(C)C)=C3CCCC(C=1)=C23,DEAC,400.0,Cc1ccccc1,303.15,10.0,0.5,382000.0,79.1,20.9,,97.3,41.4,Ni,"(N,N)"
C1C=C(C)N2[Ni](Cl)(Cl)[P+](C3C=CC=CC=3)(C3C=CC=CC=3)OC(C)(C)C=2C=1,EADC,1.3,Cc1ccccc1,303.15,10.0,0.5833333333333334,653565.0,80.0,20.0,,15.0,,Ni,"(N,P)"
C1=CC2C=N3[Ni]4(N(=CC5C=CC=CC=5O4)CCCCNC(CCN(CCCCCCCCCCCC)CCC(=O)NCCCC3)=O)OC=2C=C1,MAO,500.0,Cc1ccccc1,298.15,5.0,0.5,192000.0,53.02,11.62,32.43,,,Ni,"(N,N,O,O)"
C1C=CN2[Ni]345([OH+]CC[NH+]3CC3C=CC=CN=34)[NH+](CC[OH+]5)CC=2C=1,EADC,200.0,Clc1ccccc1,303.15,10.0,1.0,3460000.0,73.0,16.0,11.0,52.0,48.0,Ni,"(N,N,N,N,O,O)"
C1C=CC2[P+](C3C=CC=CC=3)(C3C=CC=CC=3)[Ni](Br)(Br)N3C(C)(C)COC=3C=2C=1,DEAC,50.0,Cc1ccccc1,298.15,1.0,0.5,666000.0,74.21,18.4,,,,Ni,"(N,P)"
C1C=CC(CC)=C(N2[Ni]3(Cl)(Cl)N4C5C=CC=CC=5NC=4C4C=CC=C(N=43)C=2C)C=1CC,DEAC,300.0,Cc1ccccc1,313.15,10.0,0.5,1430000.0,91.5,6.1,,87.4,,Ni,"(N,N,N)"
C1C=CN2[Cr]3(Cl)(Cl)(Cl)N(C4C(Cl)=CC=CC=4Cl)=C(C)C4C=CC5C=CC=1C=2C=5N=43,MAO,1000.0,Cc1ccccc1,353.15,10.0,1.0,1720000.0,40.5,35.2,24.3,,,Cr,"(N,N,N)"
C12C=CC3C=CC=N4[Ni]5(Cl)(Cl)N6C7C=CC=CC=7NC=6C(=CC=1)N5=C2C=34,MAO,1000.0,Cc1ccccc1,293.15,30.0,0.3333333333333333,920000.0000000001,93.7,6.3,,54.4,,Ni,"(N,N,N)"
CCCCCCCCCCCCN1CCC(=O)NCCN2[Ni]3(N(=CC4C(O3)=CC=CC=4)CCNC(=O)CC1)OC1C=CC=CC=1C=2,MAO,700.0,Cc1ccccc1,298.15,5.0,0.5,234000.0,54.87,11.52,31.75,,,Ni,"(N,N,O,O)"
C1C(CCCC)=CC=C(S(N2[P+]([Ni](Br)(Br)[P+]2(C2C=CC=CC=2)C2C=CC=CC=2)(C2C=CC=CC=2)C2C=CC=CC=2)(=O)=O)C=1,MAO,300.0,Cc1ccccc1,318.15,30.0,1.0,821660.0,92.4,6.6,1.0,57.7,,Ni,"(P,P)"
C12C[P+](C3C=CC=CC=3)(C3C=CC=CC=3)[Ni](Cl)(Cl)N=1CCS2,MAO,2000.0,Cc1ccccc1,303.15,10.0,0.5,1660560.0,89.1,10.2,0.6,,13.8,Ni,"(N,P)"
C1C(C)=CC(C(C2C=CC=CC=2)C2C=CC=CC=2)=C(N2[Ni]3(Br)(Br)N(C4C(C)=CC(C)=CC=4C)=C(C)C4C=CC=C(N=43)C=2C)C=1C(C1C=CC=CC=1)C1C=CC=CC=1,MMAO,1000.0,Cc1ccccc1,298.15,10.0,0.5,42900.0,98.5,1.5,,98.5,,Ni,"(N,N,N)"
C1C2C(=N(C3C(C)=CC=CC=3C)[Ni]3(Cl)(Cl)N=2C(C2OC4C=CC=CC=4N=23)=CC=1)C,DEAC,200.0,Cc1ccccc1,323.15,10.0,0.5,369000.0,98.0,2.0,,93.6,,Ni,"(N,N,N)"
C1C=C2O(C)[Cr]34N5(P6N(C(C)(C)C)P(N6C(C)(C)C)N3C3C(OC)=CC=CC=3)C3C(O(C)[Cr]65N(C5C(OC)=CC=CC=5)P5N(C(C)(C)C)P(N5C(C)(C)C)N46C2=CC=1)=CC=CC=3,MAO,500.0,Cc1ccccc1,343.15,35.0,0.5,19900000.0,,25.0,23.0,,,Cr,"(N,N,N,O)"
CCCCCCCCCCCCN1CCC(=O)NCCN2[Ni]3(N(=CC4C(O3)=CC=CC=4)CCNC(=O)CC1)OC1C=CC=CC=1C=2,MAO,500.0,Cc1ccccc1,298.15,7.0,0.5,239000.0,65.57,10.34,21.06,,,Ni,"(N,N,O,O)"
C1=C[N+]2C(N3C=C[N+](CCOC)=C3[Ni](O([H])[H])(O([H])[H])C=2N1CCOC)(C1=C(C)C=C(C)C=C1C)C1=C(C)C=C(C)C=C1C,EADC,10.0,Clc1ccccc1,293.15,10.0,0.6,974253.9999999999,75.0,22.0,3.0,7.0,,Ni,"(C,C,O,O)"
C1C=CN2[Cr]3(Cl)(Cl)(Cl)N4C5C=C(C(C)(C)C)C=CC=5OC=4C4C=CC5C=CC=1C=2C=5N=43,MMAO,1500.0,Cc1ccccc1,313.15,10.0,0.5,5250000.0,20.5,35.1,,,,Cr,"(N,N,N)"
C1C=CC(C)=C(N2[Fe]3(Cl)(Cl)N(C4C=CC(F)=CC=4F)=C(C)C4C=CC=C(N=43)C=2C)C=1,MMAO,1000.0,Cc1ccccc1,293.15,1.0,1.0,610000.0,28.9,,,,,Fe,"(N,N,N)"
C1(C2=N(C(CO2)(C)C)[Ni](Cl)(Cl)[P+]1(C1=CC=CC=C1)C1=CC=CC=C1)(C)C,EADC,6.0,Cc1ccccc1,303.15,10.0,0.5833333333333334,1287495.0,54.0,40.0,1.0,,,Ni,"(N,P)"
C1C(C)=CC(C(C2C=CC=CC=2)C2C=CC=CC=2)=C(N2=C(C)C3N4[Ni]2(Cl)(Cl)N(C2C(C(C)C)=CC=CC=2C(C)C)=C(C)C=4C=CC=3)C=1C(C1C=CC=CC=1)C1C=CC=CC=1,EASC,300.0,Cc1ccccc1,313.15,10.0,0.5,101000.0,95.0,5.0,,87.1,,Ni,"(N,N,N)"
N12=C3C=C(NCC[NH+](C)C)C(=O)C=C3O[Ni-]1(Cl)(Cl)N(C)(C)CC2,EADC,10.0,Clc1ccccc1,303.15,10.0,0.5833333333333334,1352010.0,76.0,23.0,,,,Ni,"(N,N,O)"
C1C2C3C=NC4C=CC=CC=4N=3[Ni]3(Cl)(Cl)N=2C(C(C)=N3C2C(C)=CC=CC=2C)=CC=1,DEAC,700.0,CCCCCCC,293.15,10.0,0.5,370000.0,99.2,0.8,,,,Ni,"(N,N,N)"
N12[Cr](Cl)(O3CCCC3)(Cl)(OC3C(C(C)(C)C)=CC(C(C)(C)C)=CC=3C=1)N1=C(C3C(C)=CC(C)=CC=3C)C=CN1CC2,MAO,300.0,Cc1ccccc1,353.15,20.0,0.25,305745.0,17.5,18.9,17.2,81.4,90.9,Cr,"(N,N,O,O)"
C1C=CC2N3[Ni](Br)(Br)N(C4C(CC)=CC(C)=CC=4CC)=C4CCCC(=CC=2C=1)C=34,TMA,300.0,Cc1ccccc1,303.15,10.0,0.5,722000.0,40.2,6.3,53.5,,,Ni,"(N,N)"
C1([Ni](C2N(CCOC)C=C[N+]=2C2=C(C)C=C(C)C=C2C)([OH2+])[OH2+])=[N+](C2=C(C)C=C(C)C=C2C)C=CN1CCOC,EADC,10.0,Clc1ccccc1,295.65,10.0,0.58,974253.9999999999,75.0,22.0,,7.0,1.0,Ni,"(C,C,O,O)"
C1C2C3C=NC4C=CC=CC=4N=3[Ni]3(Br)(Br)N=2C(C(C)=N3C2C(C)=CC=CC=2C)=CC=1,DEAC,700.0,Cc1ccccc1,293.15,20.0,0.5,850000.0,87.5,12.5,,,,Ni,"(N,N,N)"
C1C=CN2[Fe]3(Cl)(Cl)N4=C(C(C)=N3C3C(Br)=CC(Br)=CC=3)C=CC3C=CC=1C=2C=34,MMAO,500.0,Cc1ccccc1,293.15,1.0,0.5,263000.0,29.3,61.2,9.5,,,Fe,"(N,N,N)"
C1(=N(C2C(C)=CC=CC=2C)[Co]2(Cl)(Cl)N3C4C=CC=CC=4N(C)C=3C3C=CC=C1N=32)C,DEAC,200.0,Cc1ccccc1,293.15,30.0,0.5,69900.0,85.0,15.0,,,,Co,"(N,N,N)"
C1C=CC2N3[Ni]4(N(C5C(CC)=CC=CC=5CC)=C(C)C5NC6C=CC=CC=6N=54)(Br)(Br)N(C4C(CC)=CC=CC=4CC)=C(C)C=3NC=2C=1,MAO,1500.0,Cc1ccccc1,288.15,1.0,0.5,186000.0,12.44,18.6,13.16,,,Ni,"(N,N,N,N)"
C12C=N3[Ni]4(N(=CC5C(O4)=C(C)C=CC=5)CC3)OC=1C(C)=CC=C2,MAO,275.0,C1CCCCC1,323.15,40.0,0.5,1630000.0,19.7,9.9,9.6,81.4,65.5,Ni,"(N,N,O,O)"
C12C=CC3C=CC(C)=N4[Ni]5(Br)(Br)N6C7C=CC=CC=7N(CC7C=CC=CC=7)C=6C(=CC=1)N5=C2C=34,DEAC,800.0,Cc1ccccc1,293.15,10.0,0.3333333333333333,750000.0,92.9,7.1,,63.1,,Ni,"(N,N,N)"
C12C(C)=N(C3C=C(Br)C=C(Br)C=3)[Fe]3(Cl)(Cl)(Cl)N=1C(C(=N3C1C=C(Br)C=C(Br)C=1)C)=CC=C2,MAO,2500.0,Cc1ccccc1,333.15,10.0,1.0,16928955.223880596,53.1,29.4,8.7,99.3,76.4,Fe,"(N,N,N)"
C1C=CC2N3[Ni](Cl)(Cl)N(C4C(C)=CC=CC=4C)=C4CCCC(=CC=2C=1)C=34,TMA,300.0,Cc1ccccc1,303.15,10.0,0.5,650000.0,43.9,13.5,42.6,,,Ni,"(N,N)"
C1C=CN2[Cr]3(Cl)(Cl)(Cl)N(C4C(CC)=CC=CC=4CC)=CC4C=CC5C=CC=1C=2C=5N=43,MAO,1000.0,Cc1ccccc1,353.15,10.0,1.0,4290000.0,18.3,45.3,36.4,,,Cr,"(N,N,N)"
C12C=CC3C=CC(C)=N4[Ni]5(Br)(Br)N6C7C=CC=CC=7N(CC7C=CC=CC=7)C=6C(=CC=1)N5=C2C=34,TEA,1000.0,Cc1ccccc1,293.15,30.0,0.3333333333333333,1010000.0,91.3,8.7,,68.4,,Ni,"(N,N,N)"
N12CN3C([H])=C([H])C(C4C=CC=CC=4)=N3[Ni](Br)(Br)N1=C(C1C=CC=CC=1)C([H])=C2[H],EASC,150.0,Cc1ccccc1,303.15,3.8,0.5,606000.0,89.0,10.2,,38.3,20.6,Ni,"(N,N)"
C1C=CN2[Ni]34(Br)([NH+](CCOC)CC5C=CC=CN=53)[NH+](CCO4C)CC=2C=1,EADC,200.0,Cc1ccccc1,303.15,20.0,1.0,3340000.0,64.0,33.0,3.0,78.0,53.0,Ni,"(N,N,N,N,O)"
C1C2C=CC(C(C)C)=N3[Co]4(Cl)(Cl)N5C=CC=CC=5C=N4C(=CC=1)C=23,MMAO,1500.0,Cc1ccccc1,293.15,30.0,0.3333333333333333,1510000.0,96.2,3.8,,95.2,,Co,"(N,N,N)"
C1C=CN2[Co]3(Cl)(Cl)N4=C(C=N3C3C(Br)=CC=CC=3Br)C=CC3C=CC=1C=2C=34,MMAO,1000.0,Cc1ccccc1,293.15,1.0,0.5,323000.0,99.4,0.6,,,,Co,"(N,N,N)"
C12C=CC3C=CC=N4[Ni]5(Cl)(Cl)N6C7C=CC=CC=7N(C)C=6C(=CC=1)N5=C2C=34,"CC[Al](Cl)CC,PPh3",300.0,Cc1ccccc1,293.15,30.0,0.3333333333333333,39500000.0,91.8,8.2,,12.1,,Ni,"(N,N,N)"
C1C=C2C3=N4[Co](Cl)(Cl)(N(C5C(C(C)C)=CC=CC=5C(C)C)=C3C3=CC=CC(C=1)=C23)N(C)(C)CC4,MAO,700.0,Cc1ccccc1,323.15,1.3,0.5,9100.0,51.8,48.2,,68.91891891891893,31.742738589211616,Co,"(N,N,N)"
[Ni]1([P+](N(C2CCCC2)[Si](C)(C)C[P+]1(C1C=CC=CC=1)C1C=CC=CC=1)(C1C=CC=CC=1)C1C=CC=CC=1)(Br)Br,EADC,500.0,CC1CCCCC1,303.15,10.0,0.5,22800000.0,77.0,23.0,,41.5,10.5,Ni,"(P,P)"
N12CN3C=CC=N3[Ni](Br)(Br)N1=CC=C2,DEAC,150.0,Cc1ccccc1,303.15,3.8,0.5,657000.0,94.2,5.6,,50.3,27.5,Ni,"(N,N)"
C1C=CC2N3[Ni](Br)(Br)N(C4C(C(C)C)=CC=CC=4C(C)C)=C4CCCC(=CC=2C=1)C=34,TMA,400.0,Cc1ccccc1,303.15,10.0,0.5,404000.0,32.2,13.3,54.5,,,Ni,"(N,N)"
C12CO[P+](C3C=CC=CC=3)(C3C=CC=CC=3)[Ni](Cl)(Cl)N=1C=CC=C2,MAO,2000.0,Cc1ccccc1,303.15,10.0,0.5,1495065.0,81.8,15.5,2.3,,14.6,Ni,"(N,P)"
C1C=CC(Br)=C(N2=C(C)C3N4[Co]2(Cl)(Cl)N2C5C=CC=CC=5OC=2C=4C=CC=3)C=1Br,MAO,200.0,Cc1ccccc1,293.15,10.0,0.5,345000.0,98.6,1.4,,100.0,,Co,"(N,N,N)"
C1(=N(C2C(CC)=CC=CC=2CC)[Fe]2(Cl)(Cl)N3C4C=CC=CC=4N(C)C=3C3C=CC=C1N=32)C,MAO,1000.0,Cc1ccccc1,293.15,30.0,0.5,7380000.0,41.7,23.6,13.0,,,Fe,"(N,N,N)"
C1C=CN2[Fe]3(Cl)(Cl)N4=C(C(C5C=CC=CC=5)=N3C3C(C)=CC(C)=CC=3C)C=CC3C=CC=1C=2C=34,MMAO,1000.0,Cc1ccccc1,293.15,10.0,0.5,19700000.0,13.3,15.9,70.8,,,Fe,"(N,N,N)"
C12C=CC3C=CC(C)=N4[Ni]5(Cl)(Cl)N6C7C=CC=CC=7N(CC7C=CC=CC=7)C=6C(=CC=1)N5=C2C=34,DEAC,300.0,Cc1ccccc1,293.15,30.0,0.3333333333333333,1220000.0,95.0,5.0,,84.2,,Ni,"(N,N,N)"
C1C=C(C2C=CC=CC=2)N2[Co]3(Cl)(Cl)N(C4C(C)=CC=CC=4C)=C(C4C=CC=CC=4)C4C=CC5C=CC=1C=2C=5N=43,MAO,500.0,Cc1ccccc1,303.15,10.0,0.5,4900000.0,84.5,13.4,,99.8,,Co,"(N,N,N)"
[P+]12(C3=CC=CC=C3)CC3=N(C(CO3)(C)C)[Ni]1(N1=C(C2)OCC1(C)C)(Cl)Cl,EADC,10.0,Cc1ccccc1,303.15,10.0,0.5833333333333334,1057485.0,76.0,23.0,1.0,,,Ni,"(N,N,P)"
[P+]12(C3=CC=CC=C3)CC3=N(C=CC=C3)[Ni]1(N1C(C2)=CC=CC=1)(Cl)Cl,EADC,10.0,Cc1ccccc1,303.15,10.0,0.5833333333333334,1733490.0,54.0,42.0,4.0,,,Ni,"(N,N,P)"
C(CCCC)CCCCCCCCCCCCCN1CCC(=O)NCCN2[Fe]3(N(=CC4C(O3)=CC=CC=4)CCNC(=O)CC1)OC1C=CC=CC=1C=2,MAO,500.0,Cc1ccccc1,298.15,7.0,0.5,86300.00000000001,70.04,8.38,14.29,,,Fe,"(N,N,O,O)"
C12C[P+](C3C=CC=CC=3)(C3C=CC=CC=3)[Ni](Br)(Br)N=1CCO2,MAO,2000.0,Cc1ccccc1,303.15,10.0,0.5,1806420.0000000002,69.7,25.6,4.1,,14.8,Ni,"(N,P)"
C1(=N(C2C(C)=CC=CC=2C)[Fe]2(Cl)(Cl)N3C4C=CC=CC=4N(C)C=3C3C=CC=C1N=32)C,MMAO,1000.0,Cc1ccccc1,293.15,10.0,0.5,1200000.0,38.5,14.9,11.6,,,Fe,"(N,N,N)"
N12C[Se+]([Ni]3(Br)(Br)(N4N(C[Se+]3C3C=CC(Cl)=CC=3)C(C)=CC=4C)N1=C(C)C=C2C)C1C=CC(Cl)=CC=1,MAO,400.0,Cc1ccccc1,303.15,20.0,0.33,541365.0,95.9,4.1,,91.8,,Ni,"(N,N,Se,Se)"
N12CN3C=CC=N3[Ni]3(Br)(Br)(N4=CC=CN4CN4N3=CC=C4)N1=CC=C2,EASC,150.0,Cc1ccccc1,303.15,3.8,0.5,3720000.0,89.8,10.2,,15.0,21.3,Ni,"(N,N,N,N)"
C1C=CC(C)=C(N2[Fe]3(Cl)(Cl)N4C5C=CC=C(C)C=5NC=4C4C=CC=C(N=43)C=2C)C=1C,MMAO,1000.0,Cc1ccccc1,303.15,30.0,0.5,180000.0,49.5,12.6,6.3,,,Fe,"(N,N,N)"
C1C2C(=N(C3C(C(C)C)=CC=CC=3C(C)C)[Ni]3(Cl)(Cl)N=2C(C2OC4C=CC=CC=4N=23)=CC=1)C,DEAC,200.0,Clc1ccccc2,303.15,10.0,0.5,552000.0,96.2,3.8,,89.8,,Ni,"(N,N,N)"
N1(=C(C2C=CC=CC=2)[P+](C(C)C)(C(C)C)[Cr]231(OC(C(CCCC)CC)=O2)OC(C(CCCC)CC)=O3)C1=C(C(C)C)C=CC=C1C(C)C,MMAO-3A,500.0,"CC1CCCCC1,ZnEt2",333.15,40.0,2.88,41444000.0,0.0,97.3,0.6,,99.9,Cr,"(N,O,O,O,O,P)"
C1C=CC2[P+](C3C=CC=CC=3)(C3C=CC=CC=3)[Ni](Br)(Br)N3C(C4C=CC=CC=4)COC=3C=2C=1,"MAO,PPh3",1000.0,Cc1ccccc1,298.15,1.0,0.5,1120000.0,79.32,19.01,,,,Ni,"(N,P)"
C1(=O[Fe]2(Cl)(Cl)N3C4C=CC=CC=4N(C)C=3C3C=CC=C1N=32)C,DEAC,100.0,Cc1ccccc1,293.15,20.0,0.5,206000.0,66.2,33.8,,,,Fe,"(N,N,O)"
C1(C)(C)COC2C(C)(C)[P+](C3C=CC=CC=3)(C3C=CC=CC=3)[Ni](Cl)(Cl)N1=2,MAO,800.0,Cc1ccccc1,303.15,10.0,0.5833333333333334,221595.0,72.0,23.0,5.0,38.0,,Ni,"(N,P)"
[Ni]123(Br[Ni]4(N(C5C=CC(C)=CC=5C)=C(C)C(C)=N4C4C=CC(C)=CC=4C)(Br1)Br2)N(C1C(C)=CC(C)=CC=1)=C(C)C(C)=N3C1C(C)=CC(C)=CC=1,DEAC,150.0,Cc1ccccc1,303.15,3.0,0.5,824887.949999999,,,,,,Ni,"(N,N)"
C1C(CO)=N2[Ni](Cl)(Cl)N(C3C(C)=CC=CC=3C)=C3CCCC(C=1)=C23,MMAO,5500.0,Cc1ccccc1,303.15,10.0,0.5,2150000.0,13.9,86.1,,88.5,49.6,Ni,"(N,N)"
N1(C2CCCC2)[P+](C2C=CC=CC=2)(C2C=CC=CC=2)[Ni](Br)(Br)[P+](C2C=CC=CC=2)(C2C=CC=CC=2)[Si]1(C)C,EADC,700.0,C1CCCCC1C,318.15,10.0,0.5,108000000.0,82.2,17.8,,33.2,7.3,Ni,"(P,P)"
C1(C)N2CN3(CCCC)[Ni](Cl)(Cl)(N4=C(C)C=C(C)N4C3)N2=C(C)C=1,DEAC,250.0,Cc1ccccc1,303.15,20.0,0.33,2513280.0,98.4,1.6,,72.0,,Ni,"(N,N,N)"
C1C(C)=CC(C(C2C=CC=CC=2)C2C=CC=CC=2)=C(N2[Ni]3(Br)(Br)N(C4C(C)=CC(C)=CC=4C)=C(C)C4C=CC=C(N=43)C=2C)C=1C(C1C=CC=CC=1)C1C=CC=CC=1,EASC,500.0,Cc1ccccc1,313.15,10.0,1.0,75000.0,95.2,4.8,,94.9,,Ni,"(N,N,N)"
C1=C2CP(C3C=CC=CC=3)(C3C=CC=CC=3)=O[Ni]3(Br)(Br)N4=C(C)C=C(C)N4CC(C=C1)=N23,EADC,100.0,Cc1ccccc1,303.15,10.0,1.0,200000.0,98.0,2.0,,9.0,,Ni,"(N,N,O)"
C1C=CC2N3[Ni](Br)(Br)N(C4C(C)=CC=CC=4C)=C(C(C)(C)C)C=3C=CC=2C=1,EASC,500.0,Cc1ccccc1,313.15,10.0,0.5,3910000.0,18.7,26.0,,,,Ni,"(N,N)"
C1C=CC=C2N3[Ni]4(Br[Ni]5(Br)(N6C7C=CC=CC=7N=CC=6C6N5=CC=CC=6)Br4)(Br)N4=CC=CC=C4C=3C=NC=12,MAO,500.0,Cc1ccccc1,293.15,1.0,0.5,170000.0,100.0,0.0,,100.0,,Ni,"(N,N)"
C1C=CN2[Ni](Cl)(Cl)[P+](C3C=CC=CC=3)(C3C=CC=CC=3)OC(C)(C)C=2C=1,EADC,6.0,Cc1ccccc1,303.15,10.0,0.5833333333333334,1225785.0,64.0,33.0,3.0,5.0,,Ni,"(N,P)"
C1C=C2C3=N4[Co](Cl)(Cl)(N(C5C(C(C)C)=CC=CC=5C(C)C)=C3C3=CC=CC(C=1)=C23)N(CC)(CC)CC4,MAO,300.0,Cc1ccccc1,303.15,1.3,0.5,29900.000000000004,50.6,49.4,,62.055335968379445,29.959514170040485,Co,"(N,N,N)"
C1C2C3=N([Ni]4(Cl)(Cl)/N(=C\C5C=CC=CC=5Br)/C5=CC=CC(C=1)=C5N=24)C1C=CC=CC=1N3CC,DEAC,207.0,Cc1ccccc1,293.15,10.0,0.3333333333333333,2700000.0,94.0,6.0,,83.1,,Ni,"(N,N,N)"
C1C=CC2[P+](C3C=CC=CC=3)(C3C=CC=CC=3)[Ni](Br)(Br)N3C(C4C=CC=CC=4)COC=3C=2C=1,MAO,1000.0,Cc1ccccc1,298.15,20.0,0.5,799000.0,90.21,4.36,,,,Ni,"(N,P)"
[P+]1(C2C=CC=CC=2)(C2C=CC=CC=2)[Ni]2(O=P(OCC)(OCC)C(C3C=CC=CC=3)[P+]2(C2C=CC=CC=2)C2C=CC=CC=2)O=P(OCC)(OCC)C1C1C=CC=CC=1,MAO,400.0,Cc1ccccc1,296.15,10.0,0.58,218509.5,83.0,15.0,2.0,45.0,9.0,Ni,"(O,O,P,P)"
C1C(C)=CC(C)=C(N2=C(C)C3N4[Ni]2(Br)(Br)N2C5C=CC=C(C)C=5NC=2C=4C=CC=3)C=1C,DEAC,700.0,Cc1ccccc1,293.15,10.0,0.5,3100000.0,97.9,2.1,,,,Ni,"(N,N,N)"
[Ni]1234(N(=C5C=C(NCCN([H])CC)C(=O)C=C5O1)CCN2([H])CC)N([H])(CC)CCN3=C1C=C(NCCN(CC)[H])C(=O)C(O4)=C1,MAO,200.0,Clc1ccccc1,303.15,10.0,0.5833333333333334,207570.0,86.0,12.0,2.0,,,Ni,"(N,N,N,N,O,O)"
C1=C2CP(C3C=CC=CC=3)(C3C=CC=CC=3)=O[Co]3(Cl)(Cl)N4=C(C5C=CC=CC=5)C=C(C5C=CC=CC=5)N4CC(C=C1)=N23,EADC,250.0,Clc1ccccc1,303.15,10.0,1.0,280000.0,84.0,16.0,,17.0,,Co,"(N,N,O)"
C12C=CC3C=CC(C)=N4[Ni]5(Cl)(Cl)N6C7C=CC=CC=7N(C)C=6C(=CC=1)N5=C2C=34,DEAC,300.0,Cc1ccccc1,293.15,30.0,0.3333333333333333,1060000.0,93.4,6.6,,85.7,,Ni,"(N,N,N)"
C1C=CC2N3[Ni](Br)(Br)N(C4C(C)=CC=CC=4C)=C(C(C)(C)C)C=3C=CC=2C=1,EASC,500.0,Cc1ccccc1,313.15,5.0,0.25,5990000.0,16.8,18.1,,,,Ni,"(N,N)"
C1C=CC(C(OCC)=O)=N2[Ni](Br)(Br)N(C3C(Br)=CC=CC=3Br)=C(C)C=12,MAO,1000.0,Cc1ccccc1,273.15,1.0,0.5,78100.0,75.0,7.15,,,,Ni,"(N,N)"
N12CN3C=CC=N3[Ni]3(Br)(Br)(N4=CC=CN4CN4N3=CC=C4)N1=CC=C2,DEAC,150.0,Cc1ccccc1,303.15,3.8,0.5,3165000.0,92.9,7.1,,11.1,12.7,Ni,"(N,N,N,N)"
C1C(C)=CC(C(C2C=CC=CC=2)C2C=CC=CC=2)=C(N2=C(C)C3N4[Ni]2(Cl)(Cl)N(C2C(C)=CC=CC=2C)=C(C)C=4C=CC=3)C=1C(C1C=CC=CC=1)C1C=CC=CC=1,EASC,300.0,Cc1ccccc1,313.15,10.0,0.25,790000.0,94.6,5.4,,91.7,,Ni,"(N,N,N)"
C1([Ni](C2N(CCCC)C=C[N+]=2C2=C(C(C)C)C=CC=C2C(C)C)([OH2+])[OH2+])=[N+](C2=C(C(C)C)C=CC=C2C(C)C)C=CN1CCCC,EADC,10.0,Clc1ccccc1,303.15,10.0,0.58,839267.0,62.0,35.0,,3.0,1.0,Ni,"(C,C,O,O)"
C1C2C3C=NC4C=CC=CC=4N=3[Ni]3(Br)(Br)N=2C(C(C)=N3C2C(C(C)C)=CC=CC=2C(C)C)=CC=1,DEAC,700.0,Cc1ccccc1,293.15,10.0,0.5,519999.99999999994,97.4,3.6,,,,Ni,"(N,N,N)"
C1C=CC2[P+](C3C=CC=CC=3)(C3C=CC=CC=3)[Ni](Br)(Br)N3C(C)(C)COC=3C=2C=1,DEAC,100.0,Cc1ccccc1,298.15,1.0,0.5,272000.0,80.71,12.61,,,,Ni,"(N,P)"
C1=CC=N2[Fe]3(Cl)(Cl)N4C5C=CC=CC=5OC=4C4C=CC5=CC=C1C2=C5N=43,MMAO,800.0,Cc1ccccc1,293.15,10.0,0.33,1893000.0,85.1,14.9,,80.3,,Fe,"(N,N,N)"
C1C=CC(C2C=C(CCCC)C=C3C(C)=N([Ni](Br)(Br)N=23)C2C(C(C)C)=CC=CC=2C(C)C)=CC=1,MAO,150.0,Clc1ccccc1,303.15,1.3,0.5,389999.99999999994,84.0,16.0,,92.9,62.5,Ni,"(N,N)"
C1C=CC2N3[Ni](Cl)(Cl)N4C5C=CC=CC=5N(C(C)C)C=4C=3C=CC=2C=1,DEAC,250.0,Cc1ccccc1,303.15,10.0,0.33,1550000.0,93.2,6.8,,79.2,,Ni,"(N,N)"
C1C=CC2N3[Ni](Cl)(Cl)N(C4C(C(C)C)=CC=CC=4C(C)C)=C4CCCC(=CC=2C=1)C=34,TMA,300.0,Cc1ccccc1,303.15,10.0,0.5,495000.00000000006,41.1,15.3,43.6,,,Ni,"(N,N)"
C1C2C=CC(C(C)C)=N3[Fe]4(Cl)(Cl)N5C(C)=CC=CC=5C=N4C(=CC=1)C=23,MMAO,2500.0,Cc1ccccc1,293.15,30.0,0.3333333333333333,1039999.9999999999,98.3,1.7,,89.9,,Fe,"(N,N,N)"
N12[Ni]3(Cl)O(CCN3=CC1=CC=C2)C1C=CC=CC=1,EASC,250.0,Cc1ccccc1,303.15,20.0,0.33,765765.0,97.4,2.6,,85.0,33.0,Ni,"(N,N,O)"
[Ni]1234(N(=C5C=C(NCCOC)C(=O)C=C5O1)CCO2C)O(C)CCN3=C1C=C(NCCOC)C(=O)C(O4)=C1,MAO,200.0,Clc1ccccc1,303.15,10.0,0.5833333333333334,288915.0,82.0,17.0,1.0,,,Ni,"(N,N,O,O,O,O)"
C1C(Br)=N2[Ni](Br)(Br)N3=C(C)C=C(C)N3C2=CC=1,MAO,1000.0,Cc1ccccc1,304.65,5.0,1.0,500000.0,91.0,6.0,2.0,81.0,51.0,Ni,"(N,N)"
C1C=CC(C)=C(N2[Fe]3(Cl)(Cl)N4C5C=CC=C(C)C=5NC=4C4C=CC=C(N=43)C=2C)C=1C,MAO,1000.0,Cc1ccccc1,303.15,30.0,0.5,70000.0,44.5,9.6,29.3,,,Fe,"(N,N,N)"
C1C=CN2[Ni]34(Br)([NH+](CCOC)CC5C=CC=CN=53)[NH+](CCO4C)CC=2C=1,EADC,300.0,Cc1ccccc1,303.15,10.0,1.0,2680000.0,57.0,38.0,5.0,82.0,51.0,Ni,"(N,N,N,N,O)"
C1C=CC2[P+](C3C=CC=CC=3)(C3C=CC=CC=3)[Ni](Br)(Br)N3C(C)(C)COC=3C=2C=1,MAO,1000.0,Cc1ccccc1,313.15,1.0,0.5,54000.0,98.48,1.52,,,,Ni,"(N,P)"
C12[P+]([Cr]34(O=C(C)CC(C)=O3)(O=C(C)CC(C)=O4)[P+](C3C=CC=CC=3)(C3C=CC=CC=3)C1=CC(OC)=C(OC)C=2)(C1C=CC=CC=1)C1C=CC=CC=1,MAO,730.0,Cc1ccccc1,358.15,20.0,0.5,4342000.0,0.6,58.4,30.5,,87.7,Cr,"(O,O,O,O,P,P)"
C1C=CC=N2[Ni]345[O+]6([Ni]789([O+]%10([Ni]%11%12%136(Br3)N3C=CC=CC=3C(=O)N%11C3C(Br)=CC(Br)=CN=3[Ni]3%10(Br7)O%12C(=NC6N%13=CC(Br)=CC=6Br)C6N3=CC=CC=6)C)(N3C=CC=CC=3C(=O)N8C3C(Br)=CC(Br)=CN4=3)N3=CC(Br)=C(Br)C=C3N=C(O59)C=12)C,MAO,1000.0,Cc1ccccc1,293.15,30.0,0.5,1960000.0000000005,95.8,4.2,,92.8,,Ni,"(N,N,O,O); (N,N,N,O,O,O)"
C1C(C)=CC(C(C2C=CC=CC=2)C2C=CC=CC=2)=C(N2=C(C)C3N4[Ni]2(Cl)(Cl)N(C2C(C)=CC=CC=2C)=C(C)C=4C=CC=3)C=1C(C1C=CC=CC=1)C1C=CC=CC=1,EASC,300.0,Cc1ccccc1,298.15,10.0,0.5,156000.0,97.1,2.9,,96.5,,Ni,"(N,N,N)"
C1=CN2=C(CC[P+]([Ni]32(Cl)Cl[Ni]2(Cl)(N4=C(C=CC=C4)CC[P+]2(C2=CC=CC=C2)C2=CC=CC=C2)Cl3)(C2=CC=CC=C2)C2=CC=CC=C2)C=C1,EADC,4.0,Clc1ccccc1,300.65,10.0,0.5833333333333334,2193510.0,52.0,44.0,4.0,3.0,,Ni,"(N,P)"
C1CC[P+]([Cr](O2CCCC2)(Cl)(Cl)(Cl)[NH2+]1)(C1C=CC=CC=1)C1C=CC=CC=1,MAO,700.0,Cc1ccccc1,323.15,40.0,0.78,18418400.0,,28.8,62.3,,93.5,Cr,"(N,O,P)"
C1(=N(C2C(Cl)=CC=CC=2Cl)[Fe]2(Cl)(Cl)N3C4C=CC=CC=4N(C)C=3C3C=CC=C1N=32)C,MMAO,1000.0,Cc1ccccc1,293.15,30.0,0.5,3870000.0000000005,28.2,26.4,18.5,,,Fe,"(N,N,N)"
C1C=CN2[Fe]3(Cl)(Cl)N4=C(C=N3C3C(C)=CC=CC=3)C=CC3C=CC=1C=2C=34,MMAO,500.0,Cc1ccccc1,293.15,1.0,0.5,861000.0,35.7,49.8,14.5,,,Fe,"(N,N,N)"
[Ni]([P+](C1CCCCC1)(C1CCCCC1)C1CCCCC1)([P+](C1CCCCC1)(C1CCCCC1)C1CCCCC1)(Cl)Cl,EADC,6.0,Cc1ccccc1,296.15,10.0,0.58,1621290.0,59.0,34.0,34.0,11.0,0.0,Ni,"(P,P)"
N12[Ni]3(Cl)O(CCN3=CC1=CC=C2)C1C=CC=CC=1,EASC,500.0,Cc1ccccc1,303.15,20.0,0.33,308550.0,97.7,2.3,,90.0,52.0,Ni,"(N,N,O)"
C1C=CN2[Cr]3(Cl)(Cl)(Cl)N4C5C=C(C(C)(C)C)C=CC=5OC=4C4C=CC5C=CC=1C=2C=5N=43,MMAO,1500.0,Cc1ccccc1,353.15,10.0,0.5,1890000.0,55.1,29.2,,,,Cr,"(N,N,N)"
C12C=N3[Ni]4(N(=CC5C(O4)=C(C(C)(C)C)C=CC=5)CC3)OC=1C(C(C)(C)C)=CC=C2,MAO,275.0,C1CCCCC1,323.15,40.0,0.5,930000.0000000001,54.9,23.1,8.2,76.3,51.2,Ni,"(N,N,O,O)"
C1C=CC=C(OCCN2[Ni](Cl)(Cl)OC3=CC=CC=C3C=2)C=1,MAO,300.0,Cc1ccccc1,323.15,10.0,0.5,157000.0,78.4,8.61,5.15,,,Ni,"(N,O)"
C1CC[P+]([Cr](O2CCCC2)(Cl)(Cl)(Cl)[NH2+]1)(C1C=CC=CC=1)C1C=CC=CC=1,MAO,600.0,C1CCCCC1,318.15,45.0,0.78,15418000.000000002,,24.9,67.2,,92.3,Cr,"(N,O,P)"
C12C=CC3C=CC(C)=N4[Ni]5(Cl)(Cl)N6C7C=CC=CC=7NC=6C(=CC=1)N5=C2C=34,DEAC,300.0,Cc1ccccc1,293.15,30.0,0.3333333333333333,2330000.0,92.3,7.7,,90.5,,Ni,"(N,N,N)"
C1C=C2C3=N4[Co](Cl)(Cl)(N(C5C(C(C)C)=CC=CC=5C(C)C)=C3C3=CC=CC(C=1)=C23)N(CC)(CC)CC4,MAO,700.0,Cc1ccccc1,323.15,1.3,0.5,26000.0,52.8,47.2,,65.71969696969698,31.144067796610166,Co,"(N,N,N)"
C1C=CC(C)=C(N2[Ni]3(Cl)(Cl)N4C5C=CC=CC=5NC=4C4C=CC=C(N=43)C=2C)C=1C,DEAC,300.0,Cc1ccccc1,313.15,10.0,0.5,1590000.0,88.3,9.3,,80.9,,Ni,"(N,N,N)"
C1C=CC(Cl)=C(N2[Ni]3(Br)(Br)N4C5C=CC=CC=5NC=4C4C=CC=C(N=43)C=2C)C=1Cl,DEAC,300.0,Cc1ccccc1,313.15,10.0,0.5,3210000.0,91.3,6.4,,81.5,,Ni,"(N,N,N)"
C1C=CC2N3[Ni](Cl)(Cl)N(C4C(CC)=CC=CC=4CC)=C4CCCC(=CC=2C=1)C=34,TMA,300.0,Cc1ccccc1,303.15,10.0,0.5,531000.0,46.4,6.6,47.0,,,Ni,"(N,N)"
C1=CC=N2[Co]3(Cl)(Cl)N4C5C=CC=CC=5N(C(C)C)C=4C4C=CC5=CC=C1C2=C5N=43,MMAO,1500.0,Cc1ccccc1,293.15,30.0,0.33,861000.0,91.2,8.8,,75.7,,Co,"(N,N,N)"
C1C=C(C2C=CC=CC=2)N2[Ni]3(Cl)(Cl)N(C4C(CC)=CC=CC=4CC)=C(C)C4C=CC5C=CC=1C=2C=5N=43,DEAC,300.0,Cc1ccccc1,293.15,1.0,1.0,467000.0,97.0,3.0,,5.8,,Ni,"(N,N,N)"
C1C=CN2[Fe]3(Cl)(Cl)N4=C(C(C)=N3C3C(CC)=CC=CC=3)C=CC3C=CC=1C=2C=34,MMAO,1500.0,Cc1ccccc1,293.15,1.0,0.5,638000.0,53.2,27.6,19.2,,,Fe,"(N,N,N)"
N1(=C(C2C=CC=CC=2)[P+](C2=C(OC)C=CC=C2)(C2=C(OC)C=CC=C2)[Cr]231(OC(C(CCCC)CC)=O2)OC(C(CCCC)CC)=O3)C1=C(C(C)C)C=CC=C1C(C)C,MMAO-3A,500.0,"CC1CCCCC1,ZnEt2",333.15,45.0,2.8,3536000.0,0.2,57.4,40.1,100.0,98.5,Cr,"(N,O,O,O,O,P)"
N12CCCO([Ni](Cl)(Cl)N1=C(C)C=C2C)C1C=CC=CC=1,MAO,250.0,Cc1ccccc1,323.15,20.0,0.3333333333333333,967725.0,90.0,10.0,,73.0,21.0,Ni,"(N,O)"
C1C=CN2[Co]3(Cl)(Cl)N4=C(C=N3C3C(F)=CC=CC=3F)C=CC3C=CC=1C=2C=34,MAO,500.0,Cc1ccccc1,313.15,10.0,1.0,126000.0,97.6,2.4,0.0,,,Co,"(N,N,N)"
C1=C2CP(C3C=CC=CC=3)(C3C=CC=CC=3)=O[Ni]3(Br)(Br)N4=C(C5C=CC=CC=5)C=C(C5C=CC=CC=5)N4CC(C=C1)=N23,EADC,250.0,Cc1ccccc1,303.15,10.0,1.0,270000.0,98.0,2.0,,11.0,,Ni,"(N,N,O)"
C1C=CC(C(OCC)=O)=N2[Ni](Br)(Br)N(C3C(Br)=CC=CC=3Br)=C(C)C=12,MAO,1000.0,Cc1ccccc1,313.15,1.0,0.5,213000.0,71.24,19.76,,,,Ni,"(N,N)"
C1C=CC2[P+](C3C=CC=CC=3)(C3C=CC=CC=3)[Ni](Br)(Br)N3C(C)(C)COC=3C=2C=1,"MAO,PPh3",500.0,Cc1ccccc1,298.15,1.0,1.5,244000.0,76.7,22.33,,,,Ni,"(N,P)"
C1C=CC2[P+](C3C=CC=CC=3)(C3C=CC=CC=3)[Ni](Br)(Br)N3C(C)(C)COC=3C=2C=1,DEAC,20.0,Cc1ccccc1,298.15,1.0,0.5,60000.0,98.54,1.46,,,,Ni,"(N,P)"
C1(=N(C2C(C(C)C)=CC=CC=2C(C)C)[Co]2(Cl)(Cl)N3C4C=CC=CC=4N(C)C=3C3C=CC=C1N=32)C,MAO,1000.0,Cc1ccccc1,293.15,1.0,0.5,820.0,100.0,0.0,,,,Co,"(N,N,N)"
[Ni]1234(N(=C5C=C(NCCOC)C(=O)C=C5O1)CCO2C)O(C)CCN3=C1C=C(NCCOC)C(=O)C(O4)=C1,EADC,6.0,Clc1ccccc1,303.15,10.0,0.5833333333333334,681615.0,89.0,11.0,,,,Ni,"(N,N,O,O,O,O)"
N12CCO([Ni]1(Cl)N1C=CC=C1C=2)C1C=CC=CC=1,MAO,250.0,Cc1ccccc1,303.15,20.0,0.08333333333333333,1567995.0,96.4,3.6,,86.0,49.0,Ni,"(N,N,O)"
C1=CC(C)=N2[Fe]3(Cl)(Cl)N4C5C=CC=CC=5N(CC)C=4C4C=CC5=CC=C1C2=C5N=43,MMAO,1000.0,Cc1ccccc1,293.15,30.0,0.33,623000.0,93.6,6.4,,86.0,,Fe,"(N,N,N)"
C12C(C)(C)[P+](C3C=CC=CC=3)(C3C=CC=CC=3)[Ni](Cl)(Cl)N=1C(C)(C)CO2,EADC,2.0,Clc1ccccc1,300.65,17.0,0.5833333333333334,712470.0,67.0,28.0,3.0,25.0,,Ni,"(N,P)"
C1N=C2C3N=CC=CC=3/C(=N3/NC(=O[Ni]4/3(/N(=C3\C5C=CC=NC=5C5N=CC=CC\3=5)/NC(C3C=CC=CC=3)=O4)(Cl)Cl)C3C=CC=CC=3)/C2=CC=1,MAO,500.0,Cc1ccccc1,303.15,1.0,0.5,123000.0,87.0,11.5,1.5,100.0,6.9,Ni,"(N,N,O,O)"
C1C2C3=N([Ni]4(Cl)(Cl)/N(=C\C5C=CC=CC=5Br)/C5=CC=CC(C=1)=C5N=24)C1C=CC=CC=1N3,DEAC,201.0,Cc1ccccc1,293.15,10.0,0.3333333333333333,4700000.0,86.7,13.3,,89.9,,Ni,"(N,N,N)"
CCCCCCCCCCCCN1CCC(=O)NCCCCN2[Ni]3(N(=CC4C(O3)=CC=CC=4)CCCCNC(=O)CC1)OC1C=CC=CC=1C=2,EADC,500.0,Cc1ccccc1,298.15,5.0,0.5,4633000.0,1.51,4.2,2.09,,,Ni,"(N,N,O,O)"
C1([Ni](C2N(C3=C(C(C)C)C=CC=C3C(C)C)C=C[N+]=2C2=C(C(C)C)C=CC=C2C(C)C)(Br)Br)=[N+](C2=C(C(C)C)C=CC=C2C(C)C)C=CN1C1=C(C(C)C)C=CC=C1C(C)C,EADC,10.0,Cc1ccccc1,295.65,10.0,0.58,158463.0,38.0,40.0,,76.0,4.0,Ni,"(C,C)"
C1=C([P+](C2=CC=CC=C2)(C2=CC=CC=C2)[Ni]2([P+](C3=CC=CC=C3)(C3=CC=CC=C3)C3=CC=CC=C3)CC2)C=CC=C1,[B-]([O+](CC)CC)(F)(F)F,2.0,Not_defined,285.15,1.0,0.13,31980.180999999997,96.8,3.1,0.0,41.6,,Ni,"(C,C,P,P)"
C1C=C(C2C=CC=CC=2)N2[Ni]3(Cl)(Cl)N(C4C(C(C)C)=CC=CC=4C(C)C)=C(C4C=CC=CC=4)C4C=CC5C=CC=1C=2C=5N=43,DEAC,300.0,Cc1ccccc1,293.15,1.0,1.0,371000.0,96.5,3.5,,3.5,,Ni,"(N,N,N)"
C1C=C2[S+]([Cr](O3CCCC3)(Cl)(Cl)(Cl)N(C3C=CC(OC)=CC=3)=CC2=CC=1)C1C=CC=CC=1,MAO,300.0,Cc1ccccc1,353.15,20.0,0.25,746130.0,16.7,19.5,17.3,,,Cr,"(N,O,S)"
N12C(C)=CC(C)=N1[Ni]1(N3=C(C)C=C(C)N3C(C3C=CC=CC=3)=N1C1C=CC=CC=1)(Br)(Br)N(C1C=CC=CC=1)=C2C1C=CC=CC=1,MAO,400.0,Cc1ccccc1,273.15,0.5,1.0,180000.0,58.4,38.8,2.4,,,Ni,"(N,N,N,N)"
C1C=CN2[Ni]34(Br)([NH+](CCOC)CC5C=CC=CN=53)[NH+](CCO4C)CC=2C=1,EADC,200.0,Cc1ccccc1,303.15,10.0,2.0,1920000.0,56.0,39.0,5.0,73.0,51.0,Ni,"(N,N,N,N,O)"
C12C=CC3C=CC=N4[Ni]5(Br)(Br)N6C7C=CC=CC=7NC=6C(=CC=1)N5=C2C=34,DEAC,300.0,Cc1ccccc1,293.15,30.0,0.3333333333333333,10080000.0,90.4,9.6,,71.3,,Ni,"(N,N,N)"
C12C=CC3C=CC(C)=N4[Ni]5(Cl)(Cl)N6C7C=CC=CC=7N(C(C)C)C=6C(=CC=1)N5=C2C=34,DEAC,300.0,Cc1ccccc1,293.15,30.0,0.3333333333333333,910000.0,97.1,2.9,,83.6,,Ni,"(N,N,N)"
Cl[Ni](Cl)([P+](C1CCCCC1)(C1CCCCC1)C1CCCCC1)[P+](C1CCCCC1)(C1CCCCC1)C1CCCCC1,EADC,2.0,Cc1ccccc1,303.15,10.0,0.5833333333333334,44880.0,88.0,12.0,,12.0,,Ni,"(P,P)"
C1C=CC2N3[Ni]4(N(C5C(C)=CC(C)=CC=5C)=C(C)C5NC6C=CC=CC=6N=54)(Br)(Br)N(C4C(C)=CC(C)=CC=4C)=C(C)C=3NC=2C=1,MAO,1500.0,Cc1ccccc1,273.15,1.0,0.5,145000.0,0.53,13.93,16.14,,,Ni,"(N,N,N,N)"
C1C=CC2N3[Ni]4(N(C5C(C)=CC=CC=5C)=C(C)C5NC6C=CC=CC=6N=54)(Br)(Br)N(C4C(C)=CC=CC=4C)=C(C)C=3NC=2C=1,MAO,1500.0,Cc1ccccc1,288.15,1.0,0.5,211000.0,6.34,19.07,16.3,,,Ni,"(N,N,N,N)"
C12C=N3[Ni]4(N(=CC5C(O4)=C(C)C=CC=5)CC3)OC=1C(C)=CC=C2,MAO,275.0,C1CCCCC1,323.15,5.0,0.5,640000.0,31.2,56.2,3.2,83.2,81.9,Ni,"(N,N,O,O)"
C1C=CC(C)=C(N2[Fe]3(Cl)(Cl)(Cl)N4=C(C5N(C)C6C=CC=CC=6N=53)C=CC=C4C=2C)C=1C,MAO,500.0,Cc1ccccc1,333.15,10.0,0.5,4000.0,77.3,22.7,,,,Fe,"(N,N,N)"
C1C=CC2N3[Ni](Cl)(Cl)N(C4C(C(C)C)=CC=CC=4C(C)C)=C4CCCC(=CC=2C=1)C=34,MMAO,1000.0,Cc1ccccc1,303.15,10.0,0.5,367000.0,37.9,22.4,39.7,,,Ni,"(N,N)"
C1C(C)=CC(C(C2C=CC=CC=2)C2C=CC=CC=2)=C(N2[Ni]3(Br)(Br)N(C4C(C)=CC(C)=CC=4C)=C(C)C4C=CC=C(N=43)C=2C)C=1C(C1C=CC=CC=1)C1C=CC=CC=1,EASC,400.0,Cc1ccccc1,298.15,10.0,0.5,76500.0,97.1,2.9,,96.5,,Ni,"(N,N,N)"
C1=CC2C=N3[Ni]4(N(=CC5C=CC=CC=5O4)CCCCNC(CCN(CCCCCCCCCCCC)CCC(=O)NCCCC3)=O)OC=2C=C1,DEAC,300.0,Cc1ccccc1,308.15,5.0,0.5,1023000.0000000001,81.58,13.82,1.69,,,Ni,"(N,N,O,O)"
C1(=N(C2C(C(C)C)=CC=CC=2C(C)C)[Fe]2(Cl)(Cl)N3C4C=CC=CC=4N(C)C=3C3C=CC=C1N=32)C,MAO,1000.0,Cc1ccccc1,293.15,30.0,0.5,14310000.0,42.3,24.8,12.7,,,Fe,"(N,N,N)"
C1(C)(C)COC2C[P+](C3C=CC=CC=3)(C3C=CC=CC=3)[Ni]3(Br[Ni]4(Br3)(Br)N3=C(C[P+]4(C4C=CC=CC=4)C4C=CC=CC=4)OCC3(C)C)(Br)N1=2,EADC,14.0,Cc1ccccc1,303.15,10.0,0.5833333333333334,1018215.0,56.0,41.0,2.0,3.0,,Ni,"(N,P)"
C1C=CN2[Fe]3(Cl)(Cl)N4=C(C(C)=N3C3C(Br)=CC=CC=3)C=CC3C=CC=1C=2C=34,MAO,1000.0,Cc1ccccc1,313.15,10.0,1.0,26100000.0,38.2,43.5,18.3,,,Fe,"(N,N,N)"
C1C=C2C3C=CC=CN=3[Ni](Br)(C3C(C(C)C)=CC(C(C)C)=CC=3C(C)C)N2=CC=1,MAO,300.0,Cc1ccccc1,298.15,5.0,0.25,896666.6666666666,40.15748031496063,27.559055118110237,16.929133858267715,,,Ni,"(C,N,N)"
C12C=CC3C=CC(C)=N4[Ni]5(Br)(Br)N6C7C=CC=CC=7N(CC7C=CC=CC=7)C=6C(=CC=1)N5=C2C=34,DEAC,800.0,Cc1ccccc1,293.15,30.0,0.6666666666666666,1960000.0,94.7,5.3,,72.5,,Ni,"(N,N,N)"
C1C=CC=N2[Ni](Cl)(Cl)[P+](C3C=CC=CC=3)(C3C=CC=CC=3)C(C)(C)C=12,EADC,6.0,Cc1ccccc1,303.15,10.0,0.5833333333333334,1629705.0,65.0,32.0,2.5,11.0,,Ni,"(N,P)"
C1=C2N([Ni]([P+](C2(C)C)(C2=CC=CC=C2)C2=CC=CC=C2)(Cl)Cl)=CC=C1,EADC,6.0,Cc1ccccc1,303.15,10.0,0.5833333333333334,1629705.0,65.0,32.0,2.5,,,Ni,"(N,P)"
C12[P+]([Cr]34(O=C(C)CC(C)=O3)(O=C(C)CC(C)=O4)[P+](C3C(OC)=CC=C4C=CC=CC=34)(C3C=CC=CC=3)(C3C=CC=CC=3)C1=CC=CC=2)(C1C=CC=CC=1)C1C=CC=CC=1,MAO,730.0,Cc1ccccc1,358.15,20.0,0.5,119600.00000000001,1.8,91.7,0.5,,96.8,Cr,"(O,O,O,O,P,P)"
C1C2C(=N(C3C(C)=CC(C)=CC=3C)[Ni]3(Cl)(Cl)N=2C(C2OC4C=CC=CC=4N=23)=CC=1)C,DEAC,200.0,Cc1ccccc1,323.15,10.0,0.5,614000.0,97.4,2.6,,86.5,,Ni,"(N,N,N)"
C1C=CN2[Fe]3(Cl)(Cl)N4=C(C(C)=N3C3C(Br)=CC(C)=CC=3)C=CC3C=CC=1C=2C=34,MAO,1000.0,Cc1ccccc1,313.15,10.0,1.0,28600000.0,20.7,32.3,47.0,,,Fe,"(N,N,N)"
C12C[P+](C3C=CC=CC=3)(C3C=CC=CC=3)[Ni](Br)(Br)N=1CCS2,MAO,2000.0,Cc1ccccc1,303.15,10.0,0.5,1503480.0,77.1,18.7,3.6,,15.4,Ni,"(N,P)"
C1C(C)(C)N2[Ni](Cl)(Cl)[P+](C3C=CC=CC=3)(C3C=CC=CC=3)OC(C)(C)C=2O1,EADC,1.3,Cc1ccccc1,303.15,10.0,0.5833333333333334,325380.0,92.0,8.0,0.0,16.0,,Ni,"(N,P)"
N12CC3C=CC=C4CN5N(=C(C)C=C5C)[Ni](Cl)(Cl)(N1=C(C)C=C2C)N=34,EADC,250.0,Cc1ccccc1,361.15,40.0,0.5,15312000.000000002,43.0,33.0,24.0,,,Ni,"(N,N,N)"
N12CCO3[Cr](Cl)(Cl)(Cl)(N4=C(C)C=C(C)N4CC3)N1=C(C)C=C2C,MAO,300.0,Cc1ccccc1,353.15,20.0,0.25,1155660.0,12.3,16.2,17.9,98.0,100.0,Cr,"(N,N,O)"
C1C=CC(C(OCC)=O)=N2[Ni](Br)(Br)N(C3C(Br)=CC=CC=3Br)=C(C)C=12,MAO,1000.0,Cc1ccccc1,288.15,1.0,0.5,90399.99999999999,70.15,21.89,,,,Ni,"(N,N)"
C1(C(C)C)C=CC=C(C(C)C)C=1N1[Ni](Br)(Br)[P+](C(C)C)(C(C)C)OC=1C(C)(C)C,MMAO,1176.4705882352941,Cc1ccccc1,273.15,5.0,1.0,412335.0,81.0,17.0,2.0,28.999999999999996,,Ni,"(N,P)"
CC(C)CN1[P+](C2C=CC=CC=2)(C2C=CC=CC=2)[Cr]2(Cl[Cr]3(Cl)(Cl)([P+](N(CC(C)C)[P+]3(C3C=CC=CC=3)C3C=CC=CC=3)(C3C=CC=CC=3)C3C=CC=CC=3)Cl2)(Cl)(Cl)[P+]1(C1C=CC=CC=1)C1C=CC=CC=1,MAO,800.0,Cc1ccccc1,318.15,40.0,0.5,10498800.0,,20.2,69.1,,38.1,Cr,"(P,P)"
C12=[N+](P(C(C)(C)C)C(C)(C)C)C=CN1[P+](C(C)(C)C)(C(C)(C)C)[Cr]2(CC1=CC=CC=C1)(CC1=CC=CC=C1)CC1=CC=CC=C1,MAO,400.0,C1CCCCC1C,303.15,10.0,0.5833333333333334,314721.0,15.0,17.0,16.0,100.0,95.0,Cr,"(C,C,C,C,P)"
C1C=CC(C(C)C)=C(N2[Fe]3(Cl)(Cl)(Cl)N4=C(C5N(C)C6C=CC=CC=6N=53)C=CC=C4C=2C)C=1C(C)C,MAO,500.0,Cc1ccccc1,293.15,10.0,0.5,795000.0,42.5,25.7,,,,Fe,"(N,N,N)"
C1C=CC=C(OCCN2[Co](Cl)(Cl)OC3=CC=CC=C3C=2)C=1,MAO,300.0,C1CCCCC1,323.15,20.0,0.5,212000.0,60.32,6.84,20.16,,,Co,"(N,O)"
C1(N(CCOC)C=C[N+]=1C1C(C(C)C)=CC=CC=1C(C)C)[Ni](C1N(CCOC)C=C[N+]=1C1C(C(C)C)=CC=CC=1C(C)C)(Cl)Cl,EADC,10.0,Cc1ccccc1,295.65,10.0,0.58,269974.0,64.0,32.0,,52.0,3.0,Ni,"(C,C)"
C1(N(CCOC)C=C[N+]=1CCCC)[Ni](C1N(CCOC)C=C[N+]=1CCCC)(Br)Br,EADC,10.0,Cc1ccccc1,295.65,10.0,0.58,1027074.9999999999,72.0,26.0,,8.0,1.0,Ni,"(C,C)"
C1C=CC2N3[Ni](Br)(Br)N(C4C(C)=CC=CC=4C)=C(C(C)(C)C)C=3C=CC=2C=1,EASC,400.0,Cc1ccccc1,303.15,5.0,0.5,1330000.0,28.9,35.5,,,,Ni,"(N,N)"
[Ni]([P+](C1CCCCC1)(C1CCCCC1)C1CCCCC1)(Cl)([P+](C1CCCCC1)(C1CCCCC1)C1CCCCC1)Cl,EADC,6.0,Cc1ccccc1,303.15,10.0,0.5833333333333334,762960.0,86.0,14.0,0.5,,,Ni,"(P,P)"
C1(C2=N(C(CO2)(C)C)[Ni](Cl)(Cl)[P+]1(C1=CC=CC=C1)C1=CC=CC=C1)(C)C,MAO,800.0,Cc1ccccc1,303.15,10.0,0.5833333333333334,221595.0,72.0,23.0,5.0,,,Ni,"(N,P)"
C1C=CN2[Fe]3(Cl)(Cl)N4=C(C=N3C3C(C)=CC(C)=CC=3C)C=CC3C=CC=1C=2C=34,MMAO,1000.0,Cc1ccccc1,293.15,10.0,0.5,25700000.0,12.6,18.4,69.0,,,Fe,"(N,N,N)"
C1C2C(=N(C3C(Br)=CC=CC=3Br)[Ni]3(Cl)(Cl)N=2C(C2OC4C=CC=CC=4N=23)=CC=1)C,DEAC,200.0,Cc1ccccc1,323.15,10.0,0.5,543000.0,97.3,2.7,,89.4,,Ni,"(N,N,N)"
C1C=CN2[Fe]3(Cl)(Cl)N4=C(C(C)=N3C3C(C(C)C)=CC=CC=3)C=CC3C=CC=1C=2C=34,MAO,1000.0,Cc1ccccc1,313.15,10.0,1.0,18900000.0,34.9,46.5,18.6,,,Fe,"(N,N,N)"
C(N(CCC(=O)NCCN1C2N([Ni](Cl)(Cl)N3C=CC=CC1=3)=CC=CC=2)CCCC)CC(=O)NCCN1C2N([Ni](Cl)(Cl)N3C=CC=CC1=3)=CC=CC=2,MAO,700.0,C1CCCC(C)C1,328.15,40.0,0.5,111000.00000000001,71.3,9.47,10.27,,,Ni,"(N,N)"
C1C=CC=N2[Ni]345[O+]6([Ni]789([O+]%10([Ni]%11%12%136(Br3)N3C=CC=CC=3C(=O)N%11C3C=CC=CN=3[Ni]3%10(Br7)O%12C(=NC6N%13=CC=CC=6)C6N3=CC=CC=6)C)(N3C=CC=CC=3C(=O)N8C3C=CC=CN4=3)N3=CC=CC=C3N=C(O59)C=12)C,MAO,1000.0,Cc1ccccc1,293.15,20.0,0.5,930000.0000000001,94.7,5.3,,65.2,,Ni,"(N,N,O,O); (N,N,N,O,O,O)"
C12C=N3[Ni]4(N(=CC5C(O4)=C(OC)C=CC=5)CC3)OC=1C(OC)=CC=C2,MAO,275.0,C1CCCCC1,323.15,40.0,0.5,519999.99999999994,43.4,21.9,6.6,73.1,47.2,Ni,"(N,N,O,O)"
[Ni]1234(N(=C5C=C(NCCN6CCOCC6)C(=O)C=C5O1)CCN12CCOCC1)N1(CCOCC1)CCN3=C1C=C(NCCN2CCOCC2)C(=O)C(O4)=C1,EADC,10.0,Clc1ccccc1,303.15,10.0,0.5833333333333334,645150.0,83.0,16.0,,,,Ni,"(N,N,N,N,O,O)"
C1=C2N([Ni]([P+](OC2)(C2=CC=CC=C2)C2=CC=CC=C2)(Cl)Cl)=CC=C1,EADC,4.0,Clc1ccccc1,300.65,10.0,0.5833333333333334,1220175.0,75.0,24.0,1.0,5.0,,Ni,"(N,P)"
C1C2N3N([Ni]4(Br)(Br)N5=C(C)C=C(C)N5C(=CC=1)N=24)=C(C)C=C3C,MAO,1000.0,Cc1ccccc1,303.65,10.0,1.0,300000.0,86.0,8.0,5.0,87.0,49.0,Ni,"(N,N,N)"
C1C=CC2[P+](C3C=CC=CC=3)(C3C=CC=CC=3)[Ni](Br)(Br)N3C(C)(C)COC=3C=2C=1,"MAO,PPh3",500.0,Cc1ccccc1,298.15,1.0,1.0,333000.0,71.6,25.62,,,,Ni,"(N,P)"
C12C=CC3C=CC(C)=N4[Ni]5(Br)(Br)N6C7C=CC=CC=7NC=6C(=CC=1)N5=C2C=34,DEAC,300.0,Cc1ccccc1,293.15,30.0,0.3333333333333333,2520000.0,91.1,8.9,,89.2,,Ni,"(N,N,N)"
C1C=C(C)N2[Ni](Br)(Br)N3=C(C)C=CC4C=CC=1C=2C=43,MMAO-12,100.0,Cc1ccccc1,299.65,20.0,0.5,751740.0,96.0,4.0,,,,Ni,"(N,N)"
C1C=CN2[Cr]3(Cl)(Cl)(Cl)N(C4C(C(C)C)=CC=CC=4C(C)C)=C(C)C4C=CC5C=CC=1C=2C=5N=43,MAO,1000.0,Cc1ccccc1,353.15,10.0,1.0,1690000.0,28.2,41.2,30.6,,,Cr,"(N,N,N)"
C1(N(CCOC)C=C[N+]=1C1C(C)=CC(C)=CC=1C)[Ni](C1N(CCOC)C=C[N+]=1C1=C(C)C=C(C)C=C1C)(Br)Br,EADC,15.0,Cc1ccccc1,303.15,10.0,0.58,334532.99999999994,73.0,24.0,,40.0,4.0,Ni,"(C,C)"
C1C(CO)=N2[Ni](Cl)(Cl)N(C3C(C(C)(C)C)=CC(C(C)(C)C)=CC=3C(C)(C)C)=C3CCCC(C=1)=C23,MMAO,5500.0,Cc1ccccc1,303.15,10.0,1.0,230000.00000000003,23.5,76.5,,53.6,49.9,Ni,"(N,N)"
C1C=CC2N3[Ni](Br)(Br)N(C4C(C(C)C)=CC=CC=4C(C)C)=C4CCCC(=CC=2C=1)C=34,TMA,300.0,Cc1ccccc1,303.15,10.0,1.0,231999.99999999997,31.2,12.8,56.0,,,Ni,"(N,N)"
C1=CC(C2C=CC=CC=2)=N2[Fe]3(Cl)(Cl)N4CCOC=4C4C=CC5=CC=C1C2=C5N=43,MMAO,800.0,Cc1ccccc1,293.15,10.0,0.33,94000.0,95.3,4.7,,80.1,,Fe,"(N,N,N)"
N1(/[Cr](O2CCCC2)(Cl)(Cl)(Cl)[NH+](C2C=CC=CC=2)CC/1)=C/C1SC=CC=1,MAO,300.0,Cc1ccccc1,353.15,20.0,0.25,2154240.0,64.6,17.7,6.1,99.3,99.4,Cr,"(N,N,O)"
C(CCCC)CCCCCCCCCCCCCN1CCC(=O)NCCN2[Fe]3(N(=CC4C(O3)=CC=CC=4)CCNC(=O)CC1)OC1C=CC=CC=1C=2,MAO,500.0,Cc1ccccc1,288.15,5.0,0.5,62699.99999999999,68.75,8.51,17.0,,,Fe,"(N,N,O,O)"
C1C=CC2N3[Fe](Cl)(Cl)N4=C(C)C=CC=C4C=3NC=2C=1,MAO,1000.0,Cc1ccccc1,293.15,20.0,0.5,52000.0,53.9,46.1,,,,Fe,"(N,N)"
C1C=CN2[Fe]3(Cl)(Cl)N4=C(C=N3C3C(C)=CC(C)=CC=3C)C=CC3C=CC=1C=2C=34,MAO,1000.0,Cc1ccccc1,313.15,10.0,1.0,14700000.0,17.2,22.4,60.4,,,Fe,"(N,N,N)"
C12C[P+](C3C=CC=CC=3)(C3C=CC=CC=3)[Ni](Cl)(Cl)N=1CCO2,EADC,2.0,Clc1ccccc1,300.65,10.0,0.5833333333333334,1304325.0,80.0,19.0,1.0,9.0,,Ni,"(N,P)"
C1C2C=CC(C)=N3[Co]4(Cl)(Cl)N5C=CC=CC=5C=N4C(=CC=1)C=23,MMAO,1500.0,Cc1ccccc1,293.15,30.0,0.3333333333333333,2280000.0,96.9,3.1,,95.9,,Co,"(N,N,N)"
C1=CC=N2[Ni]3(Cl)(Cl)N4C5C=CC=CC=5OC=4C4C=CC5=CC=C1C2=C5N=43,DEAC,200.0,Cc1ccccc1,273.15,1.0,0.33,194000.0,85.6,14.4,,65.0,,Ni,"(N,N,N)"
C1(C)N2CN3(CC4C=CC=CC=4)[Ni](Cl)(Cl)(N4=C(C)C=C(C)N4C3)N2=C(C)C=1,DEAC,250.0,Cc1ccccc1,303.15,20.0,0.33,1957890.0,100.0,0.0,,81.3,,Ni,"(N,N,N)"
C1=CC=N2[Co]3(Cl)(Cl)N4C(C)(C)COC=4C4C=CC5=CC=C1C2=C5N=43,MMAO,1000.0,Cc1ccccc1,293.15,10.0,0.33,158000.0,95.3,4.7,,62.1,,Co,"(N,N,N)"
C1C=CN2[Fe]3(Cl)(Cl)N4=C(C(C)=N3C3C(C(C)C)=CC=CC=3)C=CC3C=CC=1C=2C=34,EADC,500.0,Cc1ccccc1,293.15,1.0,0.5,103000.0,100.0,,,99.0,,Fe,"(N,N,N)"
[Ni]1234(N(=C5C=C(NCCN6CCOCC6)C(=O)C=C5O1)CCN12CCOCC1)N1(CCOCC1)CCN3=C1C=C(NCCN2CCOCC2)C(=O)C(O4)=C1,MAO,100.0,Clc1ccccc1,303.15,10.0,0.5833333333333334,140250.0,86.0,12.0,2.0,,,Ni,"(N,N,N,N,O,O)"
C1C=CN2[Cr]3(Cl)(Cl)(Cl)N4C5C=C(C(C)(C)C)C=CC=5OC=4C4C=CC5C=CC=1C=2C=5N=43,MMAO,1500.0,Cc1ccccc1,293.15,10.0,0.5,2730000.0,35.1,38.9,,,,Cr,"(N,N,N)"
C1C=C(C)N2[Ni](Br)(Br)N3=C(C)C=CC4C=CC=1C=2C=43,MMAO-12,100.0,Cc1ccccc1,299.65,20.0,0.5,751740.0,96.0,4.0,,,,Ni,"(N,N)"
C1C2C(OCC)=O[Ni]3(Cl)(Cl)N(C4C(CC)=CC=CC=4CC)=C(C)C(=CC=1)N=23,MAO,1000.0,Cc1ccccc1,288.15,1.0,0.5,91700.0,77.3,5.67,,,,Ni,"(N,N,O)"
C1C=C(C)C2N3[Ni](Cl)(Cl)N4C5C=CC=CC=5N(C)C=4C=3C=CC=2C=1,DEAC,250.0,Cc1ccccc1,323.15,10.0,0.33,1180000.0,93.8,6.2,,75.5,,Ni,"(N,N)"
N1(C2CCCC2)[P+](C2C=CC=CC=2)(C2C=CC=CC=2)[Ni](Br)(Br)[P+](C2C=CC=CC=2)(C2C=CC=CC=2)[Si]1(C)C,EADC,500.0,C1CCCCC1C,333.15,10.0,0.5,92000000.0,81.9,18.1,,34.9,9.9,Ni,"(P,P)"
C1C=C(C2C=CC=CC=2)N2[Co]3(Cl)(Cl)N(C4C(C)=CC=CC=4C)=C(C)C4C=CC5C=CC=1C=2C=5N=43,MAO,500.0,Cc1ccccc1,293.15,1.0,0.5,685000.0,94.3,5.7,,97.0,,Co,"(N,N,N)"
C1C(CO)=N2[Ni](Cl)(Cl)N(C3C(C(C)(C)C)=CC(C(C)(C)C)=CC=3C(C)(C)C)=C3CCCC(C=1)=C23,DEAC,600.0,Cc1ccccc1,303.15,10.0,0.5,691000.0,56.1,43.9,,98.6,38.6,Ni,"(N,N)"
C1C(C)=N2[Ni](Br)(Br)N3=C(C)C=CC4C=CC(C=1)=C2C=43,MAO,500.0,Cc1ccccc1,293.15,10.0,0.5,118999.99999999999,98.6,1.4,,,,Ni,"(N,N)"
C1C=CN2[Fe]3(Cl)(Cl)N4=C(C(C)=N3C3C(Br)=CC(Cl)=CC=3F)C=CC3C=CC=1C=2C=34,MAO,1000.0,Cc1ccccc1,313.15,10.0,1.0,26400000.0,41.3,24.7,34.0,,,Fe,"(N,N,N)"
C1C=C(C2C=CC=CC=2)N2[Cr]3(Cl)(Cl)(Cl)N4C5C=CC=CC=5N(CC)C=4C4C=CC5C=CC=1C=2C=5N=43,MMAO,1500.0,Cc1ccccc1,333.15,1.0,0.5,122000.0,63.1,22.5,,,,Cr,"(N,N,N)"
C1N=C2C3N=CC=CC=3/C(=N3/NC(=O[Ni]4/3(/N(=C3\C5C=CC=NC=5C5N=CC=CC\3=5)/NC(C3C=C([N+]([O-])=O)C=CC=3)=O4)(Cl)Cl)C3C=C([N+]([O-])=O)C=CC=3)/C2=CC=1,MAO,800.0,Cc1ccccc1,303.15,1.0,0.5,12800.0,92.4,7.6,0.0,100.0,24.0,Ni,"(N,N,O,O)"
C1C2C3=N([Ni]4(Cl)(Cl)/N(=C\C5C=CC=CC=5)/C5=CC=CC(C=1)=C5N=24)C1C=CC=CC=1N3C(C)C,DEAC,210.0,Cc1ccccc1,293.15,10.0,0.3333333333333333,5300000.0,97.1,2.9,,87.9,,Ni,"(N,N,N)"
C1(C)(C)COC2C[P+](C3C=CC=CC=3)(C3C=CC=CC=3)[Ni]3(Br[Ni]4(Br3)(Br)N3=C(C[P+]4(C4C=CC=CC=4)C4C=CC=CC=4)OCC3(C)C)(Br)N1=2,EADC,12.0,Cc1ccccc1,303.15,10.0,0.5833333333333334,948090.0,62.0,36.0,2.0,3.0,,Ni,"(N,P)"
C1(C(C)C)C=CC=C(C(C)C)C=1N1[Ni](Br)(Br)[P+](C(C)C)(C(C)C)OC=1C,DEAC,1192.3076923076924,Cc1ccccc1,303.15,5.0,1.0,2173875.0,80.0,20.0,0.0,48.0,,Ni,"(N,P)"
C1C=C2C3=N4[Co](Cl)(Cl)(N(C5C(C(C)C)=CC=CC=5C(C)C)=C3C3=CC=CC(C=1)=C23)N(C(C)C)(C(C)C)CC4,MAO,2000.0,Cc1ccccc1,303.15,1.3,0.5,122199.99999999999,41.4,58.6,,58.69565217391305,30.375426621160408,Co,"(N,N,N)"
C1C=C2C3=N([Ni]4(OC2=CC=1)OC1=CC=CC=C1C1=N4C2C=CC=CC=2N1)C1C=CC=CC=1N3,"CC[Al](Cl)CC,PPh3",200.0,Cc1ccccc1,293.15,1.0,0.5,1100000.0,93.3,6.7,,,,Ni,"(N,N,O,O)"
C1C=CC(C)=C(N2[Fe]3(Cl)(Cl)N(C4C=CC=CC=4F)=C(C)C4C=CC=C(N=43)C=2C)C=1,MMAO,1000.0,Cc1ccccc1,293.15,1.0,1.0,1190000.0,18.7,,,,,Fe,"(N,N,N)"
N1(=C(C2C=CC=CC=2)[P+](C(C)(C)C)(C(C)(C)C)[Cr]231(OC(C(CCCC)CC)=O2)OC(C(CCCC)CC)=O3)C1=C(C)C=CC=C1,MMAO-3A,500.0,"CC1CCCCC1,ZnEt2",333.15,40.0,2.32,34944000.0,0.0,94.0,3.0,,99.9,Cr,"(N,O,O,O,O,P)"
C1=CC(C)=N2[Co]3(Cl)(Cl)N4C5C=CC=CC=5NC=4C4C=CC5=CC=C1C2=C5N=43,MMAO,1500.0,Cc1ccccc1,293.15,30.0,0.33,1090000.0,92.1,7.9,,91.0,,Co,"(N,N,N)"
C1C=CN2[Cr]3(Cl)(Cl)(Cl)N(C4C(CC)=CC=CC=4CC)=C(C)C4C=CC5C=CC=1C=2C=5N=43,MAO,1000.0,Cc1ccccc1,353.15,10.0,1.0,2020000.0,34.7,36.7,28.6,,,Cr,"(N,N,N)"
C1N=C2C3N=CC=CC=3/C(=N3/NC(=O[Ni]4/3(/N(=C3\C5C=CC=NC=5C5N=CC=CC\3=5)/NC(C3C=CC=CC=3)=O4)(Cl)Cl)C3C=CC=CC=3)/C2=CC=1,MAO,1000.0,Cc1ccccc1,343.15,1.0,0.5,43300.0,78.8,21.2,0.0,100.0,79.6,Ni,"(N,N,O,O)"
C1=CC=N2[Co]3(Cl)(Cl)N4C5C=CC=CC=5NC=4C4C=CC5=CC=C1C2=C5N=43,MMAO,1500.0,Cc1ccccc1,293.15,30.0,0.33,2320000.0,88.2,11.8,,83.0,,Co,"(N,N,N)"
C1C=CN2[Cr]3(Cl)(Cl)(Cl)N(C4C(CC)=CC=CC=4CC)=C(C4C=CC=CC=4)C4C=CC5C=CC=1C=2C=5N=43,MAO,500.0,Cc1ccccc1,293.15,1.0,1.0,256000.0,69.2,26.5,4.3,,,Cr,"(N,N,N)"
C1C=CC2N3[Ni](Br)(Br)N(C4C(CC)=CC=CC=4CC)=C4CCCC(=CC=2C=1)C=34,TMA,300.0,Cc1ccccc1,303.15,10.0,0.5,683000.0,39.7,12.3,48.0,,,Ni,"(N,N)"
C1C=CN2[Fe]3(Cl)(Cl)N4=C(C(C)=N3C3C(Br)=CC(Br)=CC=3)C=CC3C=CC=1C=2C=34,MMAO,1000.0,Cc1ccccc1,293.15,10.0,0.5,18600000.0,28.0,32.6,39.4,,,Fe,"(N,N,N)"
C1C(CO)=N2[Ni](Cl)(Cl)N(C3C(C(C)(C)C)=CC(C(C)(C)C)=CC=3C(C)(C)C)=C3CCCC(C=1)=C23,DEAC,800.0,Cc1ccccc1,303.15,10.0,0.25,2850000.0,72.6,27.4,,96.8,33.2,Ni,"(N,N)"
C1C=CC2N3[Ni](Cl)(Cl)N(C4C(C(C)C)=CC=CC=4C(C)C)=C4CCCC(=CC=2C=1)C=34,TMA,300.0,Cc1ccccc1,303.15,10.0,1.0,263000.0,31.5,9.3,59.2,,,Ni,"(N,N)"
C1(N(CCOC)C=C[N+]=1C1C(C(C)C)=CC=CC=1C(C)C)[Ni](C1N(CCOC)C=C[N+]=1C1C(C(C)C)=CC=CC=1C(C)C)(Cl)Cl,EADC,10.0,Cc1ccccc1,295.65,10.0,0.58,1238359.0,73.0,24.0,,6.0,1.0,Ni,"(C,C)"
C1C=CC2[P+](C3C=CC=CC=3)(C3C=CC=CC=3)[Ni](Br)(Br)N3C(C)(C)COC=3C=2C=1,"MAO,PPh3",1000.0,Cc1ccccc1,298.15,1.0,0.5,262000.0,78.7,20.05,,,,Ni,"(N,P)"
P(C1[P+](C2C=CC=CC=2)(C2C=CC=CC=2)[Ni]2([P+](C(P(=O)(OC)OC)=P2(C2C=CC=CC=2)C2C=CC=CC=2)(C2C=CC=CC=2)C2C=CC=CC=2)P=1(C1C=CC=CC=1)C1C=CC=CC=1)(=O)(OC)OC,MAO,400.0,Clc1ccccc1,296.15,10.0,0.58,47124.0,61.0,39.0,0.0,71.0,31.0,Ni,"(P,P,P,P)"
N1(C(C)C)[P+](C2C=CC=CC=2)(C2C=CC=CC=2)[Ni](Br)(Br)[P+](C2C=CC=CC=2)(C2C=CC=CC=2)[Si]1(C)C,EADC,500.0,C1CCCCC1C,318.15,10.0,0.5,65999999.99999999,86.3,13.7,,54.1,10.2,Ni,"(P,P)"
C1C=CC=C(OCCN2[Ni](Cl)(Cl)OC3=CC=CC=C3C=2)C=1,MAO,300.0,Cc1ccccc1,323.15,20.0,0.5,225999.99999999997,62.44,11.59,12.17,,,Ni,"(N,O)"
C1C=C2C3=N([Ni]4(OC2=CC=1)OC1=CC=CC=C1C1=N4C2C=CC(C)=CC=2N1)C1C=CC(C)=CC=1N3,DEAC,200.0,Cc1ccccc1,293.15,1.0,0.5,227999.99999999997,93.4,6.6,,,,Ni,"(N,N,O,O)"
C12=CC(C(C)(C)C)=CC(C(C)(C)C)=C1O[Cr]1(Cl)(Cl)(O3CCCC3)O(C3=C(CN1=C2)C=CC=C3)C,MAO,300.0,Cc1ccccc1,353.15,20.0,0.25,1478235.0,18.6,19.8,18.2,91.4,96.4,Cr,"(N,O,O,O)"
N1(/[Cr](O2CCCC2)(Cl)(Cl)(Cl)[NH+](C2C=CC=CC=2)CC/1)=C/C1SC=CC=1,MAO,300.0,Cc1ccccc1,353.15,20.0,0.25,2729265.0,63.6,18.6,6.5,89.6,81.3,Cr,"(N,N,O)"
C1C=C(C2C=CC=CC=2)N2[Co]3(Cl)(Cl)N(C4C(C)=CC=CC=4C)=C(C4C=CC=CC=4)C4C=CC5C=CC=1C=2C=5N=43,MAO,500.0,Cc1ccccc1,293.15,1.0,0.5,558000.0,84.4,14.8,,96.4,,Co,"(N,N,N)"
C1C=CN2[Co]3(Cl)(Cl)N4=C(C(C5C=CC=CC=5)=N3C3C(C(C)C)=CC=CC=3C(C)C)C=CC3C=CC=1C=2C=34,MAO,500.0,Cc1ccccc1,293.15,1.0,0.5,118999.99999999999,95.3,4.7,,,,Co,"(N,N,N)"
N1(C2CCCC2)[P+](C2C=CC=CC=2)(C2C=CC=CC=2)[Ni](Br)(Br)[P+](C2C=CC=CC=2)(C2C=CC=CC=2)[Si]1(C)C,EADC,500.0,C1CCCCC1C,318.15,10.0,0.5,18000000.0,84.1,15.9,,13.7,3.1,Ni,"(P,P)"
C1C2C3=N([Ni]4(Cl)(Cl)/N(=C\C5C=CC=CC=5Br)/C5=CC=CC(C=1)=C5N=24)C1C=CC=CC=1N3C(C)C,DEAC,209.0,Cc1ccccc1,293.15,10.0,0.3333333333333333,1899999.9999999998,87.5,12.5,,86.1,,Ni,"(N,N,N)"
C1C=CC(C)=C(N2[Fe]3(Cl)(Cl)N4C5C=CC=C(C)C=5NC=4C4C=CC=C(N=43)C=2C)C=1C,MMAO,200.0,Cc1ccccc1,303.15,30.0,0.5,1860000.0000000002,40.2,25.1,13.3,,,Fe,"(N,N,N)"
C1C=CC(C)=C(N2=C(C)C3N4[Co]2(Cl)(Cl)N2C5C=CC=CC=5OC=2C=4C=CC=3)C=1C,MMAO,1000.0,Cc1ccccc1,293.15,10.0,0.5,117000.0,100.0,0.0,,77.2,,Co,"(N,N,N)"
CCCCCCCCCCCCN1CCC(=O)NCCCCCCCCN2[Co]3(OC4C=CC=CC=4C=N3CCCCCCCCNC(=O)CC1)OC1=CC=CC=C1C=2,MAO,500.0,Cc1ccccc1,298.15,5.0,0.5,34300.0,61.51,14.2,21.72,,,Co,"(N,N,O,O)"
C1(C)N2CN3(CCCC)[Ni](Cl)(Cl)(N4=C(C)C=C(C)N4C3)N2=C(C)C=1,MAO,250.0,Cc1ccccc1,303.15,20.0,0.33,109395.0,100.0,0.0,,93.7,,Ni,"(N,N,N)"
C1C=CC(C2C=C(CCCC)C=C3C(C)=N([Ni](Br)(Br)N=23)C2C(C(C)C)=CC=CC=2C(C)C)=CC=1,C[Al](Cl)Cl,150.0,Clc1ccccc1,303.15,1.3,0.5,30420000.000000004,86.0,14.0,,96.5,71.4,Ni,"(N,N)"
C1C=CN2[Cr]3(Cl)(Cl)(Cl)N(C4C(CC)=CC=CC=4CC)=C(C)C4C=CC5C=CC=1C=2C=5N=43,MAO,1000.0,Cc1ccccc1,293.15,1.0,1.0,172000.0,55.4,24.1,20.5,,,Cr,"(N,N,N)"
N1(=C(C2C=CC=CC=2)[P+](C2=CC=CC=C2)(C2=CC=CC=C2)[Cr]231(OC(C(CCCC)CC)=O2)OC(C(CCCC)CC)=O3)C1=C(C(C)C)C=CC=C1C(C)C,MMAO-3A,500.0,"CC1CCCCC1,ZnEt2",333.15,45.0,1.0,6915999.999999999,1.1,32.4,54.0,68.2,87.4,Cr,"(N,O,O,O,O,P)"
C1C=C(C2C=CC=CC=2)N2[Ni]3(Cl)(Cl)N(C4C(C(C)C)=CC=CC=4C(C)C)=C(C)C4C=CC5C=CC=1C=2C=5N=43,DEAC,300.0,Cc1ccccc1,303.15,10.0,0.5,3960000.0000000005,98.9,1.1,,63.4,,Ni,"(N,N,N)"
C1C=CC(CC)=C(N2[Fe]3(Cl)(Cl)N(C4C(F)=CC=CC=4F)=C(C)C4C=CC=C(N=43)C=2C)C=1,MMAO,1000.0,Cc1ccccc1,293.15,1.0,1.0,680000.0,16.3,,,,,Fe,"(N,N,N)"
N12CC3N([Ni](Br)(Br)N1=C([Fe])C=C2C)=CC=CC=3,EADC,400.0,Clc1ccccc1,298.15,10.0,1.0,1023023.6000000001,,,,,,Ni,"(N,N); (C)"
C1C(CO)=N2[Ni](Cl)(Cl)N(C3C(C)=CC(C)=CC=3C)=C3CCCC(C=1)=C23,MMAO,5500.0,Cc1ccccc1,303.15,10.0,0.5,2230000.0,15.5,84.4,,75.9,49.0,Ni,"(N,N)"
CCCCCCCCCCCCN1CCC(=O)NCCCCN2[Ni]3(N(=CC4C(O3)=CC=CC=4)CCCCNC(=O)CC1)OC1C=CC=CC=1C=2,MAO,500.0,Cc1ccccc1,288.15,5.0,0.5,117000.0,44.46,7.46,44.68,,,Ni,"(N,N,O,O)"
C1=CC2C=N3[Ni]4(N(=CC5C=CC=CC=5O4)CCCCNC(CCN(CCCCCCCCCCCC)CCC(=O)NCCCC3)=O)OC=2C=C1,DEAC,500.0,Clc1ccccc1,298.15,5.0,0.5,669000.0,82.59,7.46,3.97,,,Ni,"(N,N,O,O)"
C1C=CC2N3[Ni](Cl)(Cl)N(C4C(CC)=CC(C)=CC=4CC)=C4CCCC(=CC=2C=1)C=34,TMA,300.0,Cc1ccccc1,303.15,10.0,0.5,574000.0,48.7,9.3,42.0,,,Ni,"(N,N)"
C1=CC=N2[Co]3(Cl)(Cl)N4C5C=CC=CC=5NC=4C4C=CC5=CC=C1C2=C5N=43,MMAO,1500.0,Cc1ccccc1,333.15,30.0,0.33,490000.0000000001,97.7,2.3,,33.2,,Co,"(N,N,N)"
C1C=CC(Cl)=C(N2[Ni]3(Cl)(Cl)N4C5C=CC=CC=5NC=4C4C=CC=C(N=43)C=2C)C=1Cl,DEAC,300.0,Cc1ccccc1,313.15,10.0,0.5,9310000.0,82.1,11.9,,81.9,,Ni,"(N,N,N)"
C1C=CC(C)=C(N2[Fe]3(Cl)(Cl)N4C5C=CC=C(Cl)C=5NC=4C4C=CC=C(N=43)C=2C)C=1C,MMAO,1000.0,Cc1ccccc1,303.15,30.0,0.5,60000.0,41.1,21.1,10.3,,,Fe,"(N,N,N)"
C1C(C)(C)N2[Ni](Cl)(Cl)[P+](C3C=CC=CC=3)(C3C=CC=CC=3)OC(C)(C)C=2O1,EADC,6.0,Cc1ccccc1,303.15,10.0,0.5833333333333334,1388475.0,64.0,33.0,3.0,8.0,,Ni,"(N,P)"
C1=CC=N2[Fe]3(Cl)(Cl)N4C5C=CC=CC=5N(CC5C=CC=CC=5)C=4C4C=CC5=CC=C1C2=C5N=43,MMAO,1000.0,Cc1ccccc1,293.15,30.0,0.33,715000.0,92.9,7.1,,75.3,,Fe,"(N,N,N)"
C(CCCC)CCCCCCCCCCCCCN1CCC(=O)NCCN2[Fe]3(N(=CC4C(O3)=CC=CC=4)CCNC(=O)CC1)OC1C=CC=CC=1C=2,MAO,500.0,Cc1ccccc1,298.15,5.0,0.5,74600.0,62.64,10.76,15.35,,,Fe,"(N,N,O,O)"
C1=CC2C=N3[Ni]4(N(=CC5C=CC=CC=5O4)CCCCNC(CCN(CCCCCCCCCCCC)CCC(=O)NCCCC3)=O)OC=2C=C1,DEAC,1000.0,Cc1ccccc1,308.15,5.0,0.5,1607999.9999999998,70.93,13.13,1.7,,,Ni,"(N,N,O,O)"
C1(=N(C2C(Br)=CC=CC=2Br)[Co]2(Cl)(Cl)N3C4C=CC=CC=4N(C)C=3C3C=CC=C1N=32)C,MAO,1000.0,Cc1ccccc1,293.15,30.0,0.5,56100.00000000001,75.8,24.2,,,,Co,"(N,N,N)"
C1C(O)=CC2O[Ni]34OC5=CC(O)=CC=C5C=N3CCN4=CC=2C=1,MAO,500.0,Cc1ccccc1,298.15,7.0,0.5,201200.0,12.76,30.12,28.96,,,Ni,"(N,N,O,O)"
C(N(CCC(=O)NCCN1C2N([Ni](Cl)(Cl)N3C=CC=CC1=3)=CC=CC=2)CCCC)CC(=O)NCCN1C2N([Ni](Cl)(Cl)N3C=CC=CC1=3)=CC=CC=2,MAO,700.0,Cc1ccccc1,328.15,40.0,0.5,254000.00000000003,61.1,21.08,13.68,,,Ni,"(N,N)"
N12CCN3(CC4C=CC=CC=4)[Cr](Cl)(Cl)(Cl)(N4=C(C)C=C(C)N4CC3)N1=C(C)C=C2C,MAO,300.0,Cc1ccccc1,353.15,20.0,0.25,319770.0,10.7,15.2,16.1,100.0,100.0,Cr,"(N,N,N)"
C1(=N(C2C(C)=CC=CC=2C)[Co]2(Cl)(Cl)N3C4C=CC=CC=4N(C)C=3C3C=CC=C1N=32)C,MAO,1000.0,Cc1ccccc1,293.15,1.0,0.5,880.0,100.0,0.0,,,,Co,"(N,N,N)"
C1C=CC=N2[Ni]345[O+]6([Ni]789([O+]%10([Ni]%11%12%136(Br3)N3C=CC=CC=3C(=O)N%11C3C=CC=CN=3[Ni]3%10(Br7)O%12C(=NC6N%13=CC=CC=6)C6N3=CC=CC=6)C)(N3C=CC=CC=3C(=O)N8C3C=CC=CN4=3)N3=CC=CC=C3N=C(O59)C=12)C,MAO,1000.0,Cc1ccccc1,293.15,30.0,0.5,2700000.0,96.8,3.2,,96.1,,Ni,"(N,N,O,O); (N,N,N,O,O,O)"
C1=CC=N2[Ni]3(Cl)(Cl)N4C5C=CC=CC=5OC=4C4C=CC5=CC=C1C2=C5N=43,DEAC,200.0,Cc1ccccc1,293.15,1.0,0.33,383000.0,90.4,9.6,,52.9,,Ni,"(N,N,N)"
C1C=C(C2C=CC=CC=2)N2[Fe]3(Cl)(Cl)N(C4C(C)=CC=CC=4C)=C(C4C=CC=CC=4)C4C=CC5C=CC=1C=2C=5N=43,MAO,500.0,Cc1ccccc1,293.15,1.0,0.5,2949.9999999999995,100.0,0.0,,100.0,,Fe,"(N,N,N)"
C1C=C2C3C=CC=CN=3[Ni](Br)(C3C(C)=CC=CC=3C)N2=CC=1,MAO,300.0,Cc1ccccc1,298.15,5.0,0.25,3240000.0000000005,53.74220374220375,27.027027027027028,12.058212058212058,,,Ni,"(C,N,N)"
C1C=N2[Ni]3(I)(N(OC)=C(C)C4=N3C=CC=C4)(I)N(OC)=C(C)C2=CC=1,DEAC,100.0,Cc1ccccc1,318.15,20.0,0.5,3999312.6700000004,90.0,10.0,0.0,99.5,,Ni,"(N,N,N,N)"
C1C2C=CC(C(C)C)=N3[Fe]4(Cl)(Cl)N5C(C)=CC=CC=5C=N4C(=CC=1)C=23,MMAO,2000.0,Cc1ccccc1,293.15,30.0,0.3333333333333333,2770000.0,97.9,2.1,,97.6,,Fe,"(N,N,N)"
CCCCCCCCCCCCN1CCC(=O)NCCN2[Co]3(OC4C=CC=CC=4C=N3CCNC(=O)CC1)OC1=CC=CC=C1C=2,MAO,500.0,CC1CCCCC1,298.15,5.0,0.5,49900.0,73.7,11.38,10.41,,,Co,"(N,N,O,O)"
C1C=C(C)C2N3[Ni](Cl)(Cl)N4C5C=CC=CC=5N(C(C)C)C=4C=3C=CC=2C=1,DEAC,250.0,Cc1ccccc1,303.15,10.0,0.33,1590000.0,93.5,6.5,,78.8,,Ni,"(N,N)"
C1=CC=N2[Co]3(Cl)(Cl)N4C5C=CC=CC=5NC=4C4C=CC5=CC=C1C2=C5N=43,MMAO,1500.0,Cc1ccccc1,353.15,30.0,0.33,162000.0,98.5,1.5,,23.6,,Co,"(N,N,N)"
C1CC[P+]([Cr](O2CCCC2)(Cl)(Cl)(Cl)[NH2+]1)(C1C=CC=CC=1)C1C=CC=CC=1,MAO,700.0,Cc1ccccc1,323.15,45.0,0.78,20410000.0,,27.3,64.2,,93.2,Cr,"(N,O,P)"
C1C=CN2[Cr]3(Cl)(Cl)(Cl)N(C4C(CC)=CC=CC=4CC)=C(C4C=CC=CC=4)C4C=CC5C=CC=1C=2C=5N=43,DEAC,500.0,Cc1ccccc1,293.15,1.0,1.0,30000.0,100.0,0.0,0.0,,,Cr,"(N,N,N)"
CCCCCCCCCCCCN1CCC(=O)NCCN2[Ni]3(N(=CC4C(O3)=CC=CC=4)CCNC(=O)CC1)OC1C=CC=CC=1C=2,EADC,500.0,Cc1ccccc1,298.15,5.0,0.5,3786000.0,6.45,4.43,2.38,,,Ni,"(N,N,O,O)"
C1C=CN2[Cr]3(Cl)(Cl)(Cl)N(C4C(C)=CC=CC=4C)=C(C4C=CC=CC=4)C4C=CC5C=CC=1C=2C=5N=43,MAO,1000.0,Cc1ccccc1,353.15,10.0,1.0,6660000.0,15.3,31.2,53.5,,,Cr,"(N,N,N)"
C1C(O)=CC2O[Ni]34OC5=CC(O)=CC=C5C=N3CCCCN4=CC=2C=1,MAO,500.0,Cc1ccccc1,298.15,5.0,0.5,118000.00000000001,10.13,25.93,29.64,,,Ni,"(N,N,O,O)"
C1C=C2C3=N4[Co](Cl)(Cl)(N(C5C(C(C)C)=CC=CC=5C(C)C)=C3C3=CC=CC(C=1)=C23)N(C)(C)CC4,MAO,1200.0,Cc1ccccc1,303.15,1.3,0.5,72800.0,42.2,57.8,,59.952606635071085,30.27681660899654,Co,"(N,N,N)"
C1C=CC(C)=C(N2=C(C)C3N4[Ni]2(Cl)(Cl)N2C5C=CC=C(C)C=5NC=2C=4C=CC=3)C=1C,DEAC,700.0,Cc1ccccc1,303.15,10.0,0.5,2800000.0,99.9,0.0,,,,Ni,"(N,N,N)"
N1(C2CCCC2)[P+](C2C=CC=CC=2)(C2C=CC=CC=2)[Ni](Br)(Br)[P+](C2C=CC=CC=2)(C2C=CC=CC=2)[Si]1(C)C,EADC,500.0,C1CCCCC1C,318.15,10.0,0.5,94000000.0,83.8,16.2,,34.4,8.0,Ni,"(P,P)"
CC(C)CN1[P+](C2C=CC=CC=2)(C2C=CC=CC=2)[Cr]2(Cl[Cr]3(Cl)(Cl)([P+](N(CC(C)C)[P+]3(C3C=CC=CC=3)C3C=CC=CC=3)(C3C=CC=CC=3)C3C=CC=CC=3)Cl2)(Cl)(Cl)[P+]1(C1C=CC=CC=1)C1C=CC=CC=1,MMAO,600.0,Cc1ccccc1,318.15,45.0,0.5,10311600.0,,19.6,69.3,,36.2,Cr,"(P,P)"
C12CO[P+](C(C)(C)C)(C(C)(C)C)[Ni](Cl)(Cl)N=1C=CC=C2,MAO,2000.0,Cc1ccccc1,303.15,10.0,0.5,883575.0,76.6,19.0,3.7,,11.8,Ni,"(N,P)"
C1C=CC(Cl)=C(N2[Ni]3(Br)(Br)N4C5C=CC=CC=5NC=4C4C=CC=C(N=43)C=2C)C=1Cl,DEAC,300.0,Cc1ccccc1,313.15,10.0,0.5,9170000.0,85.2,10.6,,76.3,,Ni,"(N,N,N)"
C12C[P+](C3C=CC=CC=3)(C3C=CC=CC=3)[Ni](Br)(Br)N=1CCO2,EADC,4.0,Clc1ccccc1,300.65,13.0,0.5833333333333334,1792395.0,68.0,29.0,3.0,4.0,,Ni,"(N,P)"
C1C(CO)=N2[Ni](Cl)(Cl)N(C3C(C(C)C)=CC=CC=3C(C)C)=C3CCCC(C=1)=C23,MMAO,5500.0,Cc1ccccc1,303.15,10.0,0.5,2110000.0,12.9,87.1,,93.4,49.1,Ni,"(N,N)"
C1C=CC(C(C)C)=C(N2[Fe]3(Cl)(Cl)(Cl)N4=C(C5N(C)C6C=CC=CC=6N=53)C=CC=C4C=2C)C=1C(C)C,MAO,500.0,Cc1ccccc1,293.15,1.0,0.5,4079.9999999999995,73.6,8.7,,,,Fe,"(N,N,N)"
N1(C2CCCC2)[P+](C2C=CC=CC=2)(C2C=CC=CC=2)[Ni](Br)(Br)[P+](C2C=CC=CC=2)(C2C=CC=CC=2)[Si]1(C)C,EADC,500.0,C1CCCCC1C,318.15,10.0,0.5,7000000.0,76.2,23.8,,7.2,1.3,Ni,"(P,P)"
C1(C(C)C)C=CC=C(C(C)C)C=1N1[Ni](Br)(Br)[P+](C(C)C)(C(C)C)OC=1C,DEAC,3100.0,Cc1ccccc1,303.15,5.0,1.0,4322505.0,88.0,12.0,0.0,40.0,,Ni,"(N,P)"
C1C(C)=CC(C(C2C=CC=CC=2)C2C=CC=CC=2)=C(N2[Ni]3(Br)(Br)N(C4C(C(C)C)=CC=CC=4C(C)C)=C(C)C4C=CC=C(N=43)C=2C)C=1C(C1C=CC=CC=1)C1C=CC=CC=1,EASC,500.0,Cc1ccccc1,313.15,10.0,0.5,74000.0,95.1,4.9,,94.5,,Ni,"(N,N,N)"
C1C2C3C=NC4C=CC=CC=4N=3[Ni]3(Br)(Br)N=2C(C(C)=N3C2C(F)=CC=CC=2F)=CC=1,"CC[Al](Cl)CC,PPh3",700.0,Cc1ccccc1,293.15,1.0,0.5,340000.0,97.1,2.9,,,,Ni,"(N,N,N)"
C1C=CN2[Co]3(Cl)(Cl)N4=C(C(C5C=CC=CC=5)=N3C3C(C(C)C)=CC=CC=3C(C)C)C=CC3C=CC=1C=2C=34,MMAO,1000.0,Cc1ccccc1,333.15,1.0,0.5,121000.00000000001,100.0,0.0,,,,Co,"(N,N,N)"
C1=C2CP(C3C=CC=CC=3)(C3C=CC=CC=3)=O[Ni]3(Br)(Br)N4=C(C5C=CC=CC=5)C=C(C5C=CC=CC=5)N4CC(C=C1)=N23,EADC,250.0,Cc1ccccc1,303.15,10.0,1.0,100000.0,100.0,0.0,0.0,0.0,0.0,Ni,"(N,N,O)"
C1C=CC=C(OCCN2[Co](Cl)(Cl)OC3=CC=CC=C3C=2)C=1,MAO,700.0,Cc1ccccc1,323.15,20.0,0.5,216000.0,48.53,16.23,15.38,,,Co,"(N,O)"
N1(=C(C2C=CC=CC=2)[P+](C2=C(OC)C=CC=C2)(C2=C(OC)C=CC=C2)[Cr]231(OC(C(CCCC)CC)=O2)OC(C(CCCC)CC)=O3)C1=C(C)C=CC=C1,MMAO-3A,500.0,"CC1CCCCC1,ZnEt2",333.15,45.0,1.07,4524000.0,1.0,54.1,38.5,87.0,96.0,Cr,"(N,O,O,O,O,P)"
N12CN3C(C)=C(Cl)C(C)=N3[Ni](Br)(Br)N1=C(C)C(Cl)=C2C,DEAC,150.0,Cc1ccccc1,303.15,3.8,0.5,1241999.9999999998,91.5,8.0,,38.6,21.4,Ni,"(N,N)"
C1C=C2C3=N([Ni]4(OC2=CC=1)OC1=CC=CC=C1C1=N4C2C=CC=CC=2N1)C1C=CC=CC=1N3,"CC[Al](Cl)CC,PPh3",200.0,Cc1ccccc1,293.15,30.0,0.5,6520000.0,91.1,9.1,,,,Ni,"(N,N,O,O)"
C1C=CN2[Cr]3(Cl)(Cl)(Cl)N4C5C=C(C(C)(C)C)C=CC=5OC=4C4C=CC5C=CC=1C=2C=5N=43,MMAO,1000.0,Cc1ccccc1,293.15,1.0,0.5,573000.0,73.5,18.4,,,,Cr,"(N,N,N)"
C1=CC=N2[Co]3(Cl)(Cl)N4C5C=CC=CC=5N(CC5C=CC=CC=5)C=4C4C=CC5=CC=C1C2=C5N=43,MMAO,1500.0,Cc1ccccc1,293.15,30.0,0.33,702000.0,90.7,9.3,,71.2,,Co,"(N,N,N)"
C1C=C2[S+]([Cr](O3CCCC3)(Cl)(Cl)(Cl)N(C(C)(C)C)=CC2=CC=1)C1C=CC=CC=1,MAO,1200.0,Cc1ccccc1,353.15,20.0,0.25,5820375.0,17.2,19.7,17.9,,,Cr,"(N,O,S)"
C(N(CCC(=O)NCCN1C2N([Ni](Cl)(Cl)N3C=CC=CC1=3)=CC=CC=2)CCCCCC)CC(=O)NCCN1C2N([Ni](Cl)(Cl)N3C=CC=CC1=3)=CC=CC=2,MAO,700.0,C1CCCCC1,328.15,40.0,0.5,147000.0,66.21,16.84,6.85,,,Ni,"(N,N)"
C1C=CC2[P+](C3C=CC=CC=3)(C3C=CC=CC=3)[Ni](Br)(Br)N3C(C)(C)COC=3C=2C=1,MAO,1500.0,Cc1ccccc1,298.15,1.0,0.5,110000.00000000001,95.45,4.55,,,,Ni,"(N,P)"
C1C=CC2N3[Ni](Cl)(Cl)N(C4C(C)=CC(C)=CC=4C)=C4CCCC(=CC=2C=1)C=34,TMA,300.0,Cc1ccccc1,303.15,10.0,0.5,836000.0,37.7,10.1,52.2,,,Ni,"(N,N)"
C1(=O[Fe]2(Cl)(Cl)N3C4C=CC=CC=4N(C)C=3C3C=CC=C1N=32)C,DEAC,200.0,Cc1ccccc1,333.15,20.0,0.5,182000.00000000003,72.6,27.4,,,,Fe,"(N,N,O)"
C1C(C2C=CC=CC=2)=N2[Ni](Br)(Br)N3=C(C4C=CC=CC=4)C=CC4C=CC(C=1)=C2C=43,MAO,500.0,Cc1ccccc1,293.15,10.0,0.5,724000.0,76.1,23.9,,,,Ni,"(N,N)"
C1C=CC2N3[Ni]4(N(C5C(C(C)C)=CC=CC=5C(C)C)=C(C)C5NC6C=CC=CC=6N=54)(Br)(Br)N(C4C(C(C)C)=CC=CC=4C(C)C)=C(C)C=3NC=2C=1,MAO,1500.0,Cc1ccccc1,288.15,1.0,0.5,195000.0,13.77,17.79,11.53,,,Ni,"(N,N,N,N)"
C1C(CO)=N2[Ni](Cl)(Cl)N(C3C(C(C)(C)C)=CC(C(C)(C)C)=CC=3C(C)(C)C)=C3CCCC(C=1)=C23,DEAC,700.0,Cc1ccccc1,303.15,10.0,0.5,811999.9999999999,64.9,35.1,,97.6,32.8,Ni,"(N,N)"
C1C(CO)=N2[Ni](Cl)(Cl)N(C3C(C(C)(C)C)=CC(C(C)(C)C)=CC=3C(C)(C)C)=C3CCCC(C=1)=C23,DEAC,800.0,Cc1ccccc1,293.15,10.0,0.5,430999.99999999994,81.0,19.0,,98.1,40.1,Ni,"(N,N)"
C1C=CC2N3[Ni]4(N(C5C(C)=CC(C)=CC=5C)=C(C)C5NC6C=CC=CC=6N=54)(Br)(Br)N(C4C(C)=CC(C)=CC=4C)=C(C)C=3NC=2C=1,MAO,1500.0,Cc1ccccc1,288.15,1.0,0.5,199000.0,2.07,15.84,14.29,,,Ni,"(N,N,N,N)"
C1C2C3=N([Ni]4(Cl)(Cl)/N(=C\C5C=CC=CC=5)/C5=CC=CC(C=1)=C5N=24)C1C=CC=CC=1N3,DEAC,200.0,Cc1ccccc1,313.15,10.0,0.3333333333333333,3400000.0,94.8,5.2,,67.2,,Ni,"(N,N,N)"
C1C(OC)=CC=C(N2[Ni]3(Cl)(Cl)N4=C(C(C)=N3C3C=CC(OC)=CC=3C)C=CC=C4C=2C)C=1C,MAO,500.0,Cc1ccccc1,298.15,1.0,0.5,5000.0,100.0,0.0,0.0,,,Ni,"(N,N,N)"
N1(=C(C2C=CC=CC=2)[P+](C(C)C)(C(C)C)[Cr]231(OC(C(CCCC)CC)=O2)OC(C(CCCC)CC)=O3)C1=C(C(C)C)C=CC=C1C(C)C,MMAO-3A,500.0,CC1CCCCC1,333.15,40.0,1.47,102128000.0,0.0,81.9,15.2,,99.6,Cr,"(N,O,O,O,O,P)"
C1(N2[P+]([Ni](Cl)(Cl)S[P+]2(C2C=CC=CC=2)C2C=CC=CC=2)(C2C=CC=CC=2)C2C=CC=CC=2)CCC(SC)CC1,EADC,40.0,Clc1ccccc1,302.15,10.0,0.6,1889818.0,73.0,23.0,4.0,0.0,,Ni,"(P,S)"
C1C=CN2[Cr]3(Cl)(Cl)(Cl)N(C4C(CC)=CC=CC=4CC)=C(C4C=CC=CC=4)C4C=CC5C=CC=1C=2C=5N=43,MAO,1000.0,Cc1ccccc1,293.15,1.0,2.0,701000.0,43.2,33.2,23.6,,,Cr,"(N,N,N)"
C1C=CC(Br)=C(N2=C(C)C3N4[Co]2(Cl)(Cl)N2C5C=CC=CC=5OC=2C=4C=CC=3)C=1Br,MAO,1000.0,Cc1ccccc1,293.15,10.0,0.5,752000.0,100.0,0.0,,100.0,,Co,"(N,N,N)"
[P+]12(C3=CC=CC=C3)CC3=N(C=CC=C3)[Ni]1(N1C(C2)=CC=CC=1)(Cl)Cl,MAO,100.0,Clc1ccccc1,303.15,10.0,0.5833333333333334,260865.0,71.0,26.0,3.0,,,Ni,"(N,N,P)"
C1(C(C)C)C=CC=C(C(C)C)C=1N1[Ni](Br)(Br)[P+](C(C)C)(C(C)C)OC=1C(C)(C)C,MMAO,600.0,Cc1ccccc1,273.15,5.0,1.0,308550.0,80.0,17.0,3.0,19.0,,Ni,"(N,P)"
C1C2C3C=NC4C=CC=CC=4N=3[Ni]3(Cl)(Cl)N=2C(C(C)=N3C2C(C)=CC=CC=2C)=CC=1,DEAC,700.0,Cc1ccccc1,293.15,30.0,0.5,1370000.0,61.8,38.2,,,,Ni,"(N,N,N)"
C1C=CC2O(C)[Cr]345(Cl)O(C)C6=CC=CC=C6N3P3N(C(C)(C)C)P(N4C=2C=1)N53C(C)(C)C,MAO,1000.0,Cc1ccccc1,343.15,35.0,0.5,6700000.0,0.0,0.0,0.0,,,Cr,"(N,N,N,O,O)"
C1C=C(C2C=CC=CC=2)N2[Co]3(Cl)(Cl)N(C4C(CC)=CC=CC=4CC)=C(C4C=CC=CC=4)C4C=CC5C=CC=1C=2C=5N=43,MAO,500.0,Cc1ccccc1,273.15,1.0,0.5,364000.00000000006,91.0,7.6,,98.4,,Co,"(N,N,N)"
Cl[Ni](Cl)([P+](CCCC)(CCCC)CCCC)[P+](CCCC)(CCCC)CCCC,EADC,2.0,Clc1ccccc1,300.65,10.0,0.5833333333333334,235620.0,83.0,15.0,2.0,13.0,,Ni,"(P,P)"
C1C=CC=C2N3[Ni]4(Br[Ni]5(Br)(N6C7C=CC=CC=7N=CC=6C6N5=CC=CC=6)Br4)(Br)N4=CC=CC=C4C=3C=NC=12,MAO,1000.0,Cc1ccccc1,293.15,1.0,0.5,200000.0,89.3,10.7,,100.0,0.0,Ni,"(N,N)"
C1C(C2C=CC=CC=2)=N2[Ni](Cl)(Cl)N3=C(C4C=CC=CC=4)C=CC4C=CC(C=1)=C2C=43,MAO,500.0,Cc1ccccc1,293.15,10.0,0.5,1710000.0000000002,75.5,23.7,,,,Ni,"(N,N)"
C1C=CC=N2[Ni]345[O+]6([Ni]789([O+]%10([Ni]%11%12%136(Br3)N3C=CC=CC=3C(=O)N%11C3C=CC=CN=3[Ni]3%10(Br7)O%12C(=NC6N%13=CC=CC=6)C6N3=CC=CC=6)C)(N3C=CC=CC=3C(=O)N8C3C=CC=CN4=3)N3=CC=CC=C3N=C(O59)C=12)C,MAO,1000.0,Cc1ccccc1,313.15,30.0,0.5,1030000.0,97.7,2.3,,64.0,,Ni,"(N,N,O,O); (N,N,N,O,O,O)"
C1C=CN2[Cr]3(Cl)(Cl)(Cl)N(C4C(C)=CC=CC=4C)=C(C4C=CC=CC=4)C4C=CC5C=CC=1C=2C=5N=43,MAO,1000.0,Cc1ccccc1,293.15,1.0,1.0,436000.00000000006,72.4,23.6,4.0,,,Cr,"(N,N,N)"
CCCCCCCCCCCCN1CCC(=O)NCCCCN2[Ni]3(N(=CC4C(O3)=CC=CC=4)CCCCNC(=O)CC1)OC1C=CC=CC=1C=2,MAO,500.0,Cc1ccccc1,298.15,10.0,0.5,252999.99999999997,65.27,11.33,21.66,,,Ni,"(N,N,O,O)"
C1C=N2[Ni]3(Cl)(Cl)(N(O)=C(C)C4=CC=CC=N43)N(O)=C(C)C2=CC=1,DEAC,100.0,Cc1ccccc1,318.15,20.0,1.0,12237921.42,81.0,19.0,0.0,99.5,,Ni,"(N,N,N,N)"
N12CC3C=CC=C4CN5N(=C(C)C=C5C)[Ni](Cl)(Cl)(N1=C(C)C=C2C)N=34,EADC,250.0,Cc1ccccc1,315.15,10.0,0.5,2436000.0,64.0,25.0,11.0,,,Ni,"(N,N,N)"
P(C1[P+](C2C=CC=CC=2)(C2C=CC=CC=2)[Ni](Cl)(Cl)[P+]1(C1C=CC=CC=1)C1C=CC=CC=1)(=O)(OC)OC,EADC,6.0,Cc1ccccc1,296.15,10.0,0.58,1865605.5,60.0,36.0,4.0,4.0,1.0,Ni,"(P,P)"
C1=CC=N2[Fe]3(Cl)(Cl)N4C5C=CC=CC=5NC=4C4C=CC5=CC=C1C2=C5N=43,MMAO,1000.0,Cc1ccccc1,293.15,30.0,0.33,3510000.0,95.0,5.0,,92.0,,Fe,"(N,N,N)"
C12C(C)=N(C3C=CC=C(C(C)(C)C)C=3)[Fe]3(Cl)(Cl)(Cl)N=1C(C(=N3C1C=C(C(C)(C)C)C=CC=1)C)=CC=C2,MAO,2500.0,Cc1ccccc1,333.15,10.0,1.0,2833695.652173913,41.5,45.1,10.5,99.3,64.8,Fe,"(N,N,N)"
N12CN3C(C)=C(I)C(C)=N3[Ni](Br)(Br)N1=C(C)C(I)=C2C,EASC,150.0,Cc1ccccc1,303.15,3.8,0.5,909000.0,90.9,8.4,,48.9,23.8,Ni,"(N,N)"
S(C)CCCN1[P+]([Ni](Cl)(Cl)[P+]1(C1C=CC=CC=1)C1C=CC=CC=1)(C1C=CC=CC=1)C1C=CC=CC=1,EADC,10.0,Clc1ccccc1,302.15,10.0,0.58,1004190.0,77.0,20.0,2.0,,,Ni,"(P,P)"
C1C=CC(C2C=CC=CC=2)=N2[Ni](Br)(Br)N3=C(C4C=CC=CC=4)C=CC=C3C=12,EASC,150.0,Cc1ccccc1,303.15,1.3,0.5,200015.52,95.0,4.0,0.0,85.3,,Ni,"(N,N)"
C1(N(CCOC)C=C[N+]=1CCCC)[Ni](C1N(CCOC)C=C[N+]=1CCCC)(Br)Br,EADC,15.0,Cc1ccccc1,303.15,10.0,0.58,933171.0,70.0,27.0,,9.0,2.0,Ni,"(C,C)"
C1(OC)C=CC2[P+](C3C=CC=CC=3)(C3C=CC=CC=3)[Ni](Br)(Br)N3C(C)(C)COC=3C=2C=1,MAO,1000.0,Cc1ccccc1,298.15,1.0,0.5,395000.0,84.13,14.79,,,,Ni,"(N,P)"
C1=CC2C=N3[Ni]4(N(=CC5C=CC=CC=5O4)CCCCCCNC(CCN(CCCCCCCCCCCC)CCC(=O)NCCCCCC3)=O)OC=2C=C1,DEAC,500.0,Cc1ccccc1,298.15,5.0,0.5,543000.0,86.47,6.36,1.41,,,Ni,"(N,N,O,O)"
C1(=N(C2C(C)=CC=CC=2C)[Co]2(Cl)(Cl)N3C4C=CC=CC=4N(C)C=3C3C=CC=C1N=32)C,MAO,1000.0,Cc1ccccc1,293.15,10.0,0.5,14000.0,100.0,0.0,,,,Co,"(N,N,N)"
C12C=N3[Ni]4(N(=CC5C(O4)=C(C(C)(C)C)C=CC=5)CC3)OC=1C(C(C)(C)C)=CC=C2,MAO,275.0,C1CCCCC1,323.15,40.0,0.5,930000.0000000001,54.9,23.1,8.2,76.3,51.2,Ni,"(N,N,O,O)"
C1C=CN2[Co]3(Cl)(Cl)N4=C(C(C5C=CC=CC=5)=N3C3C(C(C)C)=CC=CC=3C(C)C)C=CC3C=CC=1C=2C=34,MAO,500.0,Cc1ccccc1,313.15,10.0,1.0,1460000.0,64.2,35.0,0.8,,,Co,"(N,N,N)"
C1C=CN2[Fe]3(Cl)(Cl)N4=C(C=N3C3C(C)=CC(Br)=CC=3C)C=CC3C=CC=1C=2C=34,MAO,1000.0,Cc1ccccc1,313.15,10.0,1.0,5960000.0,20.4,20.7,58.9,,,Fe,"(N,N,N)"
C1C2C3=N([Ni]4(Cl)(Cl)/N(=C\C5C=CC=CC=5[N+](=O)[O-])/C5=CC=CC(C=1)=C5N=24)C1C=CC=CC=1N3,DEAC,202.0,Cc1ccccc1,293.15,10.0,0.3333333333333333,3500000.0,88.4,11.6,,86.2,,Ni,"(N,N,N)"
C1C(Br)=N2[Ni](Br)(Br)N3=C(C)C=C(C)N3C2=CC=1,MAO,1000.0,Cc1ccccc1,304.65,10.0,2.0,750000.0,78.0,11.0,8.0,82.0,48.0,Ni,"(N,N)"
C1C(C)=N2[Ni](Cl)(Cl)N3=C(C)C=CC4C=CC(C=1)=C2C=43,MAO,500.0,Cc1ccccc1,293.15,10.0,0.5,627000.0,98.7,1.3,,,,Ni,"(N,N)"
C1C2C(=N(C3C(Cl)=CC=CC=3Cl)[Ni]3(Cl)(Cl)N=2C(C2OC4C=CC=CC=4N=23)=CC=1)C,DEAC,200.0,Cc1ccccc1,323.15,10.0,0.5,1250000.0,94.3,5.7,,77.7,,Ni,"(N,N,N)"
N12[Cr](Cl)(O3CCCC3)(Cl)(OC3C(C(C)(C)C)=CC(C(C)(C)C)=CC=3C=1)N1=CC=C(C3C(C)=CC(C)=CC=3C)N1CC2,MAO,300.0,Cc1ccccc1,353.15,20.0,0.25,406725.0,20.5,20.9,18.2,81.1,92.4,Cr,"(N,N,O,O)"
C1C=CN2[Ni]34(Br)([NH+](CCOC)CC5C=CC=CN=53)[NH+](CCO4C)CC=2C=1,EADC,200.0,Cc1ccccc1,303.15,30.0,1.0,4220000.0,69.0,28.0,3.0,87.0,57.0,Ni,"(N,N,N,N,O)"
C1CC[P+]([Cr](O2CCCC2)(Cl)(Cl)(Cl)[NH2+]1)(C1C=CC=CC=1)C1C=CC=CC=1,MAO,700.0,Cc1ccccc1,318.15,45.0,0.78,22630400.0,,25.3,67.5,,92.8,Cr,"(N,O,P)"
C1C=CC2N3[Ni](Br)(Br)N(C4C(C(C)C)=CC=CC=4C(C)C)=C4CCCC(=CC=2C=1)C=34,TMA,350.0,Cc1ccccc1,303.15,10.0,0.5,505000.0,34.6,12.1,53.3,,,Ni,"(N,N)"
C1C=CC=C(OCCN2[Ni](Cl)(Cl)OC3=CC=CC=C3C=2)C=1,MAO,300.0,Cc1ccccc1,313.15,20.0,0.5,202999.99999999997,85.33,7.58,4.72,,,Ni,"(N,O)"
C1C=C2[S+]([Cr](O3CCCC3)(Cl)(Cl)(Cl)N(C3C=CC=CC=3)=CC2=CC=1)C1C=CC=CC=1,MAO,300.0,Cc1ccccc1,353.15,20.0,0.25,95370.0,19.9,21.3,18.9,,,Cr,"(N,O,S)"
C(N(CCC(=O)NCCN1C2N([Ni](Cl)(Cl)N3C=CC=CC1=3)=CC=CC=2)CCCCCC)CC(=O)NCCN1C2N([Ni](Cl)(Cl)N3C=CC=CC1=3)=CC=CC=2,MAO,700.0,C1CCCC(C)C1,328.15,40.0,0.5,172000.0,52.75,28.33,9.16,,,Ni,"(N,N)"
C1C=CN2[Ni](Cl)(Cl)[P+](C3C=CC=CC=3)(C3C=CC=CC=3)OC(C)(C)C=2C=1,EADC,2.0,Cc1ccccc1,303.15,10.0,0.5833333333333334,457215.0,87.0,13.0,0.1,18.0,,Ni,"(N,P)"
C1C=CC(Br)=C(N2=C(C)C3N4[Co]2(Cl)(Cl)N2C5C=CC=CC=5OC=2C=4C=CC=3)C=1Br,MAO,500.0,Cc1ccccc1,293.15,10.0,0.5,566000.0,99.5,0.5,,99.5,,Co,"(N,N,N)"
C1C(O)=CC2O[Ni]34OC5=CC(O)=CC=C5C=N3CCCCN4=CC=2C=1,MAO,500.0,Cc1ccccc1,298.15,10.0,0.5,210500.0,12.15,27.84,31.07,,,Ni,"(N,N,O,O)"
C1C=C(C)C2N3[Ni](Cl)(Cl)N4C5C=CC=CC=5N(C)C=4C=3C=CC=2C=1,MAO,1000.0,Cc1ccccc1,303.15,10.0,0.33,230000.00000000003,94.0,6.0,,88.0,,Ni,"(N,N)"
C1C2C3=N([Ni]4(Cl)(Cl)/N(=C\C5C=CC=CC=5)/C5=CC=CC(C=1)=C5N=24)C1C=CC=CC=1N3,DEAC,300.0,Cc1ccccc1,293.15,10.0,0.3333333333333333,6700000.0,96.7,3.3,,89.3,,Ni,"(N,N,N)"
C1N=C2C3N=CC=CC=3/C(=N3/NC(=O[Ni]4/3(/N(=C3\C5C=CC=NC=5C5N=CC=CC\3=5)/NC(C3C=CC=CC=3)=O4)(Cl)Cl)C3C=CC=CC=3)/C2=CC=1,MAO,1000.0,Cc1ccccc1,303.15,1.0,1.0,159000.0,65.4,27.0,7.6,100.0,32.3,Ni,"(N,N,O,O)"
C1C=C(C2C=CC=CC=2)N2[Cr]3(Cl)(Cl)(Cl)N4C5C=CC=CC=5SC=4C4C=CC5C=CC=1C=2C=5N=43,MMAO,1500.0,Cc1ccccc1,333.15,1.0,0.5,178000.0,59.2,23.1,,,,Cr,"(N,N,N)"
C1=C2CP(C3C=CC=CC=3)(C3C=CC=CC=3)=O[Ni]3(Br)(Br)N4=C(C)C=C(C)N4CC(C=C1)=N23,EADC,250.0,Cc1ccccc1,303.15,10.0,2.0,140000.0,97.0,3.0,,5.0,,Ni,"(N,N,O)"
C1=C2C=CC(C)=N3C2=C(C2SC4C=CC=CC=4N=2[Ni]3(Cl)Cl)C=C1,EASC,600.0,Cc1ccccc1,313.15,10.0,0.3,3619412.3,94.7,5.3,0.0,52.3,,Ni,"(N,N)"
C1C=CC2N3[Ni](Br)(Br)N(C4C(C)=CC=CC=4C)=C(C(C)(C)C)C=3C=CC=2C=1,MMAO,2500.0,Cc1ccccc1,313.15,5.0,0.25,3180000.0,8.8,88.1,,,,Ni,"(N,N)"
C1C(C)=CC(C(C2C=CC=CC=2)C2C=CC=CC=2)=C(N2=C(C)C3N4[Ni]2(Cl)(Cl)N(C2C(C)=CC=CC=2C)=C(C)C=4C=CC=3)C=1C(C1C=CC=CC=1)C1C=CC=CC=1,EASC,300.0,Cc1ccccc1,313.15,10.0,0.5,420000.0,95.8,4.2,,89.7,,Ni,"(N,N,N)"
C1C2C=CC=N3[Co]4(Cl)(Cl)N5C(C)=CC=CC=5C=N4C(=CC=1)C=23,MMAO,1500.0,Cc1ccccc1,293.15,30.0,0.3333333333333333,1780000.0,97.2,2.8,,96.3,,Co,"(N,N,N)"
C1C=CC(C)=C(N2[Ni]3(Cl)(Cl)N4C5C=CC=CC=5NC=4C4C=CC=C(N=43)C=2C)C=1C,DEAC,300.0,Cc1ccccc1,293.15,10.0,0.5,860000.0,89.9,9.2,,86.7,,Ni,"(N,N,N)"
C1C=CN2[Ni]34(Br)([NH+](CCOC)CC5C=CC=CN=53)[NH+](CCO4C)CC=2C=1,EADC,200.0,Cc1ccccc1,303.15,5.0,1.0,1300000.0,58.0,37.0,5.0,69.0,54.0,Ni,"(N,N,N,N,O)"
C1C=CN2[Fe]3(Cl)(Cl)N4=C(C(C)=N3C3C(Br)=CC=CC=3)C=CC3C=CC=1C=2C=34,MMAO,500.0,Cc1ccccc1,293.15,1.0,0.5,993000.0,35.2,43.2,21.6,,,Fe,"(N,N,N)"
C1=CC(C)=N2[Fe]3(Cl)(Cl)N4C5C=CC=CC=5N(C(C)C)C=4C4C=CC5=CC=C1C2=C5N=43,MMAO,1000.0,Cc1ccccc1,293.15,30.0,0.33,606000.0,94.6,5.4,,85.1,,Fe,"(N,N,N)"
C1C=CN2[Co]3(Cl)(Cl)N4=C(C(C5C=CC=CC=5)=N3C3C(C(C)C)=CC=CC=3C(C)C)C=CC3C=CC=1C=2C=34,MAO,1000.0,Cc1ccccc1,293.15,1.0,0.5,96200.0,93.7,6.3,,,,Co,"(N,N,N)"
C1C=CC(C(OCC)=O)=N2[Ni](Br)(Br)N(C3C(Br)=CC=CC=3Br)=C(C)C=12,MAO,2000.0,Cc1ccccc1,288.15,1.0,0.5,55199.99999999999,80.5,5.37,,,,Ni,"(N,N)"
C1=CC2C=N3[Ni]4(N(=CC5C=CC=CC=5O4)CCCCCCCCNC(CCN(CCCCCCCCCCCC)CCC(=O)NCCCCCCCC3)=O)OC=2C=C1,DEAC,500.0,Clc1ccccc1,298.15,5.0,0.5,596000.0,84.43,6.21,6.8,,,Ni,"(N,N,O,O)"
C1C=CC(CC)=C(N2=C(C)C3N4[Ni]2(Br)(Br)N2C5C=CC=C(C)C=5NC=2C=4C=CC=3)C=1CC,DEAC,700.0,Cc1ccccc1,303.15,10.0,0.5,1400000.0,98.9,1.1,,,,Ni,"(N,N,N)"
C1C=CN2[Cr]3(Cl)(Cl)(Cl)N(C4C(CC)=CC=CC=4CC)=C(C4C=CC=CC=4)C4C=CC5C=CC=1C=2C=5N=43,MAO,2000.0,Cc1ccccc1,293.15,1.0,1.0,532000.0,24.9,55.1,20.0,,,Cr,"(N,N,N)"
C1C=CC2N3[Ni](Br)(Br)N(C4C(C)=CC=CC=4C)=C(C(C)(C)C)C=3C=CC=2C=1,MMAO,3500.0,Cc1ccccc1,303.15,5.0,0.5,1540000.0,9.0,73.1,,,,Ni,"(N,N)"
[P+](C1CCCCC1)(C1CCCCC1)(C1CCCCC1)[Ni](Cl)(Cl)[P+](C1CCCCC1)(C1CCCCC1)C1CCCCC1,MAO,400.0,Clc1ccccc1,303.15,10.0,0.5833333333333334,179520.0,70.0,26.0,4.0,,,Ni,"(P,P)"
C1C=C(C2C=CC=CC=2)N2[Ni]3(Cl)(Cl)N(C4C(CC)=CC=CC=4CC)=C(C4C=CC=CC=4)C4C=CC5C=CC=1C=2C=5N=43,DEAC,300.0,Cc1ccccc1,303.15,10.0,0.5,587000.0,100.0,0.0,,93.0,,Ni,"(N,N,N)"
C1C=CC=C(C2N3[Ni](Cl)(Cl)[P+](C4C=CC=CC=4)(C4C=CC=CC=4)CC=3C=CC=2)C=1,EADC,2.0,Cc1ccccc1,303.15,10.0,0.5833333333333334,1326765.0,82.0,18.0,1.0,9.0,,Ni,"(N,P)"
C1N=C2C3N=CC=CC=3/C(=N3/NC(=O[Ni]4/3(/N(=C3\C5C=CC=NC=5C5N=CC=CC\3=5)/NC(C3C=CC=CC=3)=O4)(Cl)Cl)C3C=CC=CC=3)/C2=CC=1,MAO,1000.0,Cc1ccccc1,323.15,1.0,0.17,129000.0,92.2,7.0,0.8,100.0,18.5,Ni,"(N,N,O,O)"
C1(=O[Fe]2(Cl)(Cl)N3C4C=CC=CC=4N(C)C=3C3C=CC=C1N=32)C,DEAC,200.0,Cc1ccccc1,293.15,20.0,0.5,258000.0,76.2,23.8,,,,Fe,"(N,N,O)"
C1=C2N([Ni]([P+](C2C)(C2=CC=CC=C2)C2=CC=CC=C2)(Cl)Cl)=CC=C1,EADC,2.0,Cc1ccccc1,303.15,10.0,0.5833333333333334,1293105.0,75.0,23.0,2.0,,,Ni,"(N,P)"
C1C=C(C2C=CC=CC=2)N2[Co]3(Cl)(Cl)N(C4C(CC)=CC=CC=4CC)=C(C4C=CC=CC=4)C4C=CC5C=CC=1C=2C=5N=43,MAO,500.0,Cc1ccccc1,293.15,1.0,0.5,642000.0,78.5,15.2,,96.7,,Co,"(N,N,N)"
C1(C(C)C)C=CC=C(C(C)C)C=1N1[Ni](Br)(Br)[P+](C(C)(C)C)(C(C)(C)C)OC=1C,MMAO,600.0,Cc1ccccc1,303.15,9.0,1.0,11220.0,66.0,34.0,0.0,93.06930693069307,,Ni,"(N,P)"
C1C(C)=CC(C)=C(N2=C(C)C3N4[Ni]2(Cl)(Cl)N2C5C=CC=C(C)C=5NC=2C=4C=CC=3)C=1C,DEAC,700.0,Cc1ccccc1,313.15,10.0,0.5,2300000.0,91.6,8.4,,,,Ni,"(N,N,N)"
C1C=CN2[Fe]3(Cl)(Cl)N4=C(C(C)=N3C3C(Br)=CC=CC=3)C=CC3C=CC=1C=2C=34,MMAO,1000.0,Cc1ccccc1,293.15,10.0,0.5,24700000.0,19.6,37.8,42.6,,,Fe,"(N,N,N)"
C1C(C)=CC(C(C2C=CC=CC=2)C2C=CC=CC=2)=C(N2=C(C)C3N4[Ni]2(Cl)(Cl)N(C2C(C)=CC=CC=2C)=C(C)C=4C=CC=3)C=1C(C1C=CC=CC=1)C1C=CC=CC=1,EASC,300.0,Cc1ccccc1,333.15,10.0,0.5,411000.00000000006,93.0,7.0,,83.5,,Ni,"(N,N,N)"
C1C=C(C2C=CC=CC=2)N2[Ni]3(Cl)(Cl)N(C4C(CC)=CC=CC=4CC)=C(C)C4C=CC5C=CC=1C=2C=5N=43,DEAC,300.0,Cc1ccccc1,293.15,1.0,0.5,329000.0,97.3,2.7,,15.9,,Ni,"(N,N,N)"
C12C=CC3C=CC=N4[Ni]5(Cl)(Cl)N6C7C=CC=CC=7NC=6C(=CC=1)N5=C2C=34,DEAC,300.0,Cc1ccccc1,293.15,30.0,0.3333333333333333,12690000.0,90.1,9.9,,72.6,,Ni,"(N,N,N)"
C1C=CC(C)=C(N2[Fe]3(Cl)(Cl)N(C4C=CC(F)=CC=4)=C(C)C4C=CC=C(N=43)C=2C)C=1,MMAO,1000.0,Cc1ccccc1,293.15,1.0,1.0,200000.0,40.8,,,,,Fe,"(N,N,N)"
C12C[P+](C3C=CC=CC=3)(C3C=CC=CC=3)[Ni](Br)(Br)N=1CCO2,EADC,2.0,Clc1ccccc1,300.65,12.0,0.5833333333333334,1239810.0,71.0,26.0,3.0,10.0,,Ni,"(N,P)"
CCCCCCCCCCCCN1CCC(=O)NCCCCN2[Fe]3(OC4C=CC=CC=4C=N3CCCCNC(=O)CC1)OC1=CC=CC=C1C=2,MAO,500.0,CC1CCCCC1,298.15,5.0,0.5,32300.0,62.66,11.4,18.8,,,Fe,"(N,N,O,O)"
C1(=O[Fe]2(Cl)(Cl)N3C4C=CC=CC=4N(C)C=3C3C=CC=C1N=32)C,DEAC,200.0,Cc1ccccc1,353.15,20.0,0.5,96000.0,47.7,52.3,,,,Fe,"(N,N,O)"
C12C(C)=N(C3C=CC=C(Cl)C=3)[Fe]3(Cl)(Cl)(Cl)N=1C(C(=N3C1C=C(Cl)C=CC=1)C)=CC=C2,MAO,2500.0,Cc1ccccc1,333.15,10.0,1.0,18622480.867346935,41.0,39.0,10.0,98.8,68.6,Fe,"(N,N,N)"
C1N=C2C3N=CC=CC=3/C(=N3/NC(=O[Ni]4/3(/N(=C3\C5C=CC=NC=5C5N=CC=CC\3=5)/NC(C3C=CC([N+]([O-])=O)=CC=3)=O4)(Cl)Cl)C3C=CC([N+]([O-])=O)=CC=3)/C2=CC=1,MAO,800.0,Cc1ccccc1,303.15,1.0,0.5,77900.0,92.5,7.5,0.0,100.0,29.8,Ni,"(N,N,O,O)"
N12CCCO([Ni](Cl)(Cl)N1=C(C(C)(C)C)C=C2)C1C=CC=CC=1,MAO,250.0,Cc1ccccc1,303.15,20.0,0.3333333333333333,659175.0,94.9,5.1,,85.0,30.0,Ni,"(N,O)"
C1(=O[Fe]2(Cl)(Cl)N3C4C=CC=CC=4N(C)C=3C3C=CC=C1N=32)C,DEAC,200.0,Cc1ccccc1,293.15,10.0,0.5,143000.0,73.4,26.6,,,,Fe,"(N,N,O)"
